#
# There is insufficient memory for the Java Runtime Environment to continue.
# Native memory allocation (malloc) failed to allocate 1309104 bytes for Chunk::new
# Possible reasons:
#   The system is out of physical RAM or swap space
#   The process is running with CompressedOops enabled, and the Java Heap may be blocking the growth of the native heap
# Possible solutions:
#   Reduce memory load on the system
#   Increase physical memory or swap space
#   Check if swap backing store is full
#   Decrease Java heap size (-Xmx/-Xms)
#   Decrease number of Java threads
#   Decrease Java thread stack sizes (-Xss)
#   Set larger code cache with -XX:ReservedCodeCacheSize=
#   JVM is running with Unscaled Compressed Oops mode in which the Java heap is
#     placed in the first 4GB address space. The Java Heap base address is the
#     maximum limit for the native heap growth. Please use -XX:HeapBaseMinAddress
#     to set the Java Heap base and to place the Java Heap above 4GB virtual address.
# This output file may be truncated or incomplete.
#
#  Out of Memory Error (arena.cpp:168), pid=5784, tid=21284
#
# JRE version: Java(TM) SE Runtime Environment (21.0.11+9) (build 21.0.11+9-LTS-211)
# Java VM: Java HotSpot(TM) 64-Bit Server VM (21.0.11+9-LTS-211, mixed mode, sharing, tiered, compressed oops, compressed class ptrs, g1 gc, windows-amd64)
# No core dump will be written. Minidumps are not enabled by default on client versions of Windows
#

---------------  S U M M A R Y ------------

Command Line: --add-opens=java.base/java.lang=ALL-UNNAMED --add-opens=java.base/java.lang.invoke=ALL-UNNAMED --add-opens=java.base/java.util=ALL-UNNAMED --add-opens=java.prefs/java.util.prefs=ALL-UNNAMED --add-exports=jdk.compiler/com.sun.tools.javac.api=ALL-UNNAMED --add-exports=jdk.compiler/com.sun.tools.javac.util=ALL-UNNAMED --add-opens=java.base/java.util=ALL-UNNAMED --add-opens=java.prefs/java.util.prefs=ALL-UNNAMED --add-opens=java.base/java.nio.charset=ALL-UNNAMED --add-opens=java.base/java.net=ALL-UNNAMED --add-opens=java.base/java.util.concurrent=ALL-UNNAMED --add-opens=java.base/java.util.concurrent.atomic=ALL-UNNAMED --add-opens=java.xml/javax.xml.namespace=ALL-UNNAMED --add-opens=java.base/java.time=ALL-UNNAMED -XX:MaxMetaspaceSize=2G -XX:ReservedCodeCacheSize=512m -XX:+HeapDumpOnOutOfMemoryError -Xmx1G -Dfile.encoding=UTF-8 -Duser.country=FR -Duser.language=fr -Duser.variant -javaagent:C:\Users\berro\.gradle\wrapper\dists\gradle-9.1.0-all\7wzd0jkjit61aq2p43wpjgij9\gradle-9.1.0\lib\agents\gradle-instrumentation-agent-9.1.0.jar org.gradle.launcher.daemon.bootstrap.GradleDaemon 9.1.0

Host: 13th Gen Intel(R) Core(TM) i5-13400, 16 cores, 15G,  Windows 11 , 64 bit Build 26100 (10.0.26100.9168)
Time: Wed Aug 19 15:06:49 2026 Afr. centrale Ouest elapsed time: 329.381945 seconds (0d 0h 5m 29s)

---------------  T H R E A D  ---------------

Current thread (0x0000020df510ce40):  JavaThread "C2 CompilerThread0" daemon [_thread_in_native, id=21284, stack(0x0000006a55f00000,0x0000006a56000000) (1024K)]


Current CompileTask:
C2: 329382 57340   !   4       org.gradle.api.internal.plugins.DefaultPluginRegistry$1::load (163 bytes)

Stack: [0x0000006a55f00000,0x0000006a56000000]
Native frames: (J=compiled Java code, j=interpreted, Vv=VM code, C=native code)
V  [jvm.dll+0x6d0ef9]
V  [jvm.dll+0x860126]
V  [jvm.dll+0x86261e]
V  [jvm.dll+0x862cf3]
V  [jvm.dll+0x282bc6]
V  [jvm.dll+0xc67ad]
V  [jvm.dll+0xc6cf1]
V  [jvm.dll+0x3bbeab]
V  [jvm.dll+0x1e3862]
V  [jvm.dll+0x24b673]
V  [jvm.dll+0x24aaff]
V  [jvm.dll+0x1cae7e]
V  [jvm.dll+0x25a7d9]
V  [jvm.dll+0x258d65]
V  [jvm.dll+0x3f50d1]
V  [jvm.dll+0x80ac0d]
V  [jvm.dll+0x6cf79d]
C  [ucrtbase.dll+0x2cd30]
C  [KERNEL32.DLL+0x2ccb7]
C  [ntdll.dll+0xaad6c]


---------------  P R O C E S S  ---------------

Threads class SMR info:
_java_thread_list=0x0000020e068a5970, length=253, elements={
0x0000020de5ac3100, 0x0000020df50fa840, 0x0000020df50fbe10, 0x0000020df50fdc50,
0x0000020df50fea40, 0x0000020df51012a0, 0x0000020df510a8a0, 0x0000020df510ce40,
0x0000020df510e880, 0x0000020df537c580, 0x0000020df54d9130, 0x0000020dfb059ff0,
0x0000020dfb246b60, 0x0000020dfb21f050, 0x0000020dfb1ae740, 0x0000020dfb1afaf0,
0x0000020dfb1aedd0, 0x0000020dfe24bd40, 0x0000020dfe24de10, 0x0000020dfe24e4a0,
0x0000020dfce096f0, 0x0000020dfe746ee0, 0x0000020dfe744e10, 0x0000020dfc67d700,
0x0000020e08c4e110, 0x0000020e08c4ee30, 0x0000020e08c50870, 0x0000020e08c4d3f0,
0x0000020dfc66fe70, 0x0000020dfc670500, 0x0000020dfc678840, 0x0000020dfc675a50,
0x0000020dfc676e00, 0x0000020dfc6760e0, 0x0000020dfc679bf0, 0x0000020dfc676770,
0x0000020dfc67c9e0, 0x0000020dfc67d070, 0x0000020dfc67a280, 0x0000020dfc67c350,
0x0000020dfc67afa0, 0x0000020dfc67a910, 0x0000020dfc67dd90, 0x0000020dfc67e420,
0x0000020e06491f80, 0x0000020e117cca20, 0x0000020e0648aff0, 0x0000020e06489c40,
0x0000020e0648bd10, 0x0000020e119364b0, 0x0000020e119371d0, 0x0000020e10ff0090,
0x0000020e0f25b290, 0x0000020e11deb850, 0x0000020e11deab30, 0x0000020e11ded920,
0x0000020e11dec570, 0x0000020dfe38f5b0, 0x0000020dfe38fc40, 0x0000020dfe38ef20,
0x0000020e0718cab0, 0x0000020e11ac3a90, 0x0000020e0617fdb0, 0x0000020e086bd810,
0x0000020dfe4c85c0, 0x0000020e0a1222e0, 0x0000020e11debee0, 0x0000020e11ded290,
0x0000020de3328b90, 0x0000020de3327e70, 0x0000020de3329220, 0x0000020de33298b0,
0x0000020e11dea4a0, 0x0000020e11deb1c0, 0x0000020e1108aba0, 0x0000020e1108c5e0,
0x0000020e1108b230, 0x0000020e086fb940, 0x0000020e086fb270, 0x0000020e1108bf50,
0x0000020e1108a510, 0x0000020e11089160, 0x0000020e110897f0, 0x0000020e1108b8c0,
0x0000020e11089e80, 0x0000020e128f7720, 0x0000020e128f7db0, 0x0000020e128f8440,
0x0000020e128f97f0, 0x0000020e128f9e80, 0x0000020e128f8ad0, 0x0000020e128f6a00,
0x0000020e128f9160, 0x0000020e128f7090, 0x0000020de397c470, 0x0000020de397d190,
0x0000020de397d820, 0x0000020de397b750, 0x0000020de397bde0, 0x0000020de397aa30,
0x0000020e061d59a0, 0x0000020e061d7a70, 0x0000020e061d6d50, 0x0000020dfdbd9ea0,
0x0000020dfdbd9810, 0x0000020dfdbda530, 0x0000020dfdbd70b0, 0x0000020dfdbd7740,
0x0000020dfdbd7dd0, 0x0000020dfdbd8460, 0x0000020de3171510, 0x0000020e0718f210,
0x0000020e0718d140, 0x0000020e0718d7d0, 0x0000020e0718de60, 0x0000020e0718e4f0,
0x0000020e0718eb80, 0x0000020e0718f8a0, 0x0000020e0718c420, 0x0000020e09bbb440,
0x0000020e09bba720, 0x0000020e09bbc160, 0x0000020e09bba090, 0x0000020e11ac47b0,
0x0000020e11ac4e40, 0x0000020e11ac2d70, 0x0000020de31784a0, 0x0000020de3175d40,
0x0000020de3177780, 0x0000020de3177e10, 0x0000020de3176a60, 0x0000020de31763d0,
0x0000020de31770f0, 0x0000020de3175020, 0x0000020de31791c0, 0x0000020de317ac00,
0x0000020de3178b30, 0x0000020de317d360, 0x0000020de317c640, 0x0000020de317a570,
0x0000020de317ccd0, 0x0000020de317e710, 0x0000020e061d8100, 0x0000020e061d66c0,
0x0000020e061d8790, 0x0000020e061d8e20, 0x0000020e061d6030, 0x0000020df59ca9e0,
0x0000020df59c9630, 0x0000020df59ca350, 0x0000020df59cb070, 0x0000020df59c9cc0,
0x0000020df59cb700, 0x0000020df59cbd90, 0x0000020dfe1080f0, 0x0000020dfe108780,
0x0000020e086fc6e0, 0x0000020de317b920, 0x0000020de317b290, 0x0000020e086fcdb0,
0x0000020e0f4d2de0, 0x0000020e0f4d4eb0, 0x0000020e0f4d20c0, 0x0000020e0f4d4820,
0x0000020e0f4d3470, 0x0000020e0f4d5540, 0x0000020e104dcc70, 0x0000020e104de020,
0x0000020e104e00f0, 0x0000020e104de6b0, 0x0000020e104dfa60, 0x0000020e125f2310,
0x0000020e125f1c80, 0x0000020e125f15f0, 0x0000020e07e57d30, 0x0000020e07e5b1b0,
0x0000020e07e583c0, 0x0000020e07e58a50, 0x0000020e07e590e0, 0x0000020e07e5a490,
0x0000020e07e59e00, 0x0000020e0a123000, 0x0000020e09cc21f0, 0x0000020e09cc2880,
0x0000020e09cc2f10, 0x0000020e09cc1b60, 0x0000020e09cc0120, 0x0000020e09cc07b0,
0x0000020e09cbfa90, 0x0000020e09cc14d0, 0x0000020e061c06d0, 0x0000020e061c13f0,
0x0000020e11ac4120, 0x0000020e11ac54d0, 0x0000020e11ac5b60, 0x0000020e11ac61f0,
0x0000020e11ac3400, 0x0000020e086bdea0, 0x0000020e086bf250, 0x0000020e086be530,
0x0000020e086bcaf0, 0x0000020e086bc460, 0x0000020e086bf8e0, 0x0000020e060c2d50,
0x0000020e060c3a70, 0x0000020e060c0c80, 0x0000020e060c26c0, 0x0000020e060c1310,
0x0000020e060c05f0, 0x0000020e060c33e0, 0x0000020e060c19a0, 0x0000020e060c2030,
0x0000020e086bd180, 0x0000020e12d20480, 0x0000020e12d21ec0, 0x0000020e12d20b10,
0x0000020e12d21830, 0x0000020e12d1f760, 0x0000020e12d1f0d0, 0x0000020e12d22550,
0x0000020e12d211a0, 0x0000020e12d1fdf0, 0x0000020e083507a0, 0x0000020e07e59770,
0x0000020e07e5ab20, 0x0000020e113c6410, 0x0000020e113c4340, 0x0000020e113c7130,
0x0000020e113c49d0, 0x0000020e113c5060, 0x0000020e09bbc7f0, 0x0000020e09bbbad0,
0x0000020e09bbce80, 0x0000020e09bbd510, 0x0000020e09bbadb0, 0x0000020e09e8deb0,
0x0000020e09e8f8f0, 0x0000020e09e8e540, 0x0000020e09e90610, 0x0000020e09e90ca0,
0x0000020e09e8d820, 0x0000020e09e8ff80, 0x0000020e09e8ebd0, 0x0000020e09e8f260,
0x0000020e14bb5d10, 0x0000020e14bb4ff0, 0x0000020e14bb63a0, 0x0000020e14bb8470,
0x0000020e14bb70c0, 0x0000020e14bb7750, 0x0000020e14bb7de0, 0x0000020e14bb5680,
0x0000020e14bb6a30
}

Java Threads: ( => current thread )
  0x0000020de5ac3100 JavaThread "main"                              [_thread_blocked, id=25904, stack(0x0000006a55100000,0x0000006a55200000) (1024K)]
  0x0000020df50fa840 JavaThread "Reference Handler"          daemon [_thread_blocked, id=16600, stack(0x0000006a55900000,0x0000006a55a00000) (1024K)]
  0x0000020df50fbe10 JavaThread "Finalizer"                  daemon [_thread_blocked, id=28432, stack(0x0000006a55a00000,0x0000006a55b00000) (1024K)]
  0x0000020df50fdc50 JavaThread "Signal Dispatcher"          daemon [_thread_blocked, id=12772, stack(0x0000006a55b00000,0x0000006a55c00000) (1024K)]
  0x0000020df50fea40 JavaThread "Attach Listener"            daemon [_thread_blocked, id=5552, stack(0x0000006a55c00000,0x0000006a55d00000) (1024K)]
  0x0000020df51012a0 JavaThread "Service Thread"             daemon [_thread_blocked, id=26840, stack(0x0000006a55d00000,0x0000006a55e00000) (1024K)]
  0x0000020df510a8a0 JavaThread "Monitor Deflation Thread"   daemon [_thread_blocked, id=8128, stack(0x0000006a55e00000,0x0000006a55f00000) (1024K)]
=>0x0000020df510ce40 JavaThread "C2 CompilerThread0"         daemon [_thread_in_native, id=21284, stack(0x0000006a55f00000,0x0000006a56000000) (1024K)]
  0x0000020df510e880 JavaThread "C1 CompilerThread0"         daemon [_thread_blocked, id=15932, stack(0x0000006a56000000,0x0000006a56100000) (1024K)]
  0x0000020df537c580 JavaThread "Common-Cleaner"             daemon [_thread_blocked, id=20608, stack(0x0000006a56400000,0x0000006a56500000) (1024K)]
  0x0000020df54d9130 JavaThread "Notification Thread"        daemon [_thread_blocked, id=15200, stack(0x0000006a56500000,0x0000006a56600000) (1024K)]
  0x0000020dfb059ff0 JavaThread "Daemon health stats"               [_thread_blocked, id=24672, stack(0x0000006a56f00000,0x0000006a57000000) (1024K)]
  0x0000020dfb246b60 JavaThread "Incoming local TCP Connector on port 51243"        [_thread_in_native, id=28060, stack(0x0000006a57500000,0x0000006a57600000) (1024K)]
  0x0000020dfb21f050 JavaThread "Daemon periodic checks"            [_thread_blocked, id=26480, stack(0x0000006a57600000,0x0000006a57700000) (1024K)]
  0x0000020dfb1ae740 JavaThread "Cache worker for journal cache (C:\Users\berro\.gradle\caches\journal-1)"        [_thread_blocked, id=16996, stack(0x0000006a57e00000,0x0000006a57f00000) (1024K)]
  0x0000020dfb1afaf0 JavaThread "File lock request listener"        [_thread_in_native, id=24736, stack(0x0000006a57f00000,0x0000006a58000000) (1024K)]
  0x0000020dfb1aedd0 JavaThread "Cache worker for file hash cache (C:\Users\berro\.gradle\caches\9.1.0\fileHashes)"        [_thread_blocked, id=22420, stack(0x0000006a58000000,0x0000006a58100000) (1024K)]
  0x0000020dfe24bd40 JavaThread "File watcher server"        daemon [_thread_in_native, id=2732, stack(0x0000006a58700000,0x0000006a58800000) (1024K)]
  0x0000020dfe24de10 JavaThread "File watcher consumer"      daemon [_thread_blocked, id=29472, stack(0x0000006a58800000,0x0000006a58900000) (1024K)]
  0x0000020dfe24e4a0 JavaThread "Cache worker for file content cache (C:\Users\berro\.gradle\caches\9.1.0\fileContent)"        [_thread_blocked, id=15716, stack(0x0000006a58a00000,0x0000006a58b00000) (1024K)]
  0x0000020dfce096f0 JavaThread "Memory manager"                    [_thread_blocked, id=12224, stack(0x0000006a5bb00000,0x0000006a5bc00000) (1024K)]
  0x0000020dfe746ee0 JavaThread "jar transforms"                    [_thread_blocked, id=26136, stack(0x0000006a64300000,0x0000006a64400000) (1024K)]
  0x0000020dfe744e10 JavaThread "jar transforms Thread 2"           [_thread_blocked, id=15940, stack(0x0000006a64400000,0x0000006a64500000) (1024K)]
  0x0000020dfc67d700 JavaThread "Cache worker for Java compile cache (C:\Users\berro\.gradle\caches\9.1.0\javaCompile)"        [_thread_blocked, id=12092, stack(0x0000006a66000000,0x0000006a66100000) (1024K)]
  0x0000020e08c4e110 JavaThread "RMI Scheduler(0)"           daemon [_thread_blocked, id=26400, stack(0x0000006a67100000,0x0000006a67200000) (1024K)]
  0x0000020e08c4ee30 JavaThread "RMI GC Daemon"              daemon [_thread_blocked, id=22940, stack(0x0000006a67300000,0x0000006a67400000) (1024K)]
  0x0000020e08c50870 JavaThread "RMI TCP Accept-0"           daemon [_thread_in_native, id=16472, stack(0x0000006a67500000,0x0000006a67600000) (1024K)]
  0x0000020e08c4d3f0 JavaThread "RMI Reaper"                        [_thread_blocked, id=16488, stack(0x0000006a67600000,0x0000006a67700000) (1024K)]
  0x0000020dfc66fe70 JavaThread "Daemon Thread 2"                   [_thread_blocked, id=26824, stack(0x0000006a54f00000,0x0000006a55000000) (1024K)]
  0x0000020dfc670500 JavaThread "Daemon worker Thread 2"            [_thread_blocked, id=12828, stack(0x0000006a56200000,0x0000006a56300000) (1024K)]
  0x0000020dfc678840 JavaThread "jar transforms Thread 3"           [_thread_blocked, id=22816, stack(0x0000006a57700000,0x0000006a57800000) (1024K)]
  0x0000020dfc675a50 JavaThread "jar transforms Thread 4"           [_thread_blocked, id=27704, stack(0x0000006a57800000,0x0000006a57900000) (1024K)]
  0x0000020dfc676e00 JavaThread "jar transforms Thread 5"           [_thread_blocked, id=29296, stack(0x0000006a57900000,0x0000006a57a00000) (1024K)]
  0x0000020dfc6760e0 JavaThread "jar transforms Thread 6"           [_thread_blocked, id=12444, stack(0x0000006a58500000,0x0000006a58600000) (1024K)]
  0x0000020dfc679bf0 JavaThread "jar transforms Thread 7"           [_thread_blocked, id=28812, stack(0x0000006a58600000,0x0000006a58700000) (1024K)]
  0x0000020dfc676770 JavaThread "jar transforms Thread 8"           [_thread_blocked, id=28360, stack(0x0000006a58900000,0x0000006a58a00000) (1024K)]
  0x0000020dfc67c9e0 JavaThread "jar transforms Thread 9"           [_thread_blocked, id=28088, stack(0x0000006a58b00000,0x0000006a58c00000) (1024K)]
  0x0000020dfc67d070 JavaThread "jar transforms Thread 10"          [_thread_blocked, id=24704, stack(0x0000006a58c00000,0x0000006a58d00000) (1024K)]
  0x0000020dfc67a280 JavaThread "jar transforms Thread 11"          [_thread_blocked, id=12440, stack(0x0000006a58d00000,0x0000006a58e00000) (1024K)]
  0x0000020dfc67c350 JavaThread "jar transforms Thread 12"          [_thread_blocked, id=9000, stack(0x0000006a58e00000,0x0000006a58f00000) (1024K)]
  0x0000020dfc67afa0 JavaThread "jar transforms Thread 13"          [_thread_blocked, id=28280, stack(0x0000006a58f00000,0x0000006a59000000) (1024K)]
  0x0000020dfc67a910 JavaThread "jar transforms Thread 14"          [_thread_blocked, id=26464, stack(0x0000006a59000000,0x0000006a59100000) (1024K)]
  0x0000020dfc67dd90 JavaThread "jar transforms Thread 15"          [_thread_blocked, id=11564, stack(0x0000006a59100000,0x0000006a59200000) (1024K)]
  0x0000020dfc67e420 JavaThread "jar transforms Thread 16"          [_thread_blocked, id=8084, stack(0x0000006a59200000,0x0000006a59300000) (1024K)]
  0x0000020e06491f80 JavaThread "File lock release action executor Thread 11"        [_thread_blocked, id=22276, stack(0x0000006a56700000,0x0000006a56800000) (1024K)]
  0x0000020e117cca20 JavaThread "included builds"                   [_thread_blocked, id=17892, stack(0x0000006a5bf00000,0x0000006a5c000000) (1024K)]
  0x0000020e0648aff0 JavaThread "Exec process Thread 4"             [_thread_blocked, id=5080, stack(0x0000006a65f00000,0x0000006a66000000) (1024K)]
  0x0000020e06489c40 JavaThread "Exec process Thread 5"             [_thread_blocked, id=16820, stack(0x0000006a66100000,0x0000006a66200000) (1024K)]
  0x0000020e0648bd10 JavaThread "Exec process Thread 6"             [_thread_blocked, id=4172, stack(0x0000006a66200000,0x0000006a66300000) (1024K)]
  0x0000020e119364b0 JavaThread "RMI TCP Connection(idle)"   daemon [_thread_blocked, id=25548, stack(0x0000006a68c00000,0x0000006a68d00000) (1024K)]
  0x0000020e119371d0 JavaThread "RMI TCP Connection(idle)"   daemon [_thread_blocked, id=8904, stack(0x0000006a67200000,0x0000006a67300000) (1024K)]
  0x0000020e10ff0090 JavaThread "VFS cleanup Thread 3"              [_thread_blocked, id=29672, stack(0x0000006a55000000,0x0000006a55100000) (1024K)]
  0x0000020e0f25b290 JavaThread "included builds"                   [_thread_blocked, id=17876, stack(0x0000006a5a700000,0x0000006a5a800000) (1024K)]
  0x0000020e11deb850 JavaThread "File lock release action executor Thread 12"        [_thread_blocked, id=22696, stack(0x0000006a56100000,0x0000006a56200000) (1024K)]
  0x0000020e11deab30 JavaThread "File lock release action executor Thread 13"        [_thread_blocked, id=9280, stack(0x0000006a56300000,0x0000006a56400000) (1024K)]
  0x0000020e11ded920 JavaThread "File lock release action executor Thread 14"        [_thread_blocked, id=24152, stack(0x0000006a56800000,0x0000006a56900000) (1024K)]
  0x0000020e11dec570 JavaThread "File lock release action executor Thread 15"        [_thread_blocked, id=2416, stack(0x0000006a56e00000,0x0000006a56f00000) (1024K)]
  0x0000020dfe38f5b0 JavaThread "File lock release action executor Thread 16"        [_thread_blocked, id=16212, stack(0x0000006a57a00000,0x0000006a57b00000) (1024K)]
  0x0000020dfe38fc40 JavaThread "File lock release action executor Thread 17"        [_thread_blocked, id=28540, stack(0x0000006a57b00000,0x0000006a57c00000) (1024K)]
  0x0000020dfe38ef20 JavaThread "File lock release action executor Thread 18"        [_thread_blocked, id=15784, stack(0x0000006a57c00000,0x0000006a57d00000) (1024K)]
  0x0000020e0718cab0 JavaThread "File lock release action executor Thread 19"        [_thread_blocked, id=26580, stack(0x0000006a57d00000,0x0000006a57e00000) (1024K)]
  0x0000020e11ac3a90 JavaThread "included builds"                   [_thread_blocked, id=25808, stack(0x0000006a5c000000,0x0000006a5c100000) (1024K)]
  0x0000020e0617fdb0 JavaThread "included builds"                   [_thread_blocked, id=20144, stack(0x0000006a5c100000,0x0000006a5c200000) (1024K)]
  0x0000020e086bd810 JavaThread "File lock release action executor Thread 20"        [_thread_blocked, id=28032, stack(0x0000006a59800000,0x0000006a59900000) (1024K)]
  0x0000020dfe4c85c0 JavaThread "C1 CompilerThread1"         daemon [_thread_blocked, id=19756, stack(0x0000006a5c300000,0x0000006a5c400000) (1024K)]
  0x0000020e0a1222e0 JavaThread "included builds"                   [_thread_blocked, id=27068, stack(0x0000006a5c400000,0x0000006a5c500000) (1024K)]
  0x0000020e11debee0 JavaThread "Handler for socket connection from /127.0.0.1:51243 to /127.0.0.1:58161"        [_thread_in_native, id=27332, stack(0x0000006a59300000,0x0000006a59400000) (1024K)]
  0x0000020e11ded290 JavaThread "Cancel handler"                    [_thread_blocked, id=14144, stack(0x0000006a59400000,0x0000006a59500000) (1024K)]
  0x0000020de3328b90 JavaThread "Asynchronous log dispatcher for DefaultDaemonConnection: socket connection from /127.0.0.1:51243 to /127.0.0.1:58161"        [_thread_blocked, id=2828, stack(0x0000006a59500000,0x0000006a59600000) (1024K)]
  0x0000020de3327e70 JavaThread "Stdin handler"                     [_thread_blocked, id=11848, stack(0x0000006a59600000,0x0000006a59700000) (1024K)]
  0x0000020de3329220 JavaThread "Daemon client event forwarder"        [_thread_blocked, id=25644, stack(0x0000006a59700000,0x0000006a59800000) (1024K)]
  0x0000020de33298b0 JavaThread "Cache worker for file hash cache (C:\Users\berro\Desktop\SmartLab\smartlaboratory\android\.gradle\9.1.0\fileHashes)"        [_thread_blocked, id=17392, stack(0x0000006a59900000,0x0000006a59a00000) (1024K)]
  0x0000020e11dea4a0 JavaThread "Cache worker for Build Output Cleanup Cache (C:\Users\berro\Desktop\SmartLab\smartlaboratory\android\.gradle\buildOutputCleanup)"        [_thread_blocked, id=488, stack(0x0000006a59a00000,0x0000006a59b00000) (1024K)]
  0x0000020e11deb1c0 JavaThread "Cache worker for checksums cache (C:\Users\berro\Desktop\SmartLab\smartlaboratory\android\.gradle\9.1.0\checksums)"        [_thread_blocked, id=9956, stack(0x0000006a59b00000,0x0000006a59c00000) (1024K)]
  0x0000020e1108aba0 JavaThread "Cache worker for cache directory md-supplier (C:\Users\berro\.gradle\caches\9.1.0\md-supplier)"        [_thread_blocked, id=7504, stack(0x0000006a59c00000,0x0000006a59d00000) (1024K)]
  0x0000020e1108c5e0 JavaThread "Cache worker for cache directory md-rule (C:\Users\berro\.gradle\caches\9.1.0\md-rule)"        [_thread_blocked, id=9508, stack(0x0000006a59d00000,0x0000006a59e00000) (1024K)]
  0x0000020e1108b230 JavaThread "Cache worker for Build Output Cleanup Cache (C:\flutter\packages\flutter_tools\gradle\.gradle\buildOutputCleanup)"        [_thread_blocked, id=12076, stack(0x0000006a59e00000,0x0000006a59f00000) (1024K)]
  0x0000020e086fb940 JavaThread "C1 CompilerThread2"         daemon [_thread_blocked, id=5976, stack(0x0000006a59f00000,0x0000006a5a000000) (1024K)]
  0x0000020e086fb270 JavaThread "C1 CompilerThread3"         daemon [_thread_blocked, id=2196, stack(0x0000006a5a000000,0x0000006a5a100000) (1024K)]
  0x0000020e1108bf50 JavaThread "Unconstrained build operations"        [_thread_blocked, id=29524, stack(0x0000006a5a100000,0x0000006a5a200000) (1024K)]
  0x0000020e1108a510 JavaThread "Unconstrained build operations Thread 2"        [_thread_blocked, id=28716, stack(0x0000006a5a200000,0x0000006a5a300000) (1024K)]
  0x0000020e11089160 JavaThread "Unconstrained build operations Thread 3"        [_thread_blocked, id=6084, stack(0x0000006a5a300000,0x0000006a5a400000) (1024K)]
  0x0000020e110897f0 JavaThread "Unconstrained build operations Thread 4"        [_thread_blocked, id=18188, stack(0x0000006a5a400000,0x0000006a5a500000) (1024K)]
  0x0000020e1108b8c0 JavaThread "Unconstrained build operations Thread 5"        [_thread_blocked, id=24136, stack(0x0000006a5a500000,0x0000006a5a600000) (1024K)]
  0x0000020e11089e80 JavaThread "Unconstrained build operations Thread 6"        [_thread_blocked, id=4824, stack(0x0000006a5a600000,0x0000006a5a700000) (1024K)]
  0x0000020e128f7720 JavaThread "Unconstrained build operations Thread 7"        [_thread_blocked, id=16268, stack(0x0000006a5a800000,0x0000006a5a900000) (1024K)]
  0x0000020e128f7db0 JavaThread "Unconstrained build operations Thread 8"        [_thread_blocked, id=8124, stack(0x0000006a5a900000,0x0000006a5aa00000) (1024K)]
  0x0000020e128f8440 JavaThread "Unconstrained build operations Thread 9"        [_thread_blocked, id=22136, stack(0x0000006a5aa00000,0x0000006a5ab00000) (1024K)]
  0x0000020e128f97f0 JavaThread "Unconstrained build operations Thread 10"        [_thread_blocked, id=8336, stack(0x0000006a5ab00000,0x0000006a5ac00000) (1024K)]
  0x0000020e128f9e80 JavaThread "Unconstrained build operations Thread 11"        [_thread_blocked, id=23048, stack(0x0000006a5ac00000,0x0000006a5ad00000) (1024K)]
  0x0000020e128f8ad0 JavaThread "Unconstrained build operations Thread 12"        [_thread_blocked, id=1704, stack(0x0000006a5ad00000,0x0000006a5ae00000) (1024K)]
  0x0000020e128f6a00 JavaThread "Unconstrained build operations Thread 13"        [_thread_blocked, id=23480, stack(0x0000006a5ae00000,0x0000006a5af00000) (1024K)]
  0x0000020e128f9160 JavaThread "Unconstrained build operations Thread 14"        [_thread_blocked, id=18324, stack(0x0000006a5af00000,0x0000006a5b000000) (1024K)]
  0x0000020e128f7090 JavaThread "Unconstrained build operations Thread 15"        [_thread_blocked, id=17692, stack(0x0000006a5b000000,0x0000006a5b100000) (1024K)]
  0x0000020de397c470 JavaThread "Unconstrained build operations Thread 16"        [_thread_blocked, id=25072, stack(0x0000006a5b100000,0x0000006a5b200000) (1024K)]
  0x0000020de397d190 JavaThread "Unconstrained build operations Thread 17"        [_thread_blocked, id=23168, stack(0x0000006a5b200000,0x0000006a5b300000) (1024K)]
  0x0000020de397d820 JavaThread "Unconstrained build operations Thread 18"        [_thread_blocked, id=26080, stack(0x0000006a5b300000,0x0000006a5b400000) (1024K)]
  0x0000020de397b750 JavaThread "Unconstrained build operations Thread 19"        [_thread_blocked, id=27508, stack(0x0000006a5b400000,0x0000006a5b500000) (1024K)]
  0x0000020de397bde0 JavaThread "Unconstrained build operations Thread 20"        [_thread_blocked, id=23128, stack(0x0000006a5b500000,0x0000006a5b600000) (1024K)]
  0x0000020de397aa30 JavaThread "Unconstrained build operations Thread 21"        [_thread_blocked, id=6400, stack(0x0000006a5b600000,0x0000006a5b700000) (1024K)]
  0x0000020e061d59a0 JavaThread "Unconstrained build operations Thread 22"        [_thread_blocked, id=4660, stack(0x0000006a5b700000,0x0000006a5b800000) (1024K)]
  0x0000020e061d7a70 JavaThread "Unconstrained build operations Thread 23"        [_thread_blocked, id=27452, stack(0x0000006a5b800000,0x0000006a5b900000) (1024K)]
  0x0000020e061d6d50 JavaThread "Unconstrained build operations Thread 24"        [_thread_blocked, id=7464, stack(0x0000006a5b900000,0x0000006a5ba00000) (1024K)]
  0x0000020dfdbd9ea0 JavaThread "Unconstrained build operations Thread 25"        [_thread_blocked, id=26336, stack(0x0000006a5ba00000,0x0000006a5bb00000) (1024K)]
  0x0000020dfdbd9810 JavaThread "Unconstrained build operations Thread 26"        [_thread_blocked, id=27492, stack(0x0000006a5bc00000,0x0000006a5bd00000) (1024K)]
  0x0000020dfdbda530 JavaThread "Unconstrained build operations Thread 27"        [_thread_blocked, id=15960, stack(0x0000006a5bd00000,0x0000006a5be00000) (1024K)]
  0x0000020dfdbd70b0 JavaThread "Unconstrained build operations Thread 28"        [_thread_blocked, id=26472, stack(0x0000006a5be00000,0x0000006a5bf00000) (1024K)]
  0x0000020dfdbd7740 JavaThread "Unconstrained build operations Thread 29"        [_thread_blocked, id=22680, stack(0x0000006a5c200000,0x0000006a5c300000) (1024K)]
  0x0000020dfdbd7dd0 JavaThread "Unconstrained build operations Thread 30"        [_thread_blocked, id=17092, stack(0x0000006a5c500000,0x0000006a5c600000) (1024K)]
  0x0000020dfdbd8460 JavaThread "build event listener"              [_thread_blocked, id=29528, stack(0x0000006a5c600000,0x0000006a5c700000) (1024K)]
  0x0000020de3171510 JavaThread "included builds"                   [_thread_blocked, id=25184, stack(0x0000006a5c700000,0x0000006a5c800000) (1024K)]
  0x0000020e0718f210 JavaThread "Execution worker"                  [_thread_blocked, id=26228, stack(0x0000006a5c800000,0x0000006a5c900000) (1024K)]
  0x0000020e0718d140 JavaThread "Execution worker Thread 2"         [_thread_blocked, id=2448, stack(0x0000006a5c900000,0x0000006a5ca00000) (1024K)]
  0x0000020e0718d7d0 JavaThread "Execution worker Thread 3"         [_thread_blocked, id=1796, stack(0x0000006a5ca00000,0x0000006a5cb00000) (1024K)]
  0x0000020e0718de60 JavaThread "Execution worker Thread 4"         [_thread_blocked, id=7956, stack(0x0000006a5cb00000,0x0000006a5cc00000) (1024K)]
  0x0000020e0718e4f0 JavaThread "Execution worker Thread 5"         [_thread_blocked, id=29304, stack(0x0000006a5cc00000,0x0000006a5cd00000) (1024K)]
  0x0000020e0718eb80 JavaThread "Execution worker Thread 6"         [_thread_blocked, id=5512, stack(0x0000006a5cd00000,0x0000006a5ce00000) (1024K)]
  0x0000020e0718f8a0 JavaThread "Execution worker Thread 7"         [_thread_blocked, id=23112, stack(0x0000006a5ce00000,0x0000006a5cf00000) (1024K)]
  0x0000020e0718c420 JavaThread "Execution worker Thread 8"         [_thread_blocked, id=27652, stack(0x0000006a5cf00000,0x0000006a5d000000) (1024K)]
  0x0000020e09bbb440 JavaThread "Execution worker Thread 9"         [_thread_blocked, id=4484, stack(0x0000006a5d000000,0x0000006a5d100000) (1024K)]
  0x0000020e09bba720 JavaThread "Execution worker Thread 10"        [_thread_blocked, id=23204, stack(0x0000006a5d100000,0x0000006a5d200000) (1024K)]
  0x0000020e09bbc160 JavaThread "Execution worker Thread 11"        [_thread_blocked, id=11680, stack(0x0000006a5d200000,0x0000006a5d300000) (1024K)]
  0x0000020e09bba090 JavaThread "Execution worker Thread 12"        [_thread_blocked, id=27776, stack(0x0000006a5d300000,0x0000006a5d400000) (1024K)]
  0x0000020e11ac47b0 JavaThread "Execution worker Thread 13"        [_thread_blocked, id=2392, stack(0x0000006a5d400000,0x0000006a5d500000) (1024K)]
  0x0000020e11ac4e40 JavaThread "Execution worker Thread 14"        [_thread_blocked, id=15420, stack(0x0000006a5d500000,0x0000006a5d600000) (1024K)]
  0x0000020e11ac2d70 JavaThread "Execution worker Thread 15"        [_thread_blocked, id=456, stack(0x0000006a5d600000,0x0000006a5d700000) (1024K)]
  0x0000020de31784a0 JavaThread "Cache worker for execution history cache (C:\flutter\packages\flutter_tools\gradle\.gradle\9.1.0\executionHistory)"        [_thread_blocked, id=13428, stack(0x0000006a5d700000,0x0000006a5d800000) (1024K)]
  0x0000020de3175d40 JavaThread "Unconstrained build operations Thread 31"        [_thread_blocked, id=22000, stack(0x0000006a5d800000,0x0000006a5d900000) (1024K)]
  0x0000020de3177780 JavaThread "Unconstrained build operations Thread 32"        [_thread_blocked, id=4684, stack(0x0000006a5d900000,0x0000006a5da00000) (1024K)]
  0x0000020de3177e10 JavaThread "Unconstrained build operations Thread 33"        [_thread_blocked, id=11852, stack(0x0000006a5da00000,0x0000006a5db00000) (1024K)]
  0x0000020de3176a60 JavaThread "Unconstrained build operations Thread 34"        [_thread_blocked, id=20784, stack(0x0000006a5db00000,0x0000006a5dc00000) (1024K)]
  0x0000020de31763d0 JavaThread "Unconstrained build operations Thread 35"        [_thread_blocked, id=9648, stack(0x0000006a5dc00000,0x0000006a5dd00000) (1024K)]
  0x0000020de31770f0 JavaThread "Unconstrained build operations Thread 36"        [_thread_blocked, id=24980, stack(0x0000006a5dd00000,0x0000006a5de00000) (1024K)]
  0x0000020de3175020 JavaThread "Unconstrained build operations Thread 37"        [_thread_blocked, id=26124, stack(0x0000006a5de00000,0x0000006a5df00000) (1024K)]
  0x0000020de31791c0 JavaThread "Unconstrained build operations Thread 38"        [_thread_blocked, id=3616, stack(0x0000006a5df00000,0x0000006a5e000000) (1024K)]
  0x0000020de317ac00 JavaThread "Unconstrained build operations Thread 39"        [_thread_blocked, id=24292, stack(0x0000006a5e000000,0x0000006a5e100000) (1024K)]
  0x0000020de3178b30 JavaThread "Unconstrained build operations Thread 40"        [_thread_blocked, id=24908, stack(0x0000006a5e100000,0x0000006a5e200000) (1024K)]
  0x0000020de317d360 JavaThread "Unconstrained build operations Thread 41"        [_thread_blocked, id=16188, stack(0x0000006a5e200000,0x0000006a5e300000) (1024K)]
  0x0000020de317c640 JavaThread "Unconstrained build operations Thread 42"        [_thread_blocked, id=3256, stack(0x0000006a5e300000,0x0000006a5e400000) (1024K)]
  0x0000020de317a570 JavaThread "Unconstrained build operations Thread 43"        [_thread_blocked, id=15572, stack(0x0000006a5e400000,0x0000006a5e500000) (1024K)]
  0x0000020de317ccd0 JavaThread "Unconstrained build operations Thread 44"        [_thread_blocked, id=5540, stack(0x0000006a5e500000,0x0000006a5e600000) (1024K)]
  0x0000020de317e710 JavaThread "Unconstrained build operations Thread 45"        [_thread_blocked, id=8152, stack(0x0000006a5e600000,0x0000006a5e700000) (1024K)]
  0x0000020e061d8100 JavaThread "Unconstrained build operations Thread 46"        [_thread_blocked, id=8472, stack(0x0000006a5e700000,0x0000006a5e800000) (1024K)]
  0x0000020e061d66c0 JavaThread "Unconstrained build operations Thread 47"        [_thread_blocked, id=13052, stack(0x0000006a5e800000,0x0000006a5e900000) (1024K)]
  0x0000020e061d8790 JavaThread "Unconstrained build operations Thread 48"        [_thread_blocked, id=5236, stack(0x0000006a5e900000,0x0000006a5ea00000) (1024K)]
  0x0000020e061d8e20 JavaThread "Unconstrained build operations Thread 49"        [_thread_blocked, id=13656, stack(0x0000006a5ea00000,0x0000006a5eb00000) (1024K)]
  0x0000020e061d6030 JavaThread "Unconstrained build operations Thread 50"        [_thread_blocked, id=19400, stack(0x0000006a5eb00000,0x0000006a5ec00000) (1024K)]
  0x0000020df59ca9e0 JavaThread "Unconstrained build operations Thread 51"        [_thread_blocked, id=15972, stack(0x0000006a5ec00000,0x0000006a5ed00000) (1024K)]
  0x0000020df59c9630 JavaThread "Unconstrained build operations Thread 52"        [_thread_blocked, id=18488, stack(0x0000006a5ed00000,0x0000006a5ee00000) (1024K)]
  0x0000020df59ca350 JavaThread "Unconstrained build operations Thread 53"        [_thread_blocked, id=24816, stack(0x0000006a5ee00000,0x0000006a5ef00000) (1024K)]
  0x0000020df59cb070 JavaThread "Unconstrained build operations Thread 54"        [_thread_blocked, id=5448, stack(0x0000006a5ef00000,0x0000006a5f000000) (1024K)]
  0x0000020df59c9cc0 JavaThread "Unconstrained build operations Thread 55"        [_thread_blocked, id=2628, stack(0x0000006a5f000000,0x0000006a5f100000) (1024K)]
  0x0000020df59cb700 JavaThread "Unconstrained build operations Thread 56"        [_thread_blocked, id=8048, stack(0x0000006a5f100000,0x0000006a5f200000) (1024K)]
  0x0000020df59cbd90 JavaThread "Unconstrained build operations Thread 57"        [_thread_blocked, id=28772, stack(0x0000006a5f200000,0x0000006a5f300000) (1024K)]
  0x0000020dfe1080f0 JavaThread "Unconstrained build operations Thread 58"        [_thread_blocked, id=17936, stack(0x0000006a5f300000,0x0000006a5f400000) (1024K)]
  0x0000020dfe108780 JavaThread "Unconstrained build operations Thread 59"        [_thread_blocked, id=28608, stack(0x0000006a5f400000,0x0000006a5f500000) (1024K)]
  0x0000020e086fc6e0 JavaThread "C2 CompilerThread1"         daemon [_thread_in_native, id=20216, stack(0x0000006a5f500000,0x0000006a5f600000) (1024K)]
  0x0000020de317b920 JavaThread "Unconstrained build operations Thread 60"        [_thread_blocked, id=25724, stack(0x0000006a5f600000,0x0000006a5f700000) (1024K)]
  0x0000020de317b290 JavaThread "Unconstrained build operations Thread 61"        [_thread_blocked, id=26296, stack(0x0000006a5f700000,0x0000006a5f800000) (1024K)]
  0x0000020e086fcdb0 JavaThread "C2 CompilerThread2"         daemon [_thread_blocked, id=9940, stack(0x0000006a5f800000,0x0000006a5f900000) (1024K)]
  0x0000020e0f4d2de0 JavaThread "Unconstrained build operations Thread 62"        [_thread_blocked, id=25328, stack(0x0000006a5f900000,0x0000006a5fa00000) (1024K)]
  0x0000020e0f4d4eb0 JavaThread "Unconstrained build operations Thread 63"        [_thread_blocked, id=22248, stack(0x0000006a5fa00000,0x0000006a5fb00000) (1024K)]
  0x0000020e0f4d20c0 JavaThread "Unconstrained build operations Thread 64"        [_thread_blocked, id=21268, stack(0x0000006a5fb00000,0x0000006a5fc00000) (1024K)]
  0x0000020e0f4d4820 JavaThread "Unconstrained build operations Thread 65"        [_thread_blocked, id=22616, stack(0x0000006a5fc00000,0x0000006a5fd00000) (1024K)]
  0x0000020e0f4d3470 JavaThread "Unconstrained build operations Thread 66"        [_thread_blocked, id=23544, stack(0x0000006a5fd00000,0x0000006a5fe00000) (1024K)]
  0x0000020e0f4d5540 JavaThread "Unconstrained build operations Thread 67"        [_thread_blocked, id=8508, stack(0x0000006a5fe00000,0x0000006a5ff00000) (1024K)]
  0x0000020e104dcc70 JavaThread "Unconstrained build operations Thread 68"        [_thread_blocked, id=2704, stack(0x0000006a5ff00000,0x0000006a60000000) (1024K)]
  0x0000020e104de020 JavaThread "Unconstrained build operations Thread 69"        [_thread_blocked, id=10616, stack(0x0000006a60000000,0x0000006a60100000) (1024K)]
  0x0000020e104e00f0 JavaThread "Unconstrained build operations Thread 70"        [_thread_blocked, id=25776, stack(0x0000006a60100000,0x0000006a60200000) (1024K)]
  0x0000020e104de6b0 JavaThread "Unconstrained build operations Thread 71"        [_thread_blocked, id=5816, stack(0x0000006a60200000,0x0000006a60300000) (1024K)]
  0x0000020e104dfa60 JavaThread "Unconstrained build operations Thread 72"        [_thread_blocked, id=27236, stack(0x0000006a60300000,0x0000006a60400000) (1024K)]
  0x0000020e125f2310 JavaThread "Unconstrained build operations Thread 73"        [_thread_blocked, id=21184, stack(0x0000006a60400000,0x0000006a60500000) (1024K)]
  0x0000020e125f1c80 JavaThread "Unconstrained build operations Thread 74"        [_thread_blocked, id=8384, stack(0x0000006a60500000,0x0000006a60600000) (1024K)]
  0x0000020e125f15f0 JavaThread "Unconstrained build operations Thread 75"        [_thread_blocked, id=28704, stack(0x0000006a60600000,0x0000006a60700000) (1024K)]
  0x0000020e07e57d30 JavaThread "Unconstrained build operations Thread 76"        [_thread_blocked, id=19364, stack(0x0000006a60700000,0x0000006a60800000) (1024K)]
  0x0000020e07e5b1b0 JavaThread "Unconstrained build operations Thread 77"        [_thread_blocked, id=15748, stack(0x0000006a60800000,0x0000006a60900000) (1024K)]
  0x0000020e07e583c0 JavaThread "Unconstrained build operations Thread 78"        [_thread_blocked, id=28372, stack(0x0000006a60900000,0x0000006a60a00000) (1024K)]
  0x0000020e07e58a50 JavaThread "Unconstrained build operations Thread 79"        [_thread_blocked, id=24728, stack(0x0000006a60a00000,0x0000006a60b00000) (1024K)]
  0x0000020e07e590e0 JavaThread "Unconstrained build operations Thread 80"        [_thread_blocked, id=13084, stack(0x0000006a60b00000,0x0000006a60c00000) (1024K)]
  0x0000020e07e5a490 JavaThread "Unconstrained build operations Thread 81"        [_thread_blocked, id=15956, stack(0x0000006a60c00000,0x0000006a60d00000) (1024K)]
  0x0000020e07e59e00 JavaThread "Unconstrained build operations Thread 82"        [_thread_blocked, id=3664, stack(0x0000006a60d00000,0x0000006a60e00000) (1024K)]
  0x0000020e0a123000 JavaThread "Unconstrained build operations Thread 83"        [_thread_blocked, id=23664, stack(0x0000006a60e00000,0x0000006a60f00000) (1024K)]
  0x0000020e09cc21f0 JavaThread "Unconstrained build operations Thread 84"        [_thread_blocked, id=27004, stack(0x0000006a60f00000,0x0000006a61000000) (1024K)]
  0x0000020e09cc2880 JavaThread "Unconstrained build operations Thread 85"        [_thread_blocked, id=23628, stack(0x0000006a61000000,0x0000006a61100000) (1024K)]
  0x0000020e09cc2f10 JavaThread "Unconstrained build operations Thread 86"        [_thread_blocked, id=12892, stack(0x0000006a61100000,0x0000006a61200000) (1024K)]
  0x0000020e09cc1b60 JavaThread "Unconstrained build operations Thread 87"        [_thread_blocked, id=21080, stack(0x0000006a61200000,0x0000006a61300000) (1024K)]
  0x0000020e09cc0120 JavaThread "Unconstrained build operations Thread 88"        [_thread_blocked, id=23720, stack(0x0000006a61300000,0x0000006a61400000) (1024K)]
  0x0000020e09cc07b0 JavaThread "Unconstrained build operations Thread 89"        [_thread_blocked, id=18224, stack(0x0000006a61400000,0x0000006a61500000) (1024K)]
  0x0000020e09cbfa90 JavaThread "Unconstrained build operations Thread 90"        [_thread_blocked, id=18888, stack(0x0000006a61500000,0x0000006a61600000) (1024K)]
  0x0000020e09cc14d0 JavaThread "Unconstrained build operations Thread 91"        [_thread_blocked, id=14808, stack(0x0000006a61600000,0x0000006a61700000) (1024K)]
  0x0000020e061c06d0 JavaThread "build event listener"              [_thread_blocked, id=4268, stack(0x0000006a61700000,0x0000006a61800000) (1024K)]
  0x0000020e061c13f0 JavaThread "build event listener"              [_thread_blocked, id=25876, stack(0x0000006a61800000,0x0000006a61900000) (1024K)]
  0x0000020e11ac4120 JavaThread "Problems report writer"            [_thread_blocked, id=21940, stack(0x0000006a61900000,0x0000006a61a00000) (1024K)]
  0x0000020e11ac54d0 JavaThread "Unconstrained build operations Thread 92"        [_thread_blocked, id=23796, stack(0x0000006a61a00000,0x0000006a61b00000) (1024K)]
  0x0000020e11ac5b60 JavaThread "Unconstrained build operations Thread 93"        [_thread_blocked, id=27572, stack(0x0000006a61b00000,0x0000006a61c00000) (1024K)]
  0x0000020e11ac61f0 JavaThread "Unconstrained build operations Thread 94"        [_thread_blocked, id=16456, stack(0x0000006a61c00000,0x0000006a61d00000) (1024K)]
  0x0000020e11ac3400 JavaThread "Unconstrained build operations Thread 95"        [_thread_blocked, id=22676, stack(0x0000006a61d00000,0x0000006a61e00000) (1024K)]
  0x0000020e086bdea0 JavaThread "Unconstrained build operations Thread 96"        [_thread_blocked, id=25120, stack(0x0000006a61e00000,0x0000006a61f00000) (1024K)]
  0x0000020e086bf250 JavaThread "Unconstrained build operations Thread 97"        [_thread_blocked, id=27764, stack(0x0000006a61f00000,0x0000006a62000000) (1024K)]
  0x0000020e086be530 JavaThread "Unconstrained build operations Thread 98"        [_thread_blocked, id=27312, stack(0x0000006a62000000,0x0000006a62100000) (1024K)]
  0x0000020e086bcaf0 JavaThread "Unconstrained build operations Thread 99"        [_thread_blocked, id=24700, stack(0x0000006a62100000,0x0000006a62200000) (1024K)]
  0x0000020e086bc460 JavaThread "Unconstrained build operations Thread 100"        [_thread_blocked, id=25320, stack(0x0000006a62200000,0x0000006a62300000) (1024K)]
  0x0000020e086bf8e0 JavaThread "Unconstrained build operations Thread 101"        [_thread_blocked, id=27824, stack(0x0000006a62300000,0x0000006a62400000) (1024K)]
  0x0000020e060c2d50 JavaThread "Unconstrained build operations Thread 102"        [_thread_blocked, id=8568, stack(0x0000006a62400000,0x0000006a62500000) (1024K)]
  0x0000020e060c3a70 JavaThread "Unconstrained build operations Thread 103"        [_thread_blocked, id=8832, stack(0x0000006a62500000,0x0000006a62600000) (1024K)]
  0x0000020e060c0c80 JavaThread "Unconstrained build operations Thread 104"        [_thread_blocked, id=17764, stack(0x0000006a62600000,0x0000006a62700000) (1024K)]
  0x0000020e060c26c0 JavaThread "Unconstrained build operations Thread 105"        [_thread_blocked, id=15000, stack(0x0000006a62700000,0x0000006a62800000) (1024K)]
  0x0000020e060c1310 JavaThread "Unconstrained build operations Thread 106"        [_thread_blocked, id=10860, stack(0x0000006a62800000,0x0000006a62900000) (1024K)]
  0x0000020e060c05f0 JavaThread "Unconstrained build operations Thread 107"        [_thread_blocked, id=3268, stack(0x0000006a62900000,0x0000006a62a00000) (1024K)]
  0x0000020e060c33e0 JavaThread "Unconstrained build operations Thread 108"        [_thread_blocked, id=27616, stack(0x0000006a62a00000,0x0000006a62b00000) (1024K)]
  0x0000020e060c19a0 JavaThread "Unconstrained build operations Thread 109"        [_thread_blocked, id=21720, stack(0x0000006a62b00000,0x0000006a62c00000) (1024K)]
  0x0000020e060c2030 JavaThread "Unconstrained build operations Thread 110"        [_thread_blocked, id=24432, stack(0x0000006a62c00000,0x0000006a62d00000) (1024K)]
  0x0000020e086bd180 JavaThread "Unconstrained build operations Thread 111"        [_thread_blocked, id=15068, stack(0x0000006a62d00000,0x0000006a62e00000) (1024K)]
  0x0000020e12d20480 JavaThread "Unconstrained build operations Thread 112"        [_thread_blocked, id=15424, stack(0x0000006a62e00000,0x0000006a62f00000) (1024K)]
  0x0000020e12d21ec0 JavaThread "Unconstrained build operations Thread 113"        [_thread_blocked, id=22716, stack(0x0000006a62f00000,0x0000006a63000000) (1024K)]
  0x0000020e12d20b10 JavaThread "Unconstrained build operations Thread 114"        [_thread_blocked, id=8676, stack(0x0000006a63000000,0x0000006a63100000) (1024K)]
  0x0000020e12d21830 JavaThread "Unconstrained build operations Thread 115"        [_thread_blocked, id=504, stack(0x0000006a63100000,0x0000006a63200000) (1024K)]
  0x0000020e12d1f760 JavaThread "Unconstrained build operations Thread 116"        [_thread_blocked, id=28748, stack(0x0000006a63200000,0x0000006a63300000) (1024K)]
  0x0000020e12d1f0d0 JavaThread "Unconstrained build operations Thread 117"        [_thread_blocked, id=19136, stack(0x0000006a63300000,0x0000006a63400000) (1024K)]
  0x0000020e12d22550 JavaThread "Unconstrained build operations Thread 118"        [_thread_blocked, id=9524, stack(0x0000006a63400000,0x0000006a63500000) (1024K)]
  0x0000020e12d211a0 JavaThread "Unconstrained build operations Thread 119"        [_thread_blocked, id=16652, stack(0x0000006a63500000,0x0000006a63600000) (1024K)]
  0x0000020e12d1fdf0 JavaThread "Unconstrained build operations Thread 120"        [_thread_blocked, id=16516, stack(0x0000006a63600000,0x0000006a63700000) (1024K)]
  0x0000020e083507a0 JavaThread "Unconstrained build operations Thread 121"        [_thread_blocked, id=29032, stack(0x0000006a63700000,0x0000006a63800000) (1024K)]
  0x0000020e07e59770 JavaThread "Unconstrained build operations Thread 122"        [_thread_blocked, id=18460, stack(0x0000006a63800000,0x0000006a63900000) (1024K)]
  0x0000020e07e5ab20 JavaThread "Unconstrained build operations Thread 123"        [_thread_blocked, id=500, stack(0x0000006a63900000,0x0000006a63a00000) (1024K)]
  0x0000020e113c6410 JavaThread "Unconstrained build operations Thread 124"        [_thread_blocked, id=27044, stack(0x0000006a63a00000,0x0000006a63b00000) (1024K)]
  0x0000020e113c4340 JavaThread "Unconstrained build operations Thread 125"        [_thread_blocked, id=20400, stack(0x0000006a63b00000,0x0000006a63c00000) (1024K)]
  0x0000020e113c7130 JavaThread "Unconstrained build operations Thread 126"        [_thread_blocked, id=6128, stack(0x0000006a63c00000,0x0000006a63d00000) (1024K)]
  0x0000020e113c49d0 JavaThread "Unconstrained build operations Thread 127"        [_thread_blocked, id=21440, stack(0x0000006a63d00000,0x0000006a63e00000) (1024K)]
  0x0000020e113c5060 JavaThread "Unconstrained build operations Thread 128"        [_thread_blocked, id=21772, stack(0x0000006a63e00000,0x0000006a63f00000) (1024K)]
  0x0000020e09bbc7f0 JavaThread "Unconstrained build operations Thread 129"        [_thread_blocked, id=9180, stack(0x0000006a63f00000,0x0000006a64000000) (1024K)]
  0x0000020e09bbbad0 JavaThread "Unconstrained build operations Thread 130"        [_thread_blocked, id=23772, stack(0x0000006a64000000,0x0000006a64100000) (1024K)]
  0x0000020e09bbce80 JavaThread "Unconstrained build operations Thread 131"        [_thread_blocked, id=26268, stack(0x0000006a64100000,0x0000006a64200000) (1024K)]
  0x0000020e09bbd510 JavaThread "Unconstrained build operations Thread 132"        [_thread_blocked, id=4524, stack(0x0000006a64200000,0x0000006a64300000) (1024K)]
  0x0000020e09bbadb0 JavaThread "Unconstrained build operations Thread 133"        [_thread_blocked, id=24184, stack(0x0000006a64500000,0x0000006a64600000) (1024K)]
  0x0000020e09e8deb0 JavaThread "Unconstrained build operations Thread 134"        [_thread_blocked, id=25012, stack(0x0000006a64600000,0x0000006a64700000) (1024K)]
  0x0000020e09e8f8f0 JavaThread "Unconstrained build operations Thread 135"        [_thread_blocked, id=24392, stack(0x0000006a64700000,0x0000006a64800000) (1024K)]
  0x0000020e09e8e540 JavaThread "Unconstrained build operations Thread 136"        [_thread_blocked, id=18160, stack(0x0000006a64800000,0x0000006a64900000) (1024K)]
  0x0000020e09e90610 JavaThread "Unconstrained build operations Thread 137"        [_thread_blocked, id=9372, stack(0x0000006a64900000,0x0000006a64a00000) (1024K)]
  0x0000020e09e90ca0 JavaThread "Unconstrained build operations Thread 138"        [_thread_blocked, id=2432, stack(0x0000006a64a00000,0x0000006a64b00000) (1024K)]
  0x0000020e09e8d820 JavaThread "Unconstrained build operations Thread 139"        [_thread_blocked, id=13472, stack(0x0000006a64b00000,0x0000006a64c00000) (1024K)]
  0x0000020e09e8ff80 JavaThread "Unconstrained build operations Thread 140"        [_thread_blocked, id=28072, stack(0x0000006a64c00000,0x0000006a64d00000) (1024K)]
  0x0000020e09e8ebd0 JavaThread "Unconstrained build operations Thread 141"        [_thread_blocked, id=27540, stack(0x0000006a64d00000,0x0000006a64e00000) (1024K)]
  0x0000020e09e8f260 JavaThread "Unconstrained build operations Thread 142"        [_thread_blocked, id=27548, stack(0x0000006a65000000,0x0000006a65100000) (1024K)]
  0x0000020e14bb5d10 JavaThread "Unconstrained build operations Thread 143"        [_thread_blocked, id=24284, stack(0x0000006a65100000,0x0000006a65200000) (1024K)]
  0x0000020e14bb4ff0 JavaThread "Unconstrained build operations Thread 144"        [_thread_blocked, id=27036, stack(0x0000006a65200000,0x0000006a65300000) (1024K)]
  0x0000020e14bb63a0 JavaThread "Unconstrained build operations Thread 145"        [_thread_blocked, id=9160, stack(0x0000006a65300000,0x0000006a65400000) (1024K)]
  0x0000020e14bb8470 JavaThread "Unconstrained build operations Thread 146"        [_thread_blocked, id=22532, stack(0x0000006a65400000,0x0000006a65500000) (1024K)]
  0x0000020e14bb70c0 JavaThread "Unconstrained build operations Thread 147"        [_thread_blocked, id=6300, stack(0x0000006a65500000,0x0000006a65600000) (1024K)]
  0x0000020e14bb7750 JavaThread "Unconstrained build operations Thread 148"        [_thread_blocked, id=22656, stack(0x0000006a65600000,0x0000006a65700000) (1024K)]
  0x0000020e14bb7de0 JavaThread "Unconstrained build operations Thread 149"        [_thread_blocked, id=20904, stack(0x0000006a65700000,0x0000006a65800000) (1024K)]
  0x0000020e14bb5680 JavaThread "Unconstrained build operations Thread 150"        [_thread_blocked, id=26736, stack(0x0000006a65800000,0x0000006a65900000) (1024K)]
  0x0000020e14bb6a30 JavaThread "Unconstrained build operations Thread 151"        [_thread_blocked, id=25840, stack(0x0000006a65900000,0x0000006a65a00000) (1024K)]
Total: 253

Other Threads:
  0x0000020df50db780 VMThread "VM Thread"                           [id=20296, stack(0x0000006a55800000,0x0000006a55900000) (1024K)]
  0x0000020df51b19e0 WatcherThread "VM Periodic Task Thread"        [id=12852, stack(0x0000006a55700000,0x0000006a55800000) (1024K)]
  0x0000020de60fdf70 WorkerThread "GC Thread#0"                     [id=4796, stack(0x0000006a55200000,0x0000006a55300000) (1024K)]
  0x0000020df57fbd80 WorkerThread "GC Thread#1"                     [id=22712, stack(0x0000006a56900000,0x0000006a56a00000) (1024K)]
  0x0000020df57fc130 WorkerThread "GC Thread#2"                     [id=17564, stack(0x0000006a56a00000,0x0000006a56b00000) (1024K)]
  0x0000020df5779dc0 WorkerThread "GC Thread#3"                     [id=12040, stack(0x0000006a56b00000,0x0000006a56c00000) (1024K)]
  0x0000020df577a170 WorkerThread "GC Thread#4"                     [id=21188, stack(0x0000006a56c00000,0x0000006a56d00000) (1024K)]
  0x0000020df577a520 WorkerThread "GC Thread#5"                     [id=23952, stack(0x0000006a56d00000,0x0000006a56e00000) (1024K)]
  0x0000020dfb213ce0 WorkerThread "GC Thread#6"                     [id=25944, stack(0x0000006a57000000,0x0000006a57100000) (1024K)]
  0x0000020dfb2144a0 WorkerThread "GC Thread#7"                     [id=5888, stack(0x0000006a57100000,0x0000006a57200000) (1024K)]
  0x0000020dfb214850 WorkerThread "GC Thread#8"                     [id=29668, stack(0x0000006a57200000,0x0000006a57300000) (1024K)]
  0x0000020dfb214c00 WorkerThread "GC Thread#9"                     [id=15516, stack(0x0000006a57300000,0x0000006a57400000) (1024K)]
  0x0000020dfb21aa90 WorkerThread "GC Thread#10"                    [id=28888, stack(0x0000006a57400000,0x0000006a57500000) (1024K)]
  0x0000020dfb219820 WorkerThread "GC Thread#11"                    [id=24952, stack(0x0000006a58100000,0x0000006a58200000) (1024K)]
  0x0000020dfb219bd0 WorkerThread "GC Thread#12"                    [id=11916, stack(0x0000006a58200000,0x0000006a58300000) (1024K)]
  0x0000020de6125cf0 ConcurrentGCThread "G1 Main Marker"            [id=14640, stack(0x0000006a55300000,0x0000006a55400000) (1024K)]
  0x0000020de6127d60 WorkerThread "G1 Conc#0"                       [id=16192, stack(0x0000006a55400000,0x0000006a55500000) (1024K)]
  0x0000020dfb6ff410 WorkerThread "G1 Conc#1"                       [id=29512, stack(0x0000006a58300000,0x0000006a58400000) (1024K)]
  0x0000020dfb702400 WorkerThread "G1 Conc#2"                       [id=10720, stack(0x0000006a58400000,0x0000006a58500000) (1024K)]
  0x0000020df501df60 ConcurrentGCThread "G1 Refine#0"               [id=23464, stack(0x0000006a55500000,0x0000006a55600000) (1024K)]
  0x0000020df501f7a0 ConcurrentGCThread "G1 Service"                [id=15368, stack(0x0000006a55600000,0x0000006a55700000) (1024K)]
Total: 21

Threads with active compile tasks:
C2 CompilerThread0   329462 57340   !   4       org.gradle.api.internal.plugins.DefaultPluginRegistry$1::load (163 bytes)
C2 CompilerThread1   329462 57339       4       org.gradle.api.internal.plugins.DefaultPluginRegistry$1::load (9 bytes)
Total: 2

VM state: not at safepoint (normal execution)

VM Mutex/Monitor currently owned by a thread: None

Heap address: 0x00000000c0000000, size: 1024 MB, Compressed Oops mode: 32-bit

CDS archive(s) mapped at: [0x0000020da0000000-0x0000020da0c90000-0x0000020da0c90000), size 13172736, SharedBaseAddress: 0x0000020da0000000, ArchiveRelocationMode: 1.
Compressed class space mapped at: 0x0000020da1000000-0x0000020de1000000, reserved size: 1073741824
Narrow klass base: 0x0000020da0000000, Narrow klass shift: 0, Narrow klass range: 0x100000000

GC Precious Log:
 CardTable entry size: 512
 Card Set container configuration: InlinePtr #cards 5 size 8 Array Of Cards #cards 12 size 40 Howl #buckets 4 coarsen threshold 1843 Howl Bitmap #cards 512 size 80 coarsen threshold 460 Card regions per heap region 1 cards per card region 2048
 CPUs: 16 total, 16 available
 Memory: 15998M
 Large Page Support: Disabled
 NUMA Support: Disabled
 Compressed Oops: Enabled (32-bit)
 Heap Region Size: 1M
 Heap Min Capacity: 8M
 Heap Initial Capacity: 250M
 Heap Max Capacity: 1G
 Pre-touch: Disabled
 Parallel Workers: 13
 Concurrent Workers: 3
 Concurrent Refinement Workers: 13
 Periodic GC: Disabled

Heap:
 garbage-first heap   total 829440K, used 614593K [0x00000000c0000000, 0x0000000100000000)
  region size 1024K, 331 young (338944K), 52 survivors (53248K)
 Metaspace       used 261324K, committed 264960K, reserved 1310720K
  class space    used 32976K, committed 34816K, reserved 1048576K

Heap Regions: E=young(eden), S=young(survivor), O=old, HS=humongous(starts), HC=humongous(continues), CS=collection set, F=free, TAMS=top-at-mark-start, PB=parsable bottom
|   0|0x00000000c0000000, 0x00000000c0100000, 0x00000000c0100000|100%|HS|  |TAMS 0x00000000c0000000| PB 0x00000000c0000000| Complete 
|   1|0x00000000c0100000, 0x00000000c0200000, 0x00000000c0200000|100%|HC|  |TAMS 0x00000000c0100000| PB 0x00000000c0100000| Complete 
|   2|0x00000000c0200000, 0x00000000c0300000, 0x00000000c0300000|100%|HC|  |TAMS 0x00000000c0200000| PB 0x00000000c0200000| Complete 
|   3|0x00000000c0300000, 0x00000000c0400000, 0x00000000c0400000|100%| O|  |TAMS 0x00000000c0300000| PB 0x00000000c0300000| Untracked 
|   4|0x00000000c0400000, 0x00000000c0500000, 0x00000000c0500000|100%| O|  |TAMS 0x00000000c0400000| PB 0x00000000c0400000| Untracked 
|   5|0x00000000c0500000, 0x00000000c0600000, 0x00000000c0600000|100%| O|  |TAMS 0x00000000c0500000| PB 0x00000000c0500000| Untracked 
|   6|0x00000000c0600000, 0x00000000c0700000, 0x00000000c0700000|100%|HS|  |TAMS 0x00000000c0600000| PB 0x00000000c0600000| Complete 
|   7|0x00000000c0700000, 0x00000000c0800000, 0x00000000c0800000|100%| O|  |TAMS 0x00000000c0700000| PB 0x00000000c0700000| Untracked 
|   8|0x00000000c0800000, 0x00000000c0900000, 0x00000000c0900000|100%| O|  |TAMS 0x00000000c0800000| PB 0x00000000c0800000| Untracked 
|   9|0x00000000c0900000, 0x00000000c0a00000, 0x00000000c0a00000|100%| O|  |TAMS 0x00000000c0900000| PB 0x00000000c0900000| Untracked 
|  10|0x00000000c0a00000, 0x00000000c0b00000, 0x00000000c0b00000|100%| O|  |TAMS 0x00000000c0a00000| PB 0x00000000c0a00000| Untracked 
|  11|0x00000000c0b00000, 0x00000000c0c00000, 0x00000000c0c00000|100%| O|  |TAMS 0x00000000c0b00000| PB 0x00000000c0b00000| Untracked 
|  12|0x00000000c0c00000, 0x00000000c0d00000, 0x00000000c0d00000|100%| O|  |TAMS 0x00000000c0c00000| PB 0x00000000c0c00000| Untracked 
|  13|0x00000000c0d00000, 0x00000000c0e00000, 0x00000000c0e00000|100%| O|  |TAMS 0x00000000c0d00000| PB 0x00000000c0d00000| Untracked 
|  14|0x00000000c0e00000, 0x00000000c0f00000, 0x00000000c0f00000|100%| O|  |TAMS 0x00000000c0e00000| PB 0x00000000c0e00000| Untracked 
|  15|0x00000000c0f00000, 0x00000000c1000000, 0x00000000c1000000|100%| O|  |TAMS 0x00000000c0f00000| PB 0x00000000c0f00000| Untracked 
|  16|0x00000000c1000000, 0x00000000c1100000, 0x00000000c1100000|100%| O|  |TAMS 0x00000000c1000000| PB 0x00000000c1000000| Untracked 
|  17|0x00000000c1100000, 0x00000000c1200000, 0x00000000c1200000|100%| O|  |TAMS 0x00000000c1100000| PB 0x00000000c1100000| Untracked 
|  18|0x00000000c1200000, 0x00000000c1300000, 0x00000000c1300000|100%| O|  |TAMS 0x00000000c1200000| PB 0x00000000c1200000| Untracked 
|  19|0x00000000c1300000, 0x00000000c1400000, 0x00000000c1400000|100%| O|  |TAMS 0x00000000c1300000| PB 0x00000000c1300000| Untracked 
|  20|0x00000000c1400000, 0x00000000c1500000, 0x00000000c1500000|100%| O|  |TAMS 0x00000000c1400000| PB 0x00000000c1400000| Untracked 
|  21|0x00000000c1500000, 0x00000000c1600000, 0x00000000c1600000|100%| O|  |TAMS 0x00000000c1500000| PB 0x00000000c1500000| Untracked 
|  22|0x00000000c1600000, 0x00000000c1700000, 0x00000000c1700000|100%| O|  |TAMS 0x00000000c1600000| PB 0x00000000c1600000| Untracked 
|  23|0x00000000c1700000, 0x00000000c1800000, 0x00000000c1800000|100%| O|  |TAMS 0x00000000c1700000| PB 0x00000000c1700000| Untracked 
|  24|0x00000000c1800000, 0x00000000c1900000, 0x00000000c1900000|100%| O|  |TAMS 0x00000000c1800000| PB 0x00000000c1800000| Untracked 
|  25|0x00000000c1900000, 0x00000000c1a00000, 0x00000000c1a00000|100%| O|  |TAMS 0x00000000c1900000| PB 0x00000000c1900000| Untracked 
|  26|0x00000000c1a00000, 0x00000000c1b00000, 0x00000000c1b00000|100%|HS|  |TAMS 0x00000000c1a00000| PB 0x00000000c1a00000| Complete 
|  27|0x00000000c1b00000, 0x00000000c1c00000, 0x00000000c1c00000|100%|HC|  |TAMS 0x00000000c1b00000| PB 0x00000000c1b00000| Complete 
|  28|0x00000000c1c00000, 0x00000000c1d00000, 0x00000000c1d00000|100%| O|  |TAMS 0x00000000c1c00000| PB 0x00000000c1c00000| Untracked 
|  29|0x00000000c1d00000, 0x00000000c1e00000, 0x00000000c1e00000|100%| O|  |TAMS 0x00000000c1d00000| PB 0x00000000c1d00000| Untracked 
|  30|0x00000000c1e00000, 0x00000000c1f00000, 0x00000000c1f00000|100%|HS|  |TAMS 0x00000000c1e00000| PB 0x00000000c1e00000| Complete 
|  31|0x00000000c1f00000, 0x00000000c2000000, 0x00000000c2000000|100%|HC|  |TAMS 0x00000000c1f00000| PB 0x00000000c1f00000| Complete 
|  32|0x00000000c2000000, 0x00000000c2100000, 0x00000000c2100000|100%| O|  |TAMS 0x00000000c2000000| PB 0x00000000c2000000| Untracked 
|  33|0x00000000c2100000, 0x00000000c2200000, 0x00000000c2200000|100%| O|Cm|TAMS 0x00000000c2100000| PB 0x00000000c2100000| Complete 
|  34|0x00000000c2200000, 0x00000000c2300000, 0x00000000c2300000|100%| O|  |TAMS 0x00000000c2200000| PB 0x00000000c2200000| Untracked 
|  35|0x00000000c2300000, 0x00000000c2400000, 0x00000000c2400000|100%| O|  |TAMS 0x00000000c2300000| PB 0x00000000c2300000| Untracked 
|  36|0x00000000c2400000, 0x00000000c2500000, 0x00000000c2500000|100%| O|  |TAMS 0x00000000c2400000| PB 0x00000000c2400000| Untracked 
|  37|0x00000000c2500000, 0x00000000c2600000, 0x00000000c2600000|100%| O|  |TAMS 0x00000000c2500000| PB 0x00000000c2500000| Untracked 
|  38|0x00000000c2600000, 0x00000000c2700000, 0x00000000c2700000|100%| O|  |TAMS 0x00000000c2600000| PB 0x00000000c2600000| Untracked 
|  39|0x00000000c2700000, 0x00000000c2800000, 0x00000000c2800000|100%| O|  |TAMS 0x00000000c2700000| PB 0x00000000c2700000| Untracked 
|  40|0x00000000c2800000, 0x00000000c2900000, 0x00000000c2900000|100%| O|  |TAMS 0x00000000c2800000| PB 0x00000000c2800000| Untracked 
|  41|0x00000000c2900000, 0x00000000c2a00000, 0x00000000c2a00000|100%| O|  |TAMS 0x00000000c2900000| PB 0x00000000c2900000| Untracked 
|  42|0x00000000c2a00000, 0x00000000c2b00000, 0x00000000c2b00000|100%| O|  |TAMS 0x00000000c2a00000| PB 0x00000000c2a00000| Untracked 
|  43|0x00000000c2b00000, 0x00000000c2c00000, 0x00000000c2c00000|100%| O|  |TAMS 0x00000000c2b00000| PB 0x00000000c2b00000| Untracked 
|  44|0x00000000c2c00000, 0x00000000c2d00000, 0x00000000c2d00000|100%|HS|  |TAMS 0x00000000c2c00000| PB 0x00000000c2c00000| Complete 
|  45|0x00000000c2d00000, 0x00000000c2e00000, 0x00000000c2e00000|100%| O|  |TAMS 0x00000000c2d00000| PB 0x00000000c2d00000| Untracked 
|  46|0x00000000c2e00000, 0x00000000c2f00000, 0x00000000c2f00000|100%| O|  |TAMS 0x00000000c2e00000| PB 0x00000000c2e00000| Untracked 
|  47|0x00000000c2f00000, 0x00000000c3000000, 0x00000000c3000000|100%|HS|  |TAMS 0x00000000c2f00000| PB 0x00000000c2f00000| Complete 
|  48|0x00000000c3000000, 0x00000000c3100000, 0x00000000c3100000|100%| O|Cm|TAMS 0x00000000c3000000| PB 0x00000000c3000000| Complete 
|  49|0x00000000c3100000, 0x00000000c3200000, 0x00000000c3200000|100%| O|Cm|TAMS 0x00000000c3100000| PB 0x00000000c3100000| Complete 
|  50|0x00000000c3200000, 0x00000000c3300000, 0x00000000c3300000|100%| O|Cm|TAMS 0x00000000c3200000| PB 0x00000000c3200000| Complete 
|  51|0x00000000c3300000, 0x00000000c3300000, 0x00000000c3400000|  0%| F|  |TAMS 0x00000000c3300000| PB 0x00000000c3300000| Untracked 
|  52|0x00000000c3400000, 0x00000000c3500000, 0x00000000c3500000|100%| O|Cm|TAMS 0x00000000c3400000| PB 0x00000000c3400000| Complete 
|  53|0x00000000c3500000, 0x00000000c3600000, 0x00000000c3600000|100%| O|  |TAMS 0x00000000c3500000| PB 0x00000000c3500000| Untracked 
|  54|0x00000000c3600000, 0x00000000c3700000, 0x00000000c3700000|100%| O|  |TAMS 0x00000000c3600000| PB 0x00000000c3600000| Untracked 
|  55|0x00000000c3700000, 0x00000000c3800000, 0x00000000c3800000|100%| O|  |TAMS 0x00000000c3700000| PB 0x00000000c3700000| Untracked 
|  56|0x00000000c3800000, 0x00000000c3900000, 0x00000000c3900000|100%| O|  |TAMS 0x00000000c3800000| PB 0x00000000c3800000| Untracked 
|  57|0x00000000c3900000, 0x00000000c3a00000, 0x00000000c3a00000|100%| O|Cm|TAMS 0x00000000c3900000| PB 0x00000000c3900000| Complete 
|  58|0x00000000c3a00000, 0x00000000c3b00000, 0x00000000c3b00000|100%| O|  |TAMS 0x00000000c3a00000| PB 0x00000000c3a00000| Untracked 
|  59|0x00000000c3b00000, 0x00000000c3c00000, 0x00000000c3c00000|100%|HS|  |TAMS 0x00000000c3b00000| PB 0x00000000c3b00000| Complete 
|  60|0x00000000c3c00000, 0x00000000c3d00000, 0x00000000c3d00000|100%|HS|  |TAMS 0x00000000c3c00000| PB 0x00000000c3c00000| Complete 
|  61|0x00000000c3d00000, 0x00000000c3e00000, 0x00000000c3e00000|100%|HC|  |TAMS 0x00000000c3d00000| PB 0x00000000c3d00000| Complete 
|  62|0x00000000c3e00000, 0x00000000c3f00000, 0x00000000c3f00000|100%|HS|  |TAMS 0x00000000c3e00000| PB 0x00000000c3e00000| Complete 
|  63|0x00000000c3f00000, 0x00000000c4000000, 0x00000000c4000000|100%|HS|  |TAMS 0x00000000c3f00000| PB 0x00000000c3f00000| Complete 
|  64|0x00000000c4000000, 0x00000000c4100000, 0x00000000c4100000|100%|HS|  |TAMS 0x00000000c4000000| PB 0x00000000c4000000| Complete 
|  65|0x00000000c4100000, 0x00000000c4200000, 0x00000000c4200000|100%| O|  |TAMS 0x00000000c4100000| PB 0x00000000c4100000| Untracked 
|  66|0x00000000c4200000, 0x00000000c4300000, 0x00000000c4300000|100%| O|Cm|TAMS 0x00000000c4200000| PB 0x00000000c4200000| Complete 
|  67|0x00000000c4300000, 0x00000000c4400000, 0x00000000c4400000|100%| O|  |TAMS 0x00000000c4300000| PB 0x00000000c4300000| Untracked 
|  68|0x00000000c4400000, 0x00000000c4500000, 0x00000000c4500000|100%|HS|  |TAMS 0x00000000c4400000| PB 0x00000000c4400000| Complete 
|  69|0x00000000c4500000, 0x00000000c4600000, 0x00000000c4600000|100%| O|  |TAMS 0x00000000c4500000| PB 0x00000000c4500000| Untracked 
|  70|0x00000000c4600000, 0x00000000c4700000, 0x00000000c4700000|100%| O|Cm|TAMS 0x00000000c4600000| PB 0x00000000c4600000| Complete 
|  71|0x00000000c4700000, 0x00000000c4800000, 0x00000000c4800000|100%| O|  |TAMS 0x00000000c4700000| PB 0x00000000c4700000| Untracked 
|  72|0x00000000c4800000, 0x00000000c4900000, 0x00000000c4900000|100%| O|  |TAMS 0x00000000c4800000| PB 0x00000000c4800000| Untracked 
|  73|0x00000000c4900000, 0x00000000c4a00000, 0x00000000c4a00000|100%| O|  |TAMS 0x00000000c4900000| PB 0x00000000c4900000| Untracked 
|  74|0x00000000c4a00000, 0x00000000c4b00000, 0x00000000c4b00000|100%| O|  |TAMS 0x00000000c4a00000| PB 0x00000000c4a00000| Untracked 
|  75|0x00000000c4b00000, 0x00000000c4c00000, 0x00000000c4c00000|100%| O|  |TAMS 0x00000000c4b00000| PB 0x00000000c4b00000| Untracked 
|  76|0x00000000c4c00000, 0x00000000c4d00000, 0x00000000c4d00000|100%| O|  |TAMS 0x00000000c4c00000| PB 0x00000000c4c00000| Untracked 
|  77|0x00000000c4d00000, 0x00000000c4e00000, 0x00000000c4e00000|100%| O|  |TAMS 0x00000000c4d00000| PB 0x00000000c4d00000| Untracked 
|  78|0x00000000c4e00000, 0x00000000c4f00000, 0x00000000c4f00000|100%| O|  |TAMS 0x00000000c4e00000| PB 0x00000000c4e00000| Untracked 
|  79|0x00000000c4f00000, 0x00000000c5000000, 0x00000000c5000000|100%| O|  |TAMS 0x00000000c4f00000| PB 0x00000000c4f00000| Untracked 
|  80|0x00000000c5000000, 0x00000000c5000000, 0x00000000c5100000|  0%| F|  |TAMS 0x00000000c5000000| PB 0x00000000c5000000| Untracked 
|  81|0x00000000c5100000, 0x00000000c5200000, 0x00000000c5200000|100%| O|  |TAMS 0x00000000c5100000| PB 0x00000000c5100000| Untracked 
|  82|0x00000000c5200000, 0x00000000c5300000, 0x00000000c5300000|100%| O|  |TAMS 0x00000000c5200000| PB 0x00000000c5200000| Untracked 
|  83|0x00000000c5300000, 0x00000000c5400000, 0x00000000c5400000|100%|HS|  |TAMS 0x00000000c5300000| PB 0x00000000c5300000| Complete 
|  84|0x00000000c5400000, 0x00000000c5500000, 0x00000000c5500000|100%| O|Cm|TAMS 0x00000000c5400000| PB 0x00000000c5400000| Complete 
|  85|0x00000000c5500000, 0x00000000c5600000, 0x00000000c5600000|100%|HS|  |TAMS 0x00000000c5500000| PB 0x00000000c5500000| Complete 
|  86|0x00000000c5600000, 0x00000000c5700000, 0x00000000c5700000|100%|HC|  |TAMS 0x00000000c5600000| PB 0x00000000c5600000| Complete 
|  87|0x00000000c5700000, 0x00000000c5800000, 0x00000000c5800000|100%| O|  |TAMS 0x00000000c5700000| PB 0x00000000c5700000| Untracked 
|  88|0x00000000c5800000, 0x00000000c5900000, 0x00000000c5900000|100%| O|  |TAMS 0x00000000c5800000| PB 0x00000000c5800000| Untracked 
|  89|0x00000000c5900000, 0x00000000c5a00000, 0x00000000c5a00000|100%| O|  |TAMS 0x00000000c5900000| PB 0x00000000c5900000| Untracked 
|  90|0x00000000c5a00000, 0x00000000c5b00000, 0x00000000c5b00000|100%| O|  |TAMS 0x00000000c5a00000| PB 0x00000000c5a00000| Untracked 
|  91|0x00000000c5b00000, 0x00000000c5c00000, 0x00000000c5c00000|100%| O|  |TAMS 0x00000000c5b00000| PB 0x00000000c5b00000| Untracked 
|  92|0x00000000c5c00000, 0x00000000c5d00000, 0x00000000c5d00000|100%| O|  |TAMS 0x00000000c5c00000| PB 0x00000000c5c00000| Untracked 
|  93|0x00000000c5d00000, 0x00000000c5d00000, 0x00000000c5e00000|  0%| F|  |TAMS 0x00000000c5d00000| PB 0x00000000c5d00000| Untracked 
|  94|0x00000000c5e00000, 0x00000000c5f00000, 0x00000000c5f00000|100%| O|  |TAMS 0x00000000c5e00000| PB 0x00000000c5e00000| Untracked 
|  95|0x00000000c5f00000, 0x00000000c6000000, 0x00000000c6000000|100%| O|  |TAMS 0x00000000c5f00000| PB 0x00000000c5f00000| Untracked 
|  96|0x00000000c6000000, 0x00000000c6100000, 0x00000000c6100000|100%| O|  |TAMS 0x00000000c6000000| PB 0x00000000c6000000| Untracked 
|  97|0x00000000c6100000, 0x00000000c6200000, 0x00000000c6200000|100%| O|  |TAMS 0x00000000c6100000| PB 0x00000000c6100000| Untracked 
|  98|0x00000000c6200000, 0x00000000c6300000, 0x00000000c6300000|100%| O|  |TAMS 0x00000000c6200000| PB 0x00000000c6200000| Untracked 
|  99|0x00000000c6300000, 0x00000000c6400000, 0x00000000c6400000|100%| O|  |TAMS 0x00000000c6300000| PB 0x00000000c6300000| Untracked 
| 100|0x00000000c6400000, 0x00000000c6500000, 0x00000000c6500000|100%| O|  |TAMS 0x00000000c6400000| PB 0x00000000c6400000| Untracked 
| 101|0x00000000c6500000, 0x00000000c6600000, 0x00000000c6600000|100%| O|  |TAMS 0x00000000c6500000| PB 0x00000000c6500000| Untracked 
| 102|0x00000000c6600000, 0x00000000c6600000, 0x00000000c6700000|  0%| F|  |TAMS 0x00000000c6600000| PB 0x00000000c6600000| Untracked 
| 103|0x00000000c6700000, 0x00000000c6800000, 0x00000000c6800000|100%| O|  |TAMS 0x00000000c6700000| PB 0x00000000c6700000| Untracked 
| 104|0x00000000c6800000, 0x00000000c6900000, 0x00000000c6900000|100%| O|  |TAMS 0x00000000c6800000| PB 0x00000000c6800000| Untracked 
| 105|0x00000000c6900000, 0x00000000c6a00000, 0x00000000c6a00000|100%| O|  |TAMS 0x00000000c6900000| PB 0x00000000c6900000| Untracked 
| 106|0x00000000c6a00000, 0x00000000c6a00000, 0x00000000c6b00000|  0%| F|  |TAMS 0x00000000c6a00000| PB 0x00000000c6a00000| Untracked 
| 107|0x00000000c6b00000, 0x00000000c6c00000, 0x00000000c6c00000|100%|HS|  |TAMS 0x00000000c6b00000| PB 0x00000000c6b00000| Complete 
| 108|0x00000000c6c00000, 0x00000000c6d00000, 0x00000000c6d00000|100%|HS|  |TAMS 0x00000000c6c00000| PB 0x00000000c6c00000| Complete 
| 109|0x00000000c6d00000, 0x00000000c6e00000, 0x00000000c6e00000|100%|HS|  |TAMS 0x00000000c6d00000| PB 0x00000000c6d00000| Complete 
| 110|0x00000000c6e00000, 0x00000000c6f00000, 0x00000000c6f00000|100%|HC|  |TAMS 0x00000000c6e00000| PB 0x00000000c6e00000| Complete 
| 111|0x00000000c6f00000, 0x00000000c7000000, 0x00000000c7000000|100%| O|Cm|TAMS 0x00000000c6f00000| PB 0x00000000c6f00000| Complete 
| 112|0x00000000c7000000, 0x00000000c7100000, 0x00000000c7100000|100%| O|  |TAMS 0x00000000c7000000| PB 0x00000000c7000000| Untracked 
| 113|0x00000000c7100000, 0x00000000c7200000, 0x00000000c7200000|100%| O|  |TAMS 0x00000000c7100000| PB 0x00000000c7100000| Untracked 
| 114|0x00000000c7200000, 0x00000000c7300000, 0x00000000c7300000|100%| O|  |TAMS 0x00000000c7200000| PB 0x00000000c7200000| Untracked 
| 115|0x00000000c7300000, 0x00000000c7400000, 0x00000000c7400000|100%|HS|  |TAMS 0x00000000c7300000| PB 0x00000000c7300000| Complete 
| 116|0x00000000c7400000, 0x00000000c7500000, 0x00000000c7500000|100%|HS|  |TAMS 0x00000000c7400000| PB 0x00000000c7400000| Complete 
| 117|0x00000000c7500000, 0x00000000c7600000, 0x00000000c7600000|100%|HS|  |TAMS 0x00000000c7500000| PB 0x00000000c7500000| Complete 
| 118|0x00000000c7600000, 0x00000000c7700000, 0x00000000c7700000|100%| O|  |TAMS 0x00000000c7600000| PB 0x00000000c7600000| Untracked 
| 119|0x00000000c7700000, 0x00000000c7800000, 0x00000000c7800000|100%| O|  |TAMS 0x00000000c7700000| PB 0x00000000c7700000| Untracked 
| 120|0x00000000c7800000, 0x00000000c7900000, 0x00000000c7900000|100%| O|  |TAMS 0x00000000c7800000| PB 0x00000000c7800000| Untracked 
| 121|0x00000000c7900000, 0x00000000c7a00000, 0x00000000c7a00000|100%| O|  |TAMS 0x00000000c7900000| PB 0x00000000c7900000| Untracked 
| 122|0x00000000c7a00000, 0x00000000c7b00000, 0x00000000c7b00000|100%| O|  |TAMS 0x00000000c7a00000| PB 0x00000000c7a00000| Untracked 
| 123|0x00000000c7b00000, 0x00000000c7c00000, 0x00000000c7c00000|100%| O|  |TAMS 0x00000000c7b00000| PB 0x00000000c7b00000| Untracked 
| 124|0x00000000c7c00000, 0x00000000c7d00000, 0x00000000c7d00000|100%| O|  |TAMS 0x00000000c7c00000| PB 0x00000000c7c00000| Untracked 
| 125|0x00000000c7d00000, 0x00000000c7d00000, 0x00000000c7e00000|  0%| F|  |TAMS 0x00000000c7d00000| PB 0x00000000c7d00000| Untracked 
| 126|0x00000000c7e00000, 0x00000000c7f00000, 0x00000000c7f00000|100%| O|  |TAMS 0x00000000c7e00000| PB 0x00000000c7e00000| Untracked 
| 127|0x00000000c7f00000, 0x00000000c8000000, 0x00000000c8000000|100%|HS|  |TAMS 0x00000000c7f00000| PB 0x00000000c7f00000| Complete 
| 128|0x00000000c8000000, 0x00000000c8100000, 0x00000000c8100000|100%|HC|  |TAMS 0x00000000c8000000| PB 0x00000000c8000000| Complete 
| 129|0x00000000c8100000, 0x00000000c8200000, 0x00000000c8200000|100%|HC|  |TAMS 0x00000000c8100000| PB 0x00000000c8100000| Complete 
| 130|0x00000000c8200000, 0x00000000c8300000, 0x00000000c8300000|100%|HC|  |TAMS 0x00000000c8200000| PB 0x00000000c8200000| Complete 
| 131|0x00000000c8300000, 0x00000000c8400000, 0x00000000c8400000|100%| O|  |TAMS 0x00000000c8300000| PB 0x00000000c8300000| Untracked 
| 132|0x00000000c8400000, 0x00000000c8500000, 0x00000000c8500000|100%| O|  |TAMS 0x00000000c8400000| PB 0x00000000c8400000| Untracked 
| 133|0x00000000c8500000, 0x00000000c8600000, 0x00000000c8600000|100%|HS|  |TAMS 0x00000000c8500000| PB 0x00000000c8500000| Complete 
| 134|0x00000000c8600000, 0x00000000c8700000, 0x00000000c8700000|100%|HS|  |TAMS 0x00000000c8600000| PB 0x00000000c8600000| Complete 
| 135|0x00000000c8700000, 0x00000000c8800000, 0x00000000c8800000|100%|HS|  |TAMS 0x00000000c8700000| PB 0x00000000c8700000| Complete 
| 136|0x00000000c8800000, 0x00000000c8900000, 0x00000000c8900000|100%| O|  |TAMS 0x00000000c8800000| PB 0x00000000c8800000| Untracked 
| 137|0x00000000c8900000, 0x00000000c8a00000, 0x00000000c8a00000|100%| O|  |TAMS 0x00000000c8900000| PB 0x00000000c8900000| Untracked 
| 138|0x00000000c8a00000, 0x00000000c8b00000, 0x00000000c8b00000|100%| O|  |TAMS 0x00000000c8a00000| PB 0x00000000c8a00000| Untracked 
| 139|0x00000000c8b00000, 0x00000000c8c00000, 0x00000000c8c00000|100%| O|Cm|TAMS 0x00000000c8b00000| PB 0x00000000c8b00000| Complete 
| 140|0x00000000c8c00000, 0x00000000c8d00000, 0x00000000c8d00000|100%| O|  |TAMS 0x00000000c8c00000| PB 0x00000000c8c00000| Untracked 
| 141|0x00000000c8d00000, 0x00000000c8e00000, 0x00000000c8e00000|100%| O|Cm|TAMS 0x00000000c8d00000| PB 0x00000000c8d00000| Complete 
| 142|0x00000000c8e00000, 0x00000000c8f00000, 0x00000000c8f00000|100%| O|  |TAMS 0x00000000c8e00000| PB 0x00000000c8e00000| Untracked 
| 143|0x00000000c8f00000, 0x00000000c9000000, 0x00000000c9000000|100%| O|  |TAMS 0x00000000c8f00000| PB 0x00000000c8f00000| Untracked 
| 144|0x00000000c9000000, 0x00000000c9100000, 0x00000000c9100000|100%| O|Cm|TAMS 0x00000000c9000000| PB 0x00000000c9000000| Complete 
| 145|0x00000000c9100000, 0x00000000c9200000, 0x00000000c9200000|100%| O|  |TAMS 0x00000000c9100000| PB 0x00000000c9100000| Untracked 
| 146|0x00000000c9200000, 0x00000000c9300000, 0x00000000c9300000|100%| O|  |TAMS 0x00000000c9200000| PB 0x00000000c9200000| Untracked 
| 147|0x00000000c9300000, 0x00000000c9400000, 0x00000000c9400000|100%| O|  |TAMS 0x00000000c9300000| PB 0x00000000c9300000| Untracked 
| 148|0x00000000c9400000, 0x00000000c9500000, 0x00000000c9500000|100%| O|  |TAMS 0x00000000c9400000| PB 0x00000000c9400000| Untracked 
| 149|0x00000000c9500000, 0x00000000c9600000, 0x00000000c9600000|100%| O|  |TAMS 0x00000000c9500000| PB 0x00000000c9500000| Untracked 
| 150|0x00000000c9600000, 0x00000000c9700000, 0x00000000c9700000|100%| O|  |TAMS 0x00000000c9600000| PB 0x00000000c9600000| Untracked 
| 151|0x00000000c9700000, 0x00000000c9800000, 0x00000000c9800000|100%| O|  |TAMS 0x00000000c9700000| PB 0x00000000c9700000| Untracked 
| 152|0x00000000c9800000, 0x00000000c9900000, 0x00000000c9900000|100%| O|  |TAMS 0x00000000c9800000| PB 0x00000000c9800000| Untracked 
| 153|0x00000000c9900000, 0x00000000c9a00000, 0x00000000c9a00000|100%| O|  |TAMS 0x00000000c9900000| PB 0x00000000c9900000| Untracked 
| 154|0x00000000c9a00000, 0x00000000c9b00000, 0x00000000c9b00000|100%| O|  |TAMS 0x00000000c9a00000| PB 0x00000000c9a00000| Untracked 
| 155|0x00000000c9b00000, 0x00000000c9c00000, 0x00000000c9c00000|100%|HS|  |TAMS 0x00000000c9b00000| PB 0x00000000c9b00000| Complete 
| 156|0x00000000c9c00000, 0x00000000c9d00000, 0x00000000c9d00000|100%|HC|  |TAMS 0x00000000c9c00000| PB 0x00000000c9c00000| Complete 
| 157|0x00000000c9d00000, 0x00000000c9e00000, 0x00000000c9e00000|100%| O|  |TAMS 0x00000000c9d00000| PB 0x00000000c9d00000| Untracked 
| 158|0x00000000c9e00000, 0x00000000c9f00000, 0x00000000c9f00000|100%| O|  |TAMS 0x00000000c9e00000| PB 0x00000000c9e00000| Untracked 
| 159|0x00000000c9f00000, 0x00000000c9f00000, 0x00000000ca000000|  0%| F|  |TAMS 0x00000000c9f00000| PB 0x00000000c9f00000| Untracked 
| 160|0x00000000ca000000, 0x00000000ca000000, 0x00000000ca100000|  0%| F|  |TAMS 0x00000000ca000000| PB 0x00000000ca000000| Untracked 
| 161|0x00000000ca100000, 0x00000000ca200000, 0x00000000ca200000|100%| O|Cm|TAMS 0x00000000ca100000| PB 0x00000000ca100000| Complete 
| 162|0x00000000ca200000, 0x00000000ca300000, 0x00000000ca300000|100%| O|  |TAMS 0x00000000ca200000| PB 0x00000000ca200000| Untracked 
| 163|0x00000000ca300000, 0x00000000ca300000, 0x00000000ca400000|  0%| F|  |TAMS 0x00000000ca300000| PB 0x00000000ca300000| Untracked 
| 164|0x00000000ca400000, 0x00000000ca400000, 0x00000000ca500000|  0%| F|  |TAMS 0x00000000ca400000| PB 0x00000000ca400000| Untracked 
| 165|0x00000000ca500000, 0x00000000ca500000, 0x00000000ca600000|  0%| F|  |TAMS 0x00000000ca500000| PB 0x00000000ca500000| Untracked 
| 166|0x00000000ca600000, 0x00000000ca700000, 0x00000000ca700000|100%| O|Cm|TAMS 0x00000000ca600000| PB 0x00000000ca600000| Complete 
| 167|0x00000000ca700000, 0x00000000ca700000, 0x00000000ca800000|  0%| F|  |TAMS 0x00000000ca700000| PB 0x00000000ca700000| Untracked 
| 168|0x00000000ca800000, 0x00000000ca830480, 0x00000000ca900000| 18%| O|  |TAMS 0x00000000ca800000| PB 0x00000000ca800000| Untracked 
| 169|0x00000000ca900000, 0x00000000caa00000, 0x00000000caa00000|100%| O|  |TAMS 0x00000000ca900000| PB 0x00000000ca900000| Untracked 
| 170|0x00000000caa00000, 0x00000000caa00000, 0x00000000cab00000|  0%| F|  |TAMS 0x00000000caa00000| PB 0x00000000caa00000| Untracked 
| 171|0x00000000cab00000, 0x00000000cac00000, 0x00000000cac00000|100%| O|  |TAMS 0x00000000cab00000| PB 0x00000000cab00000| Untracked 
| 172|0x00000000cac00000, 0x00000000cad00000, 0x00000000cad00000|100%| O|  |TAMS 0x00000000cac00000| PB 0x00000000cac00000| Untracked 
| 173|0x00000000cad00000, 0x00000000cad00000, 0x00000000cae00000|  0%| F|  |TAMS 0x00000000cad00000| PB 0x00000000cad00000| Untracked 
| 174|0x00000000cae00000, 0x00000000caf00000, 0x00000000caf00000|100%| O|  |TAMS 0x00000000cae00000| PB 0x00000000cae00000| Untracked 
| 175|0x00000000caf00000, 0x00000000cb000000, 0x00000000cb000000|100%| O|  |TAMS 0x00000000caf00000| PB 0x00000000caf00000| Untracked 
| 176|0x00000000cb000000, 0x00000000cb100000, 0x00000000cb100000|100%| O|  |TAMS 0x00000000cb000000| PB 0x00000000cb000000| Untracked 
| 177|0x00000000cb100000, 0x00000000cb200000, 0x00000000cb200000|100%| O|  |TAMS 0x00000000cb100000| PB 0x00000000cb100000| Untracked 
| 178|0x00000000cb200000, 0x00000000cb200000, 0x00000000cb300000|  0%| F|  |TAMS 0x00000000cb200000| PB 0x00000000cb200000| Untracked 
| 179|0x00000000cb300000, 0x00000000cb300000, 0x00000000cb400000|  0%| F|  |TAMS 0x00000000cb300000| PB 0x00000000cb300000| Untracked 
| 180|0x00000000cb400000, 0x00000000cb500000, 0x00000000cb500000|100%| O|  |TAMS 0x00000000cb400000| PB 0x00000000cb400000| Untracked 
| 181|0x00000000cb500000, 0x00000000cb600000, 0x00000000cb600000|100%| O|  |TAMS 0x00000000cb500000| PB 0x00000000cb500000| Untracked 
| 182|0x00000000cb600000, 0x00000000cb700000, 0x00000000cb700000|100%| O|  |TAMS 0x00000000cb600000| PB 0x00000000cb600000| Untracked 
| 183|0x00000000cb700000, 0x00000000cb800000, 0x00000000cb800000|100%| O|  |TAMS 0x00000000cb700000| PB 0x00000000cb700000| Untracked 
| 184|0x00000000cb800000, 0x00000000cb900000, 0x00000000cb900000|100%| O|  |TAMS 0x00000000cb800000| PB 0x00000000cb800000| Untracked 
| 185|0x00000000cb900000, 0x00000000cba00000, 0x00000000cba00000|100%| O|  |TAMS 0x00000000cb900000| PB 0x00000000cb900000| Untracked 
| 186|0x00000000cba00000, 0x00000000cba00000, 0x00000000cbb00000|  0%| F|  |TAMS 0x00000000cba00000| PB 0x00000000cba00000| Untracked 
| 187|0x00000000cbb00000, 0x00000000cbb00000, 0x00000000cbc00000|  0%| F|  |TAMS 0x00000000cbb00000| PB 0x00000000cbb00000| Untracked 
| 188|0x00000000cbc00000, 0x00000000cbc00000, 0x00000000cbd00000|  0%| F|  |TAMS 0x00000000cbc00000| PB 0x00000000cbc00000| Untracked 
| 189|0x00000000cbd00000, 0x00000000cbe00000, 0x00000000cbe00000|100%| O|  |TAMS 0x00000000cbd00000| PB 0x00000000cbd00000| Untracked 
| 190|0x00000000cbe00000, 0x00000000cbf00000, 0x00000000cbf00000|100%| O|  |TAMS 0x00000000cbe00000| PB 0x00000000cbe00000| Untracked 
| 191|0x00000000cbf00000, 0x00000000cc000000, 0x00000000cc000000|100%| O|  |TAMS 0x00000000cbf00000| PB 0x00000000cbf00000| Untracked 
| 192|0x00000000cc000000, 0x00000000cc100000, 0x00000000cc100000|100%| O|  |TAMS 0x00000000cc000000| PB 0x00000000cc000000| Untracked 
| 193|0x00000000cc100000, 0x00000000cc100000, 0x00000000cc200000|  0%| F|  |TAMS 0x00000000cc100000| PB 0x00000000cc100000| Untracked 
| 194|0x00000000cc200000, 0x00000000cc300000, 0x00000000cc300000|100%| O|  |TAMS 0x00000000cc200000| PB 0x00000000cc200000| Untracked 
| 195|0x00000000cc300000, 0x00000000cc400000, 0x00000000cc400000|100%| O|  |TAMS 0x00000000cc300000| PB 0x00000000cc300000| Untracked 
| 196|0x00000000cc400000, 0x00000000cc500000, 0x00000000cc500000|100%| O|Cm|TAMS 0x00000000cc400000| PB 0x00000000cc400000| Complete 
| 197|0x00000000cc500000, 0x00000000cc600000, 0x00000000cc600000|100%| O|  |TAMS 0x00000000cc500000| PB 0x00000000cc500000| Untracked 
| 198|0x00000000cc600000, 0x00000000cc700000, 0x00000000cc700000|100%| O|Cm|TAMS 0x00000000cc600000| PB 0x00000000cc600000| Complete 
| 199|0x00000000cc700000, 0x00000000cc700000, 0x00000000cc800000|  0%| F|  |TAMS 0x00000000cc700000| PB 0x00000000cc700000| Untracked 
| 200|0x00000000cc800000, 0x00000000cc900000, 0x00000000cc900000|100%| O|  |TAMS 0x00000000cc800000| PB 0x00000000cc800000| Untracked 
| 201|0x00000000cc900000, 0x00000000cca00000, 0x00000000cca00000|100%| O|  |TAMS 0x00000000cc900000| PB 0x00000000cc900000| Untracked 
| 202|0x00000000cca00000, 0x00000000cca00000, 0x00000000ccb00000|  0%| F|  |TAMS 0x00000000cca00000| PB 0x00000000cca00000| Untracked 
| 203|0x00000000ccb00000, 0x00000000ccb00000, 0x00000000ccc00000|  0%| F|  |TAMS 0x00000000ccb00000| PB 0x00000000ccb00000| Untracked 
| 204|0x00000000ccc00000, 0x00000000ccd00000, 0x00000000ccd00000|100%| O|  |TAMS 0x00000000ccc00000| PB 0x00000000ccc00000| Untracked 
| 205|0x00000000ccd00000, 0x00000000cce00000, 0x00000000cce00000|100%| O|  |TAMS 0x00000000ccd00000| PB 0x00000000ccd00000| Untracked 
| 206|0x00000000cce00000, 0x00000000ccf00000, 0x00000000ccf00000|100%| O|  |TAMS 0x00000000cce00000| PB 0x00000000cce00000| Untracked 
| 207|0x00000000ccf00000, 0x00000000ccf00000, 0x00000000cd000000|  0%| F|  |TAMS 0x00000000ccf00000| PB 0x00000000ccf00000| Untracked 
| 208|0x00000000cd000000, 0x00000000cd000000, 0x00000000cd100000|  0%| F|  |TAMS 0x00000000cd000000| PB 0x00000000cd000000| Untracked 
| 209|0x00000000cd100000, 0x00000000cd200000, 0x00000000cd200000|100%| S|CS|TAMS 0x00000000cd100000| PB 0x00000000cd100000| Complete 
| 210|0x00000000cd200000, 0x00000000cd300000, 0x00000000cd300000|100%| S|CS|TAMS 0x00000000cd200000| PB 0x00000000cd200000| Complete 
| 211|0x00000000cd300000, 0x00000000cd400000, 0x00000000cd400000|100%| S|CS|TAMS 0x00000000cd300000| PB 0x00000000cd300000| Complete 
| 212|0x00000000cd400000, 0x00000000cd500000, 0x00000000cd500000|100%| S|CS|TAMS 0x00000000cd400000| PB 0x00000000cd400000| Complete 
| 213|0x00000000cd500000, 0x00000000cd600000, 0x00000000cd600000|100%| S|CS|TAMS 0x00000000cd500000| PB 0x00000000cd500000| Complete 
| 214|0x00000000cd600000, 0x00000000cd700000, 0x00000000cd700000|100%| O|  |TAMS 0x00000000cd600000| PB 0x00000000cd600000| Untracked 
| 215|0x00000000cd700000, 0x00000000cd800000, 0x00000000cd800000|100%| O|  |TAMS 0x00000000cd700000| PB 0x00000000cd700000| Untracked 
| 216|0x00000000cd800000, 0x00000000cd900000, 0x00000000cd900000|100%| S|CS|TAMS 0x00000000cd800000| PB 0x00000000cd800000| Complete 
| 217|0x00000000cd900000, 0x00000000cda00000, 0x00000000cda00000|100%| S|CS|TAMS 0x00000000cd900000| PB 0x00000000cd900000| Complete 
| 218|0x00000000cda00000, 0x00000000cdb00000, 0x00000000cdb00000|100%| S|CS|TAMS 0x00000000cda00000| PB 0x00000000cda00000| Complete 
| 219|0x00000000cdb00000, 0x00000000cdc00000, 0x00000000cdc00000|100%| O|Cm|TAMS 0x00000000cdb00000| PB 0x00000000cdb00000| Complete 
| 220|0x00000000cdc00000, 0x00000000cdd00000, 0x00000000cdd00000|100%| S|CS|TAMS 0x00000000cdc00000| PB 0x00000000cdc00000| Complete 
| 221|0x00000000cdd00000, 0x00000000cde00000, 0x00000000cde00000|100%| O|  |TAMS 0x00000000cdd00000| PB 0x00000000cdd00000| Untracked 
| 222|0x00000000cde00000, 0x00000000cdf00000, 0x00000000cdf00000|100%| S|CS|TAMS 0x00000000cde00000| PB 0x00000000cde00000| Complete 
| 223|0x00000000cdf00000, 0x00000000ce000000, 0x00000000ce000000|100%| O|  |TAMS 0x00000000cdf00000| PB 0x00000000cdf00000| Untracked 
| 224|0x00000000ce000000, 0x00000000ce100000, 0x00000000ce100000|100%| O|  |TAMS 0x00000000ce000000| PB 0x00000000ce000000| Untracked 
| 225|0x00000000ce100000, 0x00000000ce200000, 0x00000000ce200000|100%| O|  |TAMS 0x00000000ce100000| PB 0x00000000ce100000| Untracked 
| 226|0x00000000ce200000, 0x00000000ce300000, 0x00000000ce300000|100%| S|CS|TAMS 0x00000000ce200000| PB 0x00000000ce200000| Complete 
| 227|0x00000000ce300000, 0x00000000ce400000, 0x00000000ce400000|100%| O|  |TAMS 0x00000000ce300000| PB 0x00000000ce300000| Untracked 
| 228|0x00000000ce400000, 0x00000000ce500000, 0x00000000ce500000|100%| O|  |TAMS 0x00000000ce400000| PB 0x00000000ce400000| Untracked 
| 229|0x00000000ce500000, 0x00000000ce600000, 0x00000000ce600000|100%| O|  |TAMS 0x00000000ce500000| PB 0x00000000ce500000| Untracked 
| 230|0x00000000ce600000, 0x00000000ce700000, 0x00000000ce700000|100%| S|CS|TAMS 0x00000000ce600000| PB 0x00000000ce600000| Complete 
| 231|0x00000000ce700000, 0x00000000ce800000, 0x00000000ce800000|100%| O|  |TAMS 0x00000000ce700000| PB 0x00000000ce700000| Untracked 
| 232|0x00000000ce800000, 0x00000000ce900000, 0x00000000ce900000|100%| O|  |TAMS 0x00000000ce800000| PB 0x00000000ce800000| Untracked 
| 233|0x00000000ce900000, 0x00000000cea00000, 0x00000000cea00000|100%| O|  |TAMS 0x00000000ce900000| PB 0x00000000ce900000| Untracked 
| 234|0x00000000cea00000, 0x00000000ceb00000, 0x00000000ceb00000|100%| S|CS|TAMS 0x00000000cea00000| PB 0x00000000cea00000| Complete 
| 235|0x00000000ceb00000, 0x00000000cec00000, 0x00000000cec00000|100%| O|  |TAMS 0x00000000ceb00000| PB 0x00000000ceb00000| Untracked 
| 236|0x00000000cec00000, 0x00000000ced00000, 0x00000000ced00000|100%| S|CS|TAMS 0x00000000cec00000| PB 0x00000000cec00000| Complete 
| 237|0x00000000ced00000, 0x00000000cee00000, 0x00000000cee00000|100%| O|  |TAMS 0x00000000ced00000| PB 0x00000000ced00000| Untracked 
| 238|0x00000000cee00000, 0x00000000cef00000, 0x00000000cef00000|100%| O|  |TAMS 0x00000000cee00000| PB 0x00000000cee00000| Untracked 
| 239|0x00000000cef00000, 0x00000000cf000000, 0x00000000cf000000|100%| O|  |TAMS 0x00000000cef00000| PB 0x00000000cef00000| Untracked 
| 240|0x00000000cf000000, 0x00000000cf100000, 0x00000000cf100000|100%| O|  |TAMS 0x00000000cf000000| PB 0x00000000cf000000| Untracked 
| 241|0x00000000cf100000, 0x00000000cf200000, 0x00000000cf200000|100%| O|  |TAMS 0x00000000cf100000| PB 0x00000000cf100000| Untracked 
| 242|0x00000000cf200000, 0x00000000cf300000, 0x00000000cf300000|100%| O|  |TAMS 0x00000000cf200000| PB 0x00000000cf200000| Untracked 
| 243|0x00000000cf300000, 0x00000000cf400000, 0x00000000cf400000|100%| O|  |TAMS 0x00000000cf300000| PB 0x00000000cf300000| Untracked 
| 244|0x00000000cf400000, 0x00000000cf500000, 0x00000000cf500000|100%| O|  |TAMS 0x00000000cf400000| PB 0x00000000cf400000| Untracked 
| 245|0x00000000cf500000, 0x00000000cf600000, 0x00000000cf600000|100%| O|  |TAMS 0x00000000cf500000| PB 0x00000000cf500000| Untracked 
| 246|0x00000000cf600000, 0x00000000cf700000, 0x00000000cf700000|100%| O|  |TAMS 0x00000000cf600000| PB 0x00000000cf600000| Untracked 
| 247|0x00000000cf700000, 0x00000000cf800000, 0x00000000cf800000|100%| S|CS|TAMS 0x00000000cf700000| PB 0x00000000cf700000| Complete 
| 248|0x00000000cf800000, 0x00000000cf900000, 0x00000000cf900000|100%| O|Cm|TAMS 0x00000000cf800000| PB 0x00000000cf800000| Complete 
| 249|0x00000000cf900000, 0x00000000cfa00000, 0x00000000cfa00000|100%| O|Cm|TAMS 0x00000000cf900000| PB 0x00000000cf900000| Complete 
| 250|0x00000000cfa00000, 0x00000000cfb00000, 0x00000000cfb00000|100%| O|  |TAMS 0x00000000cfa00000| PB 0x00000000cfa00000| Untracked 
| 251|0x00000000cfb00000, 0x00000000cfc00000, 0x00000000cfc00000|100%| O|  |TAMS 0x00000000cfb00000| PB 0x00000000cfb00000| Untracked 
| 252|0x00000000cfc00000, 0x00000000cfd00000, 0x00000000cfd00000|100%| S|CS|TAMS 0x00000000cfc00000| PB 0x00000000cfc00000| Complete 
| 253|0x00000000cfd00000, 0x00000000cfe00000, 0x00000000cfe00000|100%| S|CS|TAMS 0x00000000cfd00000| PB 0x00000000cfd00000| Complete 
| 254|0x00000000cfe00000, 0x00000000cff00000, 0x00000000cff00000|100%| O|Cm|TAMS 0x00000000cfe00000| PB 0x00000000cfe00000| Complete 
| 255|0x00000000cff00000, 0x00000000d0000000, 0x00000000d0000000|100%| O|  |TAMS 0x00000000cff00000| PB 0x00000000cff00000| Untracked 
| 256|0x00000000d0000000, 0x00000000d0100000, 0x00000000d0100000|100%| O|Cm|TAMS 0x00000000d0000000| PB 0x00000000d0000000| Complete 
| 257|0x00000000d0100000, 0x00000000d0200000, 0x00000000d0200000|100%| S|CS|TAMS 0x00000000d0100000| PB 0x00000000d0100000| Complete 
| 258|0x00000000d0200000, 0x00000000d0300000, 0x00000000d0300000|100%| S|CS|TAMS 0x00000000d0200000| PB 0x00000000d0200000| Complete 
| 259|0x00000000d0300000, 0x00000000d0400000, 0x00000000d0400000|100%| S|CS|TAMS 0x00000000d0300000| PB 0x00000000d0300000| Complete 
| 260|0x00000000d0400000, 0x00000000d0500000, 0x00000000d0500000|100%| O|Cm|TAMS 0x00000000d0400000| PB 0x00000000d0400000| Complete 
| 261|0x00000000d0500000, 0x00000000d0600000, 0x00000000d0600000|100%| S|CS|TAMS 0x00000000d0500000| PB 0x00000000d0500000| Complete 
| 262|0x00000000d0600000, 0x00000000d0700000, 0x00000000d0700000|100%| S|CS|TAMS 0x00000000d0600000| PB 0x00000000d0600000| Complete 
| 263|0x00000000d0700000, 0x00000000d0800000, 0x00000000d0800000|100%| S|CS|TAMS 0x00000000d0700000| PB 0x00000000d0700000| Complete 
| 264|0x00000000d0800000, 0x00000000d0900000, 0x00000000d0900000|100%| S|CS|TAMS 0x00000000d0800000| PB 0x00000000d0800000| Complete 
| 265|0x00000000d0900000, 0x00000000d0a00000, 0x00000000d0a00000|100%| S|CS|TAMS 0x00000000d0900000| PB 0x00000000d0900000| Complete 
| 266|0x00000000d0a00000, 0x00000000d0b00000, 0x00000000d0b00000|100%| S|CS|TAMS 0x00000000d0a00000| PB 0x00000000d0a00000| Complete 
| 267|0x00000000d0b00000, 0x00000000d0c00000, 0x00000000d0c00000|100%| S|CS|TAMS 0x00000000d0b00000| PB 0x00000000d0b00000| Complete 
| 268|0x00000000d0c00000, 0x00000000d0d00000, 0x00000000d0d00000|100%| S|CS|TAMS 0x00000000d0c00000| PB 0x00000000d0c00000| Complete 
| 269|0x00000000d0d00000, 0x00000000d0e00000, 0x00000000d0e00000|100%| S|CS|TAMS 0x00000000d0d00000| PB 0x00000000d0d00000| Complete 
| 270|0x00000000d0e00000, 0x00000000d0f00000, 0x00000000d0f00000|100%| S|CS|TAMS 0x00000000d0e00000| PB 0x00000000d0e00000| Complete 
| 271|0x00000000d0f00000, 0x00000000d1000000, 0x00000000d1000000|100%| S|CS|TAMS 0x00000000d0f00000| PB 0x00000000d0f00000| Complete 
| 272|0x00000000d1000000, 0x00000000d1100000, 0x00000000d1100000|100%| S|CS|TAMS 0x00000000d1000000| PB 0x00000000d1000000| Complete 
| 273|0x00000000d1100000, 0x00000000d1200000, 0x00000000d1200000|100%| S|CS|TAMS 0x00000000d1100000| PB 0x00000000d1100000| Complete 
| 274|0x00000000d1200000, 0x00000000d1300000, 0x00000000d1300000|100%| S|CS|TAMS 0x00000000d1200000| PB 0x00000000d1200000| Complete 
| 275|0x00000000d1300000, 0x00000000d1400000, 0x00000000d1400000|100%| O|  |TAMS 0x00000000d1300000| PB 0x00000000d1300000| Untracked 
| 276|0x00000000d1400000, 0x00000000d1500000, 0x00000000d1500000|100%| O|  |TAMS 0x00000000d1400000| PB 0x00000000d1400000| Untracked 
| 277|0x00000000d1500000, 0x00000000d1600000, 0x00000000d1600000|100%| O|  |TAMS 0x00000000d1500000| PB 0x00000000d1500000| Untracked 
| 278|0x00000000d1600000, 0x00000000d1700000, 0x00000000d1700000|100%| O|  |TAMS 0x00000000d1600000| PB 0x00000000d1600000| Untracked 
| 279|0x00000000d1700000, 0x00000000d1800000, 0x00000000d1800000|100%| O|  |TAMS 0x00000000d1700000| PB 0x00000000d1700000| Untracked 
| 280|0x00000000d1800000, 0x00000000d1900000, 0x00000000d1900000|100%| O|  |TAMS 0x00000000d1800000| PB 0x00000000d1800000| Untracked 
| 281|0x00000000d1900000, 0x00000000d1a00000, 0x00000000d1a00000|100%| O|  |TAMS 0x00000000d1900000| PB 0x00000000d1900000| Untracked 
| 282|0x00000000d1a00000, 0x00000000d1b00000, 0x00000000d1b00000|100%| S|CS|TAMS 0x00000000d1a00000| PB 0x00000000d1a00000| Complete 
| 283|0x00000000d1b00000, 0x00000000d1c00000, 0x00000000d1c00000|100%| O|  |TAMS 0x00000000d1b00000| PB 0x00000000d1b00000| Untracked 
| 284|0x00000000d1c00000, 0x00000000d1d00000, 0x00000000d1d00000|100%| S|CS|TAMS 0x00000000d1c00000| PB 0x00000000d1c00000| Complete 
| 285|0x00000000d1d00000, 0x00000000d1e00000, 0x00000000d1e00000|100%| S|CS|TAMS 0x00000000d1d00000| PB 0x00000000d1d00000| Complete 
| 286|0x00000000d1e00000, 0x00000000d1f00000, 0x00000000d1f00000|100%| S|CS|TAMS 0x00000000d1e00000| PB 0x00000000d1e00000| Complete 
| 287|0x00000000d1f00000, 0x00000000d2000000, 0x00000000d2000000|100%| S|CS|TAMS 0x00000000d1f00000| PB 0x00000000d1f00000| Complete 
| 288|0x00000000d2000000, 0x00000000d2100000, 0x00000000d2100000|100%| S|CS|TAMS 0x00000000d2000000| PB 0x00000000d2000000| Complete 
| 289|0x00000000d2100000, 0x00000000d2200000, 0x00000000d2200000|100%| S|CS|TAMS 0x00000000d2100000| PB 0x00000000d2100000| Complete 
| 290|0x00000000d2200000, 0x00000000d2300000, 0x00000000d2300000|100%| S|CS|TAMS 0x00000000d2200000| PB 0x00000000d2200000| Complete 
| 291|0x00000000d2300000, 0x00000000d2400000, 0x00000000d2400000|100%| S|CS|TAMS 0x00000000d2300000| PB 0x00000000d2300000| Complete 
| 292|0x00000000d2400000, 0x00000000d2500000, 0x00000000d2500000|100%| S|CS|TAMS 0x00000000d2400000| PB 0x00000000d2400000| Complete 
| 293|0x00000000d2500000, 0x00000000d2600000, 0x00000000d2600000|100%| S|CS|TAMS 0x00000000d2500000| PB 0x00000000d2500000| Complete 
| 294|0x00000000d2600000, 0x00000000d2700000, 0x00000000d2700000|100%| S|CS|TAMS 0x00000000d2600000| PB 0x00000000d2600000| Complete 
| 295|0x00000000d2700000, 0x00000000d2800000, 0x00000000d2800000|100%| O|Cm|TAMS 0x00000000d2700000| PB 0x00000000d2700000| Complete 
| 296|0x00000000d2800000, 0x00000000d2900000, 0x00000000d2900000|100%| S|CS|TAMS 0x00000000d2800000| PB 0x00000000d2800000| Complete 
| 297|0x00000000d2900000, 0x00000000d2a00000, 0x00000000d2a00000|100%| S|CS|TAMS 0x00000000d2900000| PB 0x00000000d2900000| Complete 
| 298|0x00000000d2a00000, 0x00000000d2b00000, 0x00000000d2b00000|100%| S|CS|TAMS 0x00000000d2a00000| PB 0x00000000d2a00000| Complete 
| 299|0x00000000d2b00000, 0x00000000d2c00000, 0x00000000d2c00000|100%| S|CS|TAMS 0x00000000d2b00000| PB 0x00000000d2b00000| Complete 
| 300|0x00000000d2c00000, 0x00000000d2d00000, 0x00000000d2d00000|100%| S|CS|TAMS 0x00000000d2c00000| PB 0x00000000d2c00000| Complete 
| 301|0x00000000d2d00000, 0x00000000d2e00000, 0x00000000d2e00000|100%| S|CS|TAMS 0x00000000d2d00000| PB 0x00000000d2d00000| Complete 
| 302|0x00000000d2e00000, 0x00000000d2e00000, 0x00000000d2f00000|  0%| F|  |TAMS 0x00000000d2e00000| PB 0x00000000d2e00000| Untracked 
| 303|0x00000000d2f00000, 0x00000000d2f00000, 0x00000000d3000000|  0%| F|  |TAMS 0x00000000d2f00000| PB 0x00000000d2f00000| Untracked 
| 304|0x00000000d3000000, 0x00000000d3000000, 0x00000000d3100000|  0%| F|  |TAMS 0x00000000d3000000| PB 0x00000000d3000000| Untracked 
| 305|0x00000000d3100000, 0x00000000d3200000, 0x00000000d3200000|100%| O|  |TAMS 0x00000000d3100000| PB 0x00000000d3100000| Untracked 
| 306|0x00000000d3200000, 0x00000000d3300000, 0x00000000d3300000|100%| O|Cm|TAMS 0x00000000d3200000| PB 0x00000000d3200000| Complete 
| 307|0x00000000d3300000, 0x00000000d3400000, 0x00000000d3400000|100%| O|Cm|TAMS 0x00000000d3300000| PB 0x00000000d3300000| Complete 
| 308|0x00000000d3400000, 0x00000000d3400000, 0x00000000d3500000|  0%| F|  |TAMS 0x00000000d3400000| PB 0x00000000d3400000| Untracked 
| 309|0x00000000d3500000, 0x00000000d3500000, 0x00000000d3600000|  0%| F|  |TAMS 0x00000000d3500000| PB 0x00000000d3500000| Untracked 
| 310|0x00000000d3600000, 0x00000000d3600000, 0x00000000d3700000|  0%| F|  |TAMS 0x00000000d3600000| PB 0x00000000d3600000| Untracked 
| 311|0x00000000d3700000, 0x00000000d3700000, 0x00000000d3800000|  0%| F|  |TAMS 0x00000000d3700000| PB 0x00000000d3700000| Untracked 
| 312|0x00000000d3800000, 0x00000000d3800000, 0x00000000d3900000|  0%| F|  |TAMS 0x00000000d3800000| PB 0x00000000d3800000| Untracked 
| 313|0x00000000d3900000, 0x00000000d3900000, 0x00000000d3a00000|  0%| F|  |TAMS 0x00000000d3900000| PB 0x00000000d3900000| Untracked 
| 314|0x00000000d3a00000, 0x00000000d3a00000, 0x00000000d3b00000|  0%| F|  |TAMS 0x00000000d3a00000| PB 0x00000000d3a00000| Untracked 
| 315|0x00000000d3b00000, 0x00000000d3b00000, 0x00000000d3c00000|  0%| F|  |TAMS 0x00000000d3b00000| PB 0x00000000d3b00000| Untracked 
| 316|0x00000000d3c00000, 0x00000000d3c00000, 0x00000000d3d00000|  0%| F|  |TAMS 0x00000000d3c00000| PB 0x00000000d3c00000| Untracked 
| 317|0x00000000d3d00000, 0x00000000d3d00000, 0x00000000d3e00000|  0%| F|  |TAMS 0x00000000d3d00000| PB 0x00000000d3d00000| Untracked 
| 318|0x00000000d3e00000, 0x00000000d3f00000, 0x00000000d3f00000|100%|HS|  |TAMS 0x00000000d3e00000| PB 0x00000000d3e00000| Complete 
| 319|0x00000000d3f00000, 0x00000000d3f00000, 0x00000000d4000000|  0%| F|  |TAMS 0x00000000d3f00000| PB 0x00000000d3f00000| Untracked 
| 320|0x00000000d4000000, 0x00000000d4000000, 0x00000000d4100000|  0%| F|  |TAMS 0x00000000d4000000| PB 0x00000000d4000000| Untracked 
| 321|0x00000000d4100000, 0x00000000d4100000, 0x00000000d4200000|  0%| F|  |TAMS 0x00000000d4100000| PB 0x00000000d4100000| Untracked 
| 322|0x00000000d4200000, 0x00000000d4200000, 0x00000000d4300000|  0%| F|  |TAMS 0x00000000d4200000| PB 0x00000000d4200000| Untracked 
| 323|0x00000000d4300000, 0x00000000d4300000, 0x00000000d4400000|  0%| F|  |TAMS 0x00000000d4300000| PB 0x00000000d4300000| Untracked 
| 324|0x00000000d4400000, 0x00000000d4400000, 0x00000000d4500000|  0%| F|  |TAMS 0x00000000d4400000| PB 0x00000000d4400000| Untracked 
| 325|0x00000000d4500000, 0x00000000d4500000, 0x00000000d4600000|  0%| F|  |TAMS 0x00000000d4500000| PB 0x00000000d4500000| Untracked 
| 326|0x00000000d4600000, 0x00000000d4600000, 0x00000000d4700000|  0%| F|  |TAMS 0x00000000d4600000| PB 0x00000000d4600000| Untracked 
| 327|0x00000000d4700000, 0x00000000d4700000, 0x00000000d4800000|  0%| F|  |TAMS 0x00000000d4700000| PB 0x00000000d4700000| Untracked 
| 328|0x00000000d4800000, 0x00000000d4800000, 0x00000000d4900000|  0%| F|  |TAMS 0x00000000d4800000| PB 0x00000000d4800000| Untracked 
| 329|0x00000000d4900000, 0x00000000d4a00000, 0x00000000d4a00000|100%| O|  |TAMS 0x00000000d4900000| PB 0x00000000d4900000| Untracked 
| 330|0x00000000d4a00000, 0x00000000d4a00000, 0x00000000d4b00000|  0%| F|  |TAMS 0x00000000d4a00000| PB 0x00000000d4a00000| Untracked 
| 331|0x00000000d4b00000, 0x00000000d4b00000, 0x00000000d4c00000|  0%| F|  |TAMS 0x00000000d4b00000| PB 0x00000000d4b00000| Untracked 
| 332|0x00000000d4c00000, 0x00000000d4c00000, 0x00000000d4d00000|  0%| F|  |TAMS 0x00000000d4c00000| PB 0x00000000d4c00000| Untracked 
| 333|0x00000000d4d00000, 0x00000000d4d00000, 0x00000000d4e00000|  0%| F|  |TAMS 0x00000000d4d00000| PB 0x00000000d4d00000| Untracked 
| 334|0x00000000d4e00000, 0x00000000d4e00000, 0x00000000d4f00000|  0%| F|  |TAMS 0x00000000d4e00000| PB 0x00000000d4e00000| Untracked 
| 335|0x00000000d4f00000, 0x00000000d4f00000, 0x00000000d5000000|  0%| F|  |TAMS 0x00000000d4f00000| PB 0x00000000d4f00000| Untracked 
| 336|0x00000000d5000000, 0x00000000d5000000, 0x00000000d5100000|  0%| F|  |TAMS 0x00000000d5000000| PB 0x00000000d5000000| Untracked 
| 337|0x00000000d5100000, 0x00000000d5100000, 0x00000000d5200000|  0%| F|  |TAMS 0x00000000d5100000| PB 0x00000000d5100000| Untracked 
| 338|0x00000000d5200000, 0x00000000d5200000, 0x00000000d5300000|  0%| F|  |TAMS 0x00000000d5200000| PB 0x00000000d5200000| Untracked 
| 339|0x00000000d5300000, 0x00000000d5300000, 0x00000000d5400000|  0%| F|  |TAMS 0x00000000d5300000| PB 0x00000000d5300000| Untracked 
| 340|0x00000000d5400000, 0x00000000d5400000, 0x00000000d5500000|  0%| F|  |TAMS 0x00000000d5400000| PB 0x00000000d5400000| Untracked 
| 341|0x00000000d5500000, 0x00000000d5500000, 0x00000000d5600000|  0%| F|  |TAMS 0x00000000d5500000| PB 0x00000000d5500000| Untracked 
| 342|0x00000000d5600000, 0x00000000d5600000, 0x00000000d5700000|  0%| F|  |TAMS 0x00000000d5600000| PB 0x00000000d5600000| Untracked 
| 343|0x00000000d5700000, 0x00000000d5700000, 0x00000000d5800000|  0%| F|  |TAMS 0x00000000d5700000| PB 0x00000000d5700000| Untracked 
| 344|0x00000000d5800000, 0x00000000d5800000, 0x00000000d5900000|  0%| F|  |TAMS 0x00000000d5800000| PB 0x00000000d5800000| Untracked 
| 345|0x00000000d5900000, 0x00000000d5900000, 0x00000000d5a00000|  0%| F|  |TAMS 0x00000000d5900000| PB 0x00000000d5900000| Untracked 
| 346|0x00000000d5a00000, 0x00000000d5a00000, 0x00000000d5b00000|  0%| F|  |TAMS 0x00000000d5a00000| PB 0x00000000d5a00000| Untracked 
| 347|0x00000000d5b00000, 0x00000000d5b00000, 0x00000000d5c00000|  0%| F|  |TAMS 0x00000000d5b00000| PB 0x00000000d5b00000| Untracked 
| 348|0x00000000d5c00000, 0x00000000d5c00000, 0x00000000d5d00000|  0%| F|  |TAMS 0x00000000d5c00000| PB 0x00000000d5c00000| Untracked 
| 349|0x00000000d5d00000, 0x00000000d5d00000, 0x00000000d5e00000|  0%| F|  |TAMS 0x00000000d5d00000| PB 0x00000000d5d00000| Untracked 
| 350|0x00000000d5e00000, 0x00000000d5e00000, 0x00000000d5f00000|  0%| F|  |TAMS 0x00000000d5e00000| PB 0x00000000d5e00000| Untracked 
| 351|0x00000000d5f00000, 0x00000000d5f00000, 0x00000000d6000000|  0%| F|  |TAMS 0x00000000d5f00000| PB 0x00000000d5f00000| Untracked 
| 352|0x00000000d6000000, 0x00000000d6000000, 0x00000000d6100000|  0%| F|  |TAMS 0x00000000d6000000| PB 0x00000000d6000000| Untracked 
| 353|0x00000000d6100000, 0x00000000d6100000, 0x00000000d6200000|  0%| F|  |TAMS 0x00000000d6100000| PB 0x00000000d6100000| Untracked 
| 354|0x00000000d6200000, 0x00000000d6200000, 0x00000000d6300000|  0%| F|  |TAMS 0x00000000d6200000| PB 0x00000000d6200000| Untracked 
| 355|0x00000000d6300000, 0x00000000d6300000, 0x00000000d6400000|  0%| F|  |TAMS 0x00000000d6300000| PB 0x00000000d6300000| Untracked 
| 356|0x00000000d6400000, 0x00000000d6400000, 0x00000000d6500000|  0%| F|  |TAMS 0x00000000d6400000| PB 0x00000000d6400000| Untracked 
| 357|0x00000000d6500000, 0x00000000d6500000, 0x00000000d6600000|  0%| F|  |TAMS 0x00000000d6500000| PB 0x00000000d6500000| Untracked 
| 358|0x00000000d6600000, 0x00000000d6600000, 0x00000000d6700000|  0%| F|  |TAMS 0x00000000d6600000| PB 0x00000000d6600000| Untracked 
| 359|0x00000000d6700000, 0x00000000d6700000, 0x00000000d6800000|  0%| F|  |TAMS 0x00000000d6700000| PB 0x00000000d6700000| Untracked 
| 360|0x00000000d6800000, 0x00000000d6800000, 0x00000000d6900000|  0%| F|  |TAMS 0x00000000d6800000| PB 0x00000000d6800000| Untracked 
| 361|0x00000000d6900000, 0x00000000d6900000, 0x00000000d6a00000|  0%| F|  |TAMS 0x00000000d6900000| PB 0x00000000d6900000| Untracked 
| 362|0x00000000d6a00000, 0x00000000d6a00000, 0x00000000d6b00000|  0%| F|  |TAMS 0x00000000d6a00000| PB 0x00000000d6a00000| Untracked 
| 363|0x00000000d6b00000, 0x00000000d6b00000, 0x00000000d6c00000|  0%| F|  |TAMS 0x00000000d6b00000| PB 0x00000000d6b00000| Untracked 
| 364|0x00000000d6c00000, 0x00000000d6c00000, 0x00000000d6d00000|  0%| F|  |TAMS 0x00000000d6c00000| PB 0x00000000d6c00000| Untracked 
| 365|0x00000000d6d00000, 0x00000000d6d00000, 0x00000000d6e00000|  0%| F|  |TAMS 0x00000000d6d00000| PB 0x00000000d6d00000| Untracked 
| 366|0x00000000d6e00000, 0x00000000d6e00000, 0x00000000d6f00000|  0%| F|  |TAMS 0x00000000d6e00000| PB 0x00000000d6e00000| Untracked 
| 367|0x00000000d6f00000, 0x00000000d6f00000, 0x00000000d7000000|  0%| F|  |TAMS 0x00000000d6f00000| PB 0x00000000d6f00000| Untracked 
| 368|0x00000000d7000000, 0x00000000d7000000, 0x00000000d7100000|  0%| F|  |TAMS 0x00000000d7000000| PB 0x00000000d7000000| Untracked 
| 369|0x00000000d7100000, 0x00000000d7100000, 0x00000000d7200000|  0%| F|  |TAMS 0x00000000d7100000| PB 0x00000000d7100000| Untracked 
| 370|0x00000000d7200000, 0x00000000d7200000, 0x00000000d7300000|  0%| F|  |TAMS 0x00000000d7200000| PB 0x00000000d7200000| Untracked 
| 371|0x00000000d7300000, 0x00000000d7300000, 0x00000000d7400000|  0%| F|  |TAMS 0x00000000d7300000| PB 0x00000000d7300000| Untracked 
| 372|0x00000000d7400000, 0x00000000d7400000, 0x00000000d7500000|  0%| F|  |TAMS 0x00000000d7400000| PB 0x00000000d7400000| Untracked 
| 373|0x00000000d7500000, 0x00000000d7500000, 0x00000000d7600000|  0%| F|  |TAMS 0x00000000d7500000| PB 0x00000000d7500000| Untracked 
| 374|0x00000000d7600000, 0x00000000d7600000, 0x00000000d7700000|  0%| F|  |TAMS 0x00000000d7600000| PB 0x00000000d7600000| Untracked 
| 375|0x00000000d7700000, 0x00000000d7700000, 0x00000000d7800000|  0%| F|  |TAMS 0x00000000d7700000| PB 0x00000000d7700000| Untracked 
| 376|0x00000000d7800000, 0x00000000d7800000, 0x00000000d7900000|  0%| F|  |TAMS 0x00000000d7800000| PB 0x00000000d7800000| Untracked 
| 377|0x00000000d7900000, 0x00000000d7900000, 0x00000000d7a00000|  0%| F|  |TAMS 0x00000000d7900000| PB 0x00000000d7900000| Untracked 
| 378|0x00000000d7a00000, 0x00000000d7a00000, 0x00000000d7b00000|  0%| F|  |TAMS 0x00000000d7a00000| PB 0x00000000d7a00000| Untracked 
| 379|0x00000000d7b00000, 0x00000000d7b00000, 0x00000000d7c00000|  0%| F|  |TAMS 0x00000000d7b00000| PB 0x00000000d7b00000| Untracked 
| 380|0x00000000d7c00000, 0x00000000d7c00000, 0x00000000d7d00000|  0%| F|  |TAMS 0x00000000d7c00000| PB 0x00000000d7c00000| Untracked 
| 381|0x00000000d7d00000, 0x00000000d7d00000, 0x00000000d7e00000|  0%| F|  |TAMS 0x00000000d7d00000| PB 0x00000000d7d00000| Untracked 
| 382|0x00000000d7e00000, 0x00000000d7e00000, 0x00000000d7f00000|  0%| F|  |TAMS 0x00000000d7e00000| PB 0x00000000d7e00000| Untracked 
| 383|0x00000000d7f00000, 0x00000000d7f00000, 0x00000000d8000000|  0%| F|  |TAMS 0x00000000d7f00000| PB 0x00000000d7f00000| Untracked 
| 384|0x00000000d8000000, 0x00000000d8000000, 0x00000000d8100000|  0%| F|  |TAMS 0x00000000d8000000| PB 0x00000000d8000000| Untracked 
| 385|0x00000000d8100000, 0x00000000d8100000, 0x00000000d8200000|  0%| F|  |TAMS 0x00000000d8100000| PB 0x00000000d8100000| Untracked 
| 386|0x00000000d8200000, 0x00000000d8200000, 0x00000000d8300000|  0%| F|  |TAMS 0x00000000d8200000| PB 0x00000000d8200000| Untracked 
| 387|0x00000000d8300000, 0x00000000d8300000, 0x00000000d8400000|  0%| F|  |TAMS 0x00000000d8300000| PB 0x00000000d8300000| Untracked 
| 388|0x00000000d8400000, 0x00000000d8400000, 0x00000000d8500000|  0%| F|  |TAMS 0x00000000d8400000| PB 0x00000000d8400000| Untracked 
| 389|0x00000000d8500000, 0x00000000d8500000, 0x00000000d8600000|  0%| F|  |TAMS 0x00000000d8500000| PB 0x00000000d8500000| Untracked 
| 390|0x00000000d8600000, 0x00000000d8600000, 0x00000000d8700000|  0%| F|  |TAMS 0x00000000d8600000| PB 0x00000000d8600000| Untracked 
| 391|0x00000000d8700000, 0x00000000d8700000, 0x00000000d8800000|  0%| F|  |TAMS 0x00000000d8700000| PB 0x00000000d8700000| Untracked 
| 392|0x00000000d8800000, 0x00000000d8800000, 0x00000000d8900000|  0%| F|  |TAMS 0x00000000d8800000| PB 0x00000000d8800000| Untracked 
| 393|0x00000000d8900000, 0x00000000d8900000, 0x00000000d8a00000|  0%| F|  |TAMS 0x00000000d8900000| PB 0x00000000d8900000| Untracked 
| 394|0x00000000d8a00000, 0x00000000d8a00000, 0x00000000d8b00000|  0%| F|  |TAMS 0x00000000d8a00000| PB 0x00000000d8a00000| Untracked 
| 395|0x00000000d8b00000, 0x00000000d8b00000, 0x00000000d8c00000|  0%| F|  |TAMS 0x00000000d8b00000| PB 0x00000000d8b00000| Untracked 
| 396|0x00000000d8c00000, 0x00000000d8c00000, 0x00000000d8d00000|  0%| F|  |TAMS 0x00000000d8c00000| PB 0x00000000d8c00000| Untracked 
| 397|0x00000000d8d00000, 0x00000000d8d00000, 0x00000000d8e00000|  0%| F|  |TAMS 0x00000000d8d00000| PB 0x00000000d8d00000| Untracked 
| 398|0x00000000d8e00000, 0x00000000d8e00000, 0x00000000d8f00000|  0%| F|  |TAMS 0x00000000d8e00000| PB 0x00000000d8e00000| Untracked 
| 399|0x00000000d8f00000, 0x00000000d8f00000, 0x00000000d9000000|  0%| F|  |TAMS 0x00000000d8f00000| PB 0x00000000d8f00000| Untracked 
| 400|0x00000000d9000000, 0x00000000d9000000, 0x00000000d9100000|  0%| F|  |TAMS 0x00000000d9000000| PB 0x00000000d9000000| Untracked 
| 401|0x00000000d9100000, 0x00000000d9100000, 0x00000000d9200000|  0%| F|  |TAMS 0x00000000d9100000| PB 0x00000000d9100000| Untracked 
| 402|0x00000000d9200000, 0x00000000d9200000, 0x00000000d9300000|  0%| F|  |TAMS 0x00000000d9200000| PB 0x00000000d9200000| Untracked 
| 403|0x00000000d9300000, 0x00000000d9300000, 0x00000000d9400000|  0%| F|  |TAMS 0x00000000d9300000| PB 0x00000000d9300000| Untracked 
| 404|0x00000000d9400000, 0x00000000d9400000, 0x00000000d9500000|  0%| F|  |TAMS 0x00000000d9400000| PB 0x00000000d9400000| Untracked 
| 405|0x00000000d9500000, 0x00000000d9500000, 0x00000000d9600000|  0%| F|  |TAMS 0x00000000d9500000| PB 0x00000000d9500000| Untracked 
| 406|0x00000000d9600000, 0x00000000d9600000, 0x00000000d9700000|  0%| F|  |TAMS 0x00000000d9600000| PB 0x00000000d9600000| Untracked 
| 407|0x00000000d9700000, 0x00000000d9700000, 0x00000000d9800000|  0%| F|  |TAMS 0x00000000d9700000| PB 0x00000000d9700000| Untracked 
| 408|0x00000000d9800000, 0x00000000d9800000, 0x00000000d9900000|  0%| F|  |TAMS 0x00000000d9800000| PB 0x00000000d9800000| Untracked 
| 409|0x00000000d9900000, 0x00000000d9900000, 0x00000000d9a00000|  0%| F|  |TAMS 0x00000000d9900000| PB 0x00000000d9900000| Untracked 
| 410|0x00000000d9a00000, 0x00000000d9a00000, 0x00000000d9b00000|  0%| F|  |TAMS 0x00000000d9a00000| PB 0x00000000d9a00000| Untracked 
| 411|0x00000000d9b00000, 0x00000000d9c00000, 0x00000000d9c00000|100%| O|Cm|TAMS 0x00000000d9b00000| PB 0x00000000d9b00000| Complete 
| 412|0x00000000d9c00000, 0x00000000d9d00000, 0x00000000d9d00000|100%| O|Cm|TAMS 0x00000000d9c00000| PB 0x00000000d9c00000| Complete 
| 413|0x00000000d9d00000, 0x00000000d9d00000, 0x00000000d9e00000|  0%| F|  |TAMS 0x00000000d9d00000| PB 0x00000000d9d00000| Untracked 
| 414|0x00000000d9e00000, 0x00000000d9e00000, 0x00000000d9f00000|  0%| F|  |TAMS 0x00000000d9e00000| PB 0x00000000d9e00000| Untracked 
| 415|0x00000000d9f00000, 0x00000000d9f00000, 0x00000000da000000|  0%| F|  |TAMS 0x00000000d9f00000| PB 0x00000000d9f00000| Untracked 
| 416|0x00000000da000000, 0x00000000da000000, 0x00000000da100000|  0%| F|  |TAMS 0x00000000da000000| PB 0x00000000da000000| Untracked 
| 417|0x00000000da100000, 0x00000000da100000, 0x00000000da200000|  0%| F|  |TAMS 0x00000000da100000| PB 0x00000000da100000| Untracked 
| 418|0x00000000da200000, 0x00000000da200000, 0x00000000da300000|  0%| F|  |TAMS 0x00000000da200000| PB 0x00000000da200000| Untracked 
| 419|0x00000000da300000, 0x00000000da300000, 0x00000000da400000|  0%| F|  |TAMS 0x00000000da300000| PB 0x00000000da300000| Untracked 
| 420|0x00000000da400000, 0x00000000da400000, 0x00000000da500000|  0%| F|  |TAMS 0x00000000da400000| PB 0x00000000da400000| Untracked 
| 421|0x00000000da500000, 0x00000000da500000, 0x00000000da600000|  0%| F|  |TAMS 0x00000000da500000| PB 0x00000000da500000| Untracked 
| 422|0x00000000da600000, 0x00000000da600000, 0x00000000da700000|  0%| F|  |TAMS 0x00000000da600000| PB 0x00000000da600000| Untracked 
| 423|0x00000000da700000, 0x00000000da700000, 0x00000000da800000|  0%| F|  |TAMS 0x00000000da700000| PB 0x00000000da700000| Untracked 
| 424|0x00000000da800000, 0x00000000da800000, 0x00000000da900000|  0%| F|  |TAMS 0x00000000da800000| PB 0x00000000da800000| Untracked 
| 425|0x00000000da900000, 0x00000000da900000, 0x00000000daa00000|  0%| F|  |TAMS 0x00000000da900000| PB 0x00000000da900000| Untracked 
| 426|0x00000000daa00000, 0x00000000daa00000, 0x00000000dab00000|  0%| F|  |TAMS 0x00000000daa00000| PB 0x00000000daa00000| Untracked 
| 427|0x00000000dab00000, 0x00000000dab00000, 0x00000000dac00000|  0%| F|  |TAMS 0x00000000dab00000| PB 0x00000000dab00000| Untracked 
| 428|0x00000000dac00000, 0x00000000dac00000, 0x00000000dad00000|  0%| F|  |TAMS 0x00000000dac00000| PB 0x00000000dac00000| Untracked 
| 429|0x00000000dad00000, 0x00000000dad00000, 0x00000000dae00000|  0%| F|  |TAMS 0x00000000dad00000| PB 0x00000000dad00000| Untracked 
| 430|0x00000000dae00000, 0x00000000dae00000, 0x00000000daf00000|  0%| F|  |TAMS 0x00000000dae00000| PB 0x00000000dae00000| Untracked 
| 431|0x00000000daf00000, 0x00000000daf00000, 0x00000000db000000|  0%| F|  |TAMS 0x00000000daf00000| PB 0x00000000daf00000| Untracked 
| 432|0x00000000db000000, 0x00000000db000000, 0x00000000db100000|  0%| F|  |TAMS 0x00000000db000000| PB 0x00000000db000000| Untracked 
| 433|0x00000000db100000, 0x00000000db100000, 0x00000000db200000|  0%| F|  |TAMS 0x00000000db100000| PB 0x00000000db100000| Untracked 
| 434|0x00000000db200000, 0x00000000db200000, 0x00000000db300000|  0%| F|  |TAMS 0x00000000db200000| PB 0x00000000db200000| Untracked 
| 435|0x00000000db300000, 0x00000000db300000, 0x00000000db400000|  0%| F|  |TAMS 0x00000000db300000| PB 0x00000000db300000| Untracked 
| 436|0x00000000db400000, 0x00000000db400000, 0x00000000db500000|  0%| F|  |TAMS 0x00000000db400000| PB 0x00000000db400000| Untracked 
| 437|0x00000000db500000, 0x00000000db500000, 0x00000000db600000|  0%| F|  |TAMS 0x00000000db500000| PB 0x00000000db500000| Untracked 
| 438|0x00000000db600000, 0x00000000db600000, 0x00000000db700000|  0%| F|  |TAMS 0x00000000db600000| PB 0x00000000db600000| Untracked 
| 439|0x00000000db700000, 0x00000000db700000, 0x00000000db800000|  0%| F|  |TAMS 0x00000000db700000| PB 0x00000000db700000| Untracked 
| 440|0x00000000db800000, 0x00000000db800000, 0x00000000db900000|  0%| F|  |TAMS 0x00000000db800000| PB 0x00000000db800000| Untracked 
| 441|0x00000000db900000, 0x00000000db900000, 0x00000000dba00000|  0%| F|  |TAMS 0x00000000db900000| PB 0x00000000db900000| Untracked 
| 442|0x00000000dba00000, 0x00000000dba00000, 0x00000000dbb00000|  0%| F|  |TAMS 0x00000000dba00000| PB 0x00000000dba00000| Untracked 
| 443|0x00000000dbb00000, 0x00000000dbb00000, 0x00000000dbc00000|  0%| F|  |TAMS 0x00000000dbb00000| PB 0x00000000dbb00000| Untracked 
| 444|0x00000000dbc00000, 0x00000000dbc00000, 0x00000000dbd00000|  0%| F|  |TAMS 0x00000000dbc00000| PB 0x00000000dbc00000| Untracked 
| 445|0x00000000dbd00000, 0x00000000dbd00000, 0x00000000dbe00000|  0%| F|  |TAMS 0x00000000dbd00000| PB 0x00000000dbd00000| Untracked 
| 446|0x00000000dbe00000, 0x00000000dbe00000, 0x00000000dbf00000|  0%| F|  |TAMS 0x00000000dbe00000| PB 0x00000000dbe00000| Untracked 
| 447|0x00000000dbf00000, 0x00000000dbf00000, 0x00000000dc000000|  0%| F|  |TAMS 0x00000000dbf00000| PB 0x00000000dbf00000| Untracked 
| 448|0x00000000dc000000, 0x00000000dc000000, 0x00000000dc100000|  0%| F|  |TAMS 0x00000000dc000000| PB 0x00000000dc000000| Untracked 
| 449|0x00000000dc100000, 0x00000000dc100000, 0x00000000dc200000|  0%| F|  |TAMS 0x00000000dc100000| PB 0x00000000dc100000| Untracked 
| 450|0x00000000dc200000, 0x00000000dc200000, 0x00000000dc300000|  0%| F|  |TAMS 0x00000000dc200000| PB 0x00000000dc200000| Untracked 
| 451|0x00000000dc300000, 0x00000000dc300000, 0x00000000dc400000|  0%| F|  |TAMS 0x00000000dc300000| PB 0x00000000dc300000| Untracked 
| 452|0x00000000dc400000, 0x00000000dc400000, 0x00000000dc500000|  0%| F|  |TAMS 0x00000000dc400000| PB 0x00000000dc400000| Untracked 
| 453|0x00000000dc500000, 0x00000000dc500000, 0x00000000dc600000|  0%| F|  |TAMS 0x00000000dc500000| PB 0x00000000dc500000| Untracked 
| 454|0x00000000dc600000, 0x00000000dc600000, 0x00000000dc700000|  0%| F|  |TAMS 0x00000000dc600000| PB 0x00000000dc600000| Untracked 
| 455|0x00000000dc700000, 0x00000000dc700000, 0x00000000dc800000|  0%| F|  |TAMS 0x00000000dc700000| PB 0x00000000dc700000| Untracked 
| 456|0x00000000dc800000, 0x00000000dc800000, 0x00000000dc900000|  0%| F|  |TAMS 0x00000000dc800000| PB 0x00000000dc800000| Untracked 
| 457|0x00000000dc900000, 0x00000000dc900000, 0x00000000dca00000|  0%| F|  |TAMS 0x00000000dc900000| PB 0x00000000dc900000| Untracked 
| 458|0x00000000dca00000, 0x00000000dca00000, 0x00000000dcb00000|  0%| F|  |TAMS 0x00000000dca00000| PB 0x00000000dca00000| Untracked 
| 459|0x00000000dcb00000, 0x00000000dcb00000, 0x00000000dcc00000|  0%| F|  |TAMS 0x00000000dcb00000| PB 0x00000000dcb00000| Untracked 
| 460|0x00000000dcc00000, 0x00000000dcc00000, 0x00000000dcd00000|  0%| F|  |TAMS 0x00000000dcc00000| PB 0x00000000dcc00000| Untracked 
| 461|0x00000000dcd00000, 0x00000000dcd00000, 0x00000000dce00000|  0%| F|  |TAMS 0x00000000dcd00000| PB 0x00000000dcd00000| Untracked 
| 462|0x00000000dce00000, 0x00000000dce00000, 0x00000000dcf00000|  0%| F|  |TAMS 0x00000000dce00000| PB 0x00000000dce00000| Untracked 
| 463|0x00000000dcf00000, 0x00000000dcf00000, 0x00000000dd000000|  0%| F|  |TAMS 0x00000000dcf00000| PB 0x00000000dcf00000| Untracked 
| 464|0x00000000dd000000, 0x00000000dd000000, 0x00000000dd100000|  0%| F|  |TAMS 0x00000000dd000000| PB 0x00000000dd000000| Untracked 
| 465|0x00000000dd100000, 0x00000000dd100000, 0x00000000dd200000|  0%| F|  |TAMS 0x00000000dd100000| PB 0x00000000dd100000| Untracked 
| 466|0x00000000dd200000, 0x00000000dd200000, 0x00000000dd300000|  0%| F|  |TAMS 0x00000000dd200000| PB 0x00000000dd200000| Untracked 
| 467|0x00000000dd300000, 0x00000000dd300000, 0x00000000dd400000|  0%| F|  |TAMS 0x00000000dd300000| PB 0x00000000dd300000| Untracked 
| 468|0x00000000dd400000, 0x00000000dd400000, 0x00000000dd500000|  0%| F|  |TAMS 0x00000000dd400000| PB 0x00000000dd400000| Untracked 
| 469|0x00000000dd500000, 0x00000000dd500000, 0x00000000dd600000|  0%| F|  |TAMS 0x00000000dd500000| PB 0x00000000dd500000| Untracked 
| 470|0x00000000dd600000, 0x00000000dd600000, 0x00000000dd700000|  0%| F|  |TAMS 0x00000000dd600000| PB 0x00000000dd600000| Untracked 
| 471|0x00000000dd700000, 0x00000000dd700000, 0x00000000dd800000|  0%| F|  |TAMS 0x00000000dd700000| PB 0x00000000dd700000| Untracked 
| 472|0x00000000dd800000, 0x00000000dd800000, 0x00000000dd900000|  0%| F|  |TAMS 0x00000000dd800000| PB 0x00000000dd800000| Untracked 
| 473|0x00000000dd900000, 0x00000000dd900000, 0x00000000dda00000|  0%| F|  |TAMS 0x00000000dd900000| PB 0x00000000dd900000| Untracked 
| 474|0x00000000dda00000, 0x00000000dda00000, 0x00000000ddb00000|  0%| F|  |TAMS 0x00000000dda00000| PB 0x00000000dda00000| Untracked 
| 475|0x00000000ddb00000, 0x00000000ddb00000, 0x00000000ddc00000|  0%| F|  |TAMS 0x00000000ddb00000| PB 0x00000000ddb00000| Untracked 
| 476|0x00000000ddc00000, 0x00000000ddc00000, 0x00000000ddd00000|  0%| F|  |TAMS 0x00000000ddc00000| PB 0x00000000ddc00000| Untracked 
| 477|0x00000000ddd00000, 0x00000000ddd00000, 0x00000000dde00000|  0%| F|  |TAMS 0x00000000ddd00000| PB 0x00000000ddd00000| Untracked 
| 478|0x00000000dde00000, 0x00000000dde00000, 0x00000000ddf00000|  0%| F|  |TAMS 0x00000000dde00000| PB 0x00000000dde00000| Untracked 
| 479|0x00000000ddf00000, 0x00000000ddf00000, 0x00000000de000000|  0%| F|  |TAMS 0x00000000ddf00000| PB 0x00000000ddf00000| Untracked 
| 480|0x00000000de000000, 0x00000000de000000, 0x00000000de100000|  0%| F|  |TAMS 0x00000000de000000| PB 0x00000000de000000| Untracked 
| 481|0x00000000de100000, 0x00000000de100000, 0x00000000de200000|  0%| F|  |TAMS 0x00000000de100000| PB 0x00000000de100000| Untracked 
| 482|0x00000000de200000, 0x00000000de200000, 0x00000000de300000|  0%| F|  |TAMS 0x00000000de200000| PB 0x00000000de200000| Untracked 
| 483|0x00000000de300000, 0x00000000de300000, 0x00000000de400000|  0%| F|  |TAMS 0x00000000de300000| PB 0x00000000de300000| Untracked 
| 484|0x00000000de400000, 0x00000000de400000, 0x00000000de500000|  0%| F|  |TAMS 0x00000000de400000| PB 0x00000000de400000| Untracked 
| 485|0x00000000de500000, 0x00000000de500000, 0x00000000de600000|  0%| F|  |TAMS 0x00000000de500000| PB 0x00000000de500000| Untracked 
| 486|0x00000000de600000, 0x00000000de600000, 0x00000000de700000|  0%| F|  |TAMS 0x00000000de600000| PB 0x00000000de600000| Untracked 
| 487|0x00000000de700000, 0x00000000de700000, 0x00000000de800000|  0%| F|  |TAMS 0x00000000de700000| PB 0x00000000de700000| Untracked 
| 488|0x00000000de800000, 0x00000000de800000, 0x00000000de900000|  0%| F|  |TAMS 0x00000000de800000| PB 0x00000000de800000| Untracked 
| 489|0x00000000de900000, 0x00000000de900000, 0x00000000dea00000|  0%| F|  |TAMS 0x00000000de900000| PB 0x00000000de900000| Untracked 
| 490|0x00000000dea00000, 0x00000000dea00000, 0x00000000deb00000|  0%| F|  |TAMS 0x00000000dea00000| PB 0x00000000dea00000| Untracked 
| 491|0x00000000deb00000, 0x00000000deb31870, 0x00000000dec00000| 19%| E|  |TAMS 0x00000000deb00000| PB 0x00000000deb00000| Complete 
| 492|0x00000000dec00000, 0x00000000ded00000, 0x00000000ded00000|100%| E|CS|TAMS 0x00000000dec00000| PB 0x00000000dec00000| Complete 
| 493|0x00000000ded00000, 0x00000000dee00000, 0x00000000dee00000|100%| E|CS|TAMS 0x00000000ded00000| PB 0x00000000ded00000| Complete 
| 494|0x00000000dee00000, 0x00000000def00000, 0x00000000def00000|100%| E|CS|TAMS 0x00000000dee00000| PB 0x00000000dee00000| Complete 
| 495|0x00000000def00000, 0x00000000df000000, 0x00000000df000000|100%| E|CS|TAMS 0x00000000def00000| PB 0x00000000def00000| Complete 
| 496|0x00000000df000000, 0x00000000df100000, 0x00000000df100000|100%| E|CS|TAMS 0x00000000df000000| PB 0x00000000df000000| Complete 
| 497|0x00000000df100000, 0x00000000df200000, 0x00000000df200000|100%| E|CS|TAMS 0x00000000df100000| PB 0x00000000df100000| Complete 
| 498|0x00000000df200000, 0x00000000df300000, 0x00000000df300000|100%| E|CS|TAMS 0x00000000df200000| PB 0x00000000df200000| Complete 
| 499|0x00000000df300000, 0x00000000df400000, 0x00000000df400000|100%| E|CS|TAMS 0x00000000df300000| PB 0x00000000df300000| Complete 
| 500|0x00000000df400000, 0x00000000df500000, 0x00000000df500000|100%| E|CS|TAMS 0x00000000df400000| PB 0x00000000df400000| Complete 
| 501|0x00000000df500000, 0x00000000df600000, 0x00000000df600000|100%| E|CS|TAMS 0x00000000df500000| PB 0x00000000df500000| Complete 
| 502|0x00000000df600000, 0x00000000df700000, 0x00000000df700000|100%| E|CS|TAMS 0x00000000df600000| PB 0x00000000df600000| Complete 
| 503|0x00000000df700000, 0x00000000df800000, 0x00000000df800000|100%| E|CS|TAMS 0x00000000df700000| PB 0x00000000df700000| Complete 
| 504|0x00000000df800000, 0x00000000df900000, 0x00000000df900000|100%| E|CS|TAMS 0x00000000df800000| PB 0x00000000df800000| Complete 
| 505|0x00000000df900000, 0x00000000dfa00000, 0x00000000dfa00000|100%| E|CS|TAMS 0x00000000df900000| PB 0x00000000df900000| Complete 
| 506|0x00000000dfa00000, 0x00000000dfb00000, 0x00000000dfb00000|100%| E|CS|TAMS 0x00000000dfa00000| PB 0x00000000dfa00000| Complete 
| 507|0x00000000dfb00000, 0x00000000dfc00000, 0x00000000dfc00000|100%| E|CS|TAMS 0x00000000dfb00000| PB 0x00000000dfb00000| Complete 
| 508|0x00000000dfc00000, 0x00000000dfd00000, 0x00000000dfd00000|100%| E|CS|TAMS 0x00000000dfc00000| PB 0x00000000dfc00000| Complete 
| 509|0x00000000dfd00000, 0x00000000dfe00000, 0x00000000dfe00000|100%| E|CS|TAMS 0x00000000dfd00000| PB 0x00000000dfd00000| Complete 
| 510|0x00000000dfe00000, 0x00000000dff00000, 0x00000000dff00000|100%| E|CS|TAMS 0x00000000dfe00000| PB 0x00000000dfe00000| Complete 
| 511|0x00000000dff00000, 0x00000000e0000000, 0x00000000e0000000|100%| E|CS|TAMS 0x00000000dff00000| PB 0x00000000dff00000| Complete 
| 512|0x00000000e0000000, 0x00000000e0100000, 0x00000000e0100000|100%| E|CS|TAMS 0x00000000e0000000| PB 0x00000000e0000000| Complete 
| 513|0x00000000e0100000, 0x00000000e0200000, 0x00000000e0200000|100%| E|CS|TAMS 0x00000000e0100000| PB 0x00000000e0100000| Complete 
| 514|0x00000000e0200000, 0x00000000e0300000, 0x00000000e0300000|100%| E|CS|TAMS 0x00000000e0200000| PB 0x00000000e0200000| Complete 
| 515|0x00000000e0300000, 0x00000000e0400000, 0x00000000e0400000|100%| E|CS|TAMS 0x00000000e0300000| PB 0x00000000e0300000| Complete 
| 516|0x00000000e0400000, 0x00000000e0500000, 0x00000000e0500000|100%| E|CS|TAMS 0x00000000e0400000| PB 0x00000000e0400000| Complete 
| 517|0x00000000e0500000, 0x00000000e0600000, 0x00000000e0600000|100%| E|CS|TAMS 0x00000000e0500000| PB 0x00000000e0500000| Complete 
| 518|0x00000000e0600000, 0x00000000e0700000, 0x00000000e0700000|100%| E|CS|TAMS 0x00000000e0600000| PB 0x00000000e0600000| Complete 
| 519|0x00000000e0700000, 0x00000000e0800000, 0x00000000e0800000|100%| E|CS|TAMS 0x00000000e0700000| PB 0x00000000e0700000| Complete 
| 520|0x00000000e0800000, 0x00000000e0900000, 0x00000000e0900000|100%| E|CS|TAMS 0x00000000e0800000| PB 0x00000000e0800000| Complete 
| 521|0x00000000e0900000, 0x00000000e0a00000, 0x00000000e0a00000|100%| E|CS|TAMS 0x00000000e0900000| PB 0x00000000e0900000| Complete 
| 522|0x00000000e0a00000, 0x00000000e0b00000, 0x00000000e0b00000|100%| E|CS|TAMS 0x00000000e0a00000| PB 0x00000000e0a00000| Complete 
| 523|0x00000000e0b00000, 0x00000000e0c00000, 0x00000000e0c00000|100%| E|CS|TAMS 0x00000000e0b00000| PB 0x00000000e0b00000| Complete 
| 524|0x00000000e0c00000, 0x00000000e0d00000, 0x00000000e0d00000|100%| E|CS|TAMS 0x00000000e0c00000| PB 0x00000000e0c00000| Complete 
| 525|0x00000000e0d00000, 0x00000000e0e00000, 0x00000000e0e00000|100%| E|CS|TAMS 0x00000000e0d00000| PB 0x00000000e0d00000| Complete 
| 526|0x00000000e0e00000, 0x00000000e0f00000, 0x00000000e0f00000|100%| E|CS|TAMS 0x00000000e0e00000| PB 0x00000000e0e00000| Complete 
| 527|0x00000000e0f00000, 0x00000000e1000000, 0x00000000e1000000|100%| E|CS|TAMS 0x00000000e0f00000| PB 0x00000000e0f00000| Complete 
| 528|0x00000000e1000000, 0x00000000e1100000, 0x00000000e1100000|100%| E|CS|TAMS 0x00000000e1000000| PB 0x00000000e1000000| Complete 
| 529|0x00000000e1100000, 0x00000000e1200000, 0x00000000e1200000|100%| E|CS|TAMS 0x00000000e1100000| PB 0x00000000e1100000| Complete 
| 530|0x00000000e1200000, 0x00000000e1300000, 0x00000000e1300000|100%| E|CS|TAMS 0x00000000e1200000| PB 0x00000000e1200000| Complete 
| 531|0x00000000e1300000, 0x00000000e1400000, 0x00000000e1400000|100%| E|CS|TAMS 0x00000000e1300000| PB 0x00000000e1300000| Complete 
| 532|0x00000000e1400000, 0x00000000e1500000, 0x00000000e1500000|100%| E|CS|TAMS 0x00000000e1400000| PB 0x00000000e1400000| Complete 
| 533|0x00000000e1500000, 0x00000000e1600000, 0x00000000e1600000|100%| E|CS|TAMS 0x00000000e1500000| PB 0x00000000e1500000| Complete 
| 534|0x00000000e1600000, 0x00000000e1700000, 0x00000000e1700000|100%| E|CS|TAMS 0x00000000e1600000| PB 0x00000000e1600000| Complete 
| 535|0x00000000e1700000, 0x00000000e1800000, 0x00000000e1800000|100%| E|CS|TAMS 0x00000000e1700000| PB 0x00000000e1700000| Complete 
| 536|0x00000000e1800000, 0x00000000e1900000, 0x00000000e1900000|100%| E|CS|TAMS 0x00000000e1800000| PB 0x00000000e1800000| Complete 
| 537|0x00000000e1900000, 0x00000000e1a00000, 0x00000000e1a00000|100%| E|CS|TAMS 0x00000000e1900000| PB 0x00000000e1900000| Complete 
| 538|0x00000000e1a00000, 0x00000000e1b00000, 0x00000000e1b00000|100%| E|CS|TAMS 0x00000000e1a00000| PB 0x00000000e1a00000| Complete 
| 539|0x00000000e1b00000, 0x00000000e1c00000, 0x00000000e1c00000|100%| E|CS|TAMS 0x00000000e1b00000| PB 0x00000000e1b00000| Complete 
| 540|0x00000000e1c00000, 0x00000000e1d00000, 0x00000000e1d00000|100%| E|CS|TAMS 0x00000000e1c00000| PB 0x00000000e1c00000| Complete 
| 541|0x00000000e1d00000, 0x00000000e1e00000, 0x00000000e1e00000|100%| E|CS|TAMS 0x00000000e1d00000| PB 0x00000000e1d00000| Complete 
| 542|0x00000000e1e00000, 0x00000000e1f00000, 0x00000000e1f00000|100%| E|CS|TAMS 0x00000000e1e00000| PB 0x00000000e1e00000| Complete 
| 543|0x00000000e1f00000, 0x00000000e2000000, 0x00000000e2000000|100%| E|CS|TAMS 0x00000000e1f00000| PB 0x00000000e1f00000| Complete 
| 544|0x00000000e2000000, 0x00000000e2100000, 0x00000000e2100000|100%| E|CS|TAMS 0x00000000e2000000| PB 0x00000000e2000000| Complete 
| 545|0x00000000e2100000, 0x00000000e2200000, 0x00000000e2200000|100%| E|CS|TAMS 0x00000000e2100000| PB 0x00000000e2100000| Complete 
| 546|0x00000000e2200000, 0x00000000e2300000, 0x00000000e2300000|100%| E|CS|TAMS 0x00000000e2200000| PB 0x00000000e2200000| Complete 
| 547|0x00000000e2300000, 0x00000000e2400000, 0x00000000e2400000|100%| E|CS|TAMS 0x00000000e2300000| PB 0x00000000e2300000| Complete 
| 548|0x00000000e2400000, 0x00000000e2500000, 0x00000000e2500000|100%| E|CS|TAMS 0x00000000e2400000| PB 0x00000000e2400000| Complete 
| 549|0x00000000e2500000, 0x00000000e2600000, 0x00000000e2600000|100%| E|CS|TAMS 0x00000000e2500000| PB 0x00000000e2500000| Complete 
| 550|0x00000000e2600000, 0x00000000e2700000, 0x00000000e2700000|100%| E|CS|TAMS 0x00000000e2600000| PB 0x00000000e2600000| Complete 
| 551|0x00000000e2700000, 0x00000000e2800000, 0x00000000e2800000|100%| E|CS|TAMS 0x00000000e2700000| PB 0x00000000e2700000| Complete 
| 552|0x00000000e2800000, 0x00000000e2900000, 0x00000000e2900000|100%| E|CS|TAMS 0x00000000e2800000| PB 0x00000000e2800000| Complete 
| 553|0x00000000e2900000, 0x00000000e2a00000, 0x00000000e2a00000|100%| E|CS|TAMS 0x00000000e2900000| PB 0x00000000e2900000| Complete 
| 554|0x00000000e2a00000, 0x00000000e2b00000, 0x00000000e2b00000|100%| E|CS|TAMS 0x00000000e2a00000| PB 0x00000000e2a00000| Complete 
| 555|0x00000000e2b00000, 0x00000000e2c00000, 0x00000000e2c00000|100%| E|CS|TAMS 0x00000000e2b00000| PB 0x00000000e2b00000| Complete 
| 556|0x00000000e2c00000, 0x00000000e2d00000, 0x00000000e2d00000|100%| E|CS|TAMS 0x00000000e2c00000| PB 0x00000000e2c00000| Complete 
| 557|0x00000000e2d00000, 0x00000000e2e00000, 0x00000000e2e00000|100%| E|CS|TAMS 0x00000000e2d00000| PB 0x00000000e2d00000| Complete 
| 558|0x00000000e2e00000, 0x00000000e2f00000, 0x00000000e2f00000|100%| E|CS|TAMS 0x00000000e2e00000| PB 0x00000000e2e00000| Complete 
| 559|0x00000000e2f00000, 0x00000000e3000000, 0x00000000e3000000|100%| E|CS|TAMS 0x00000000e2f00000| PB 0x00000000e2f00000| Complete 
| 560|0x00000000e3000000, 0x00000000e3100000, 0x00000000e3100000|100%| E|CS|TAMS 0x00000000e3000000| PB 0x00000000e3000000| Complete 
| 561|0x00000000e3100000, 0x00000000e3200000, 0x00000000e3200000|100%| E|CS|TAMS 0x00000000e3100000| PB 0x00000000e3100000| Complete 
| 562|0x00000000e3200000, 0x00000000e3300000, 0x00000000e3300000|100%| E|CS|TAMS 0x00000000e3200000| PB 0x00000000e3200000| Complete 
| 563|0x00000000e3300000, 0x00000000e3400000, 0x00000000e3400000|100%| E|  |TAMS 0x00000000e3300000| PB 0x00000000e3300000| Complete 
| 564|0x00000000e3400000, 0x00000000e3500000, 0x00000000e3500000|100%| E|CS|TAMS 0x00000000e3400000| PB 0x00000000e3400000| Complete 
| 565|0x00000000e3500000, 0x00000000e3600000, 0x00000000e3600000|100%| E|CS|TAMS 0x00000000e3500000| PB 0x00000000e3500000| Complete 
| 566|0x00000000e3600000, 0x00000000e3700000, 0x00000000e3700000|100%| E|CS|TAMS 0x00000000e3600000| PB 0x00000000e3600000| Complete 
| 567|0x00000000e3700000, 0x00000000e3800000, 0x00000000e3800000|100%| E|CS|TAMS 0x00000000e3700000| PB 0x00000000e3700000| Complete 
| 568|0x00000000e3800000, 0x00000000e3900000, 0x00000000e3900000|100%| E|CS|TAMS 0x00000000e3800000| PB 0x00000000e3800000| Complete 
| 569|0x00000000e3900000, 0x00000000e3a00000, 0x00000000e3a00000|100%| E|CS|TAMS 0x00000000e3900000| PB 0x00000000e3900000| Complete 
| 570|0x00000000e3a00000, 0x00000000e3b00000, 0x00000000e3b00000|100%| E|CS|TAMS 0x00000000e3a00000| PB 0x00000000e3a00000| Complete 
| 571|0x00000000e3b00000, 0x00000000e3c00000, 0x00000000e3c00000|100%| E|CS|TAMS 0x00000000e3b00000| PB 0x00000000e3b00000| Complete 
| 572|0x00000000e3c00000, 0x00000000e3d00000, 0x00000000e3d00000|100%| E|CS|TAMS 0x00000000e3c00000| PB 0x00000000e3c00000| Complete 
| 573|0x00000000e3d00000, 0x00000000e3e00000, 0x00000000e3e00000|100%| E|CS|TAMS 0x00000000e3d00000| PB 0x00000000e3d00000| Complete 
| 574|0x00000000e3e00000, 0x00000000e3f00000, 0x00000000e3f00000|100%| E|CS|TAMS 0x00000000e3e00000| PB 0x00000000e3e00000| Complete 
| 575|0x00000000e3f00000, 0x00000000e4000000, 0x00000000e4000000|100%| E|CS|TAMS 0x00000000e3f00000| PB 0x00000000e3f00000| Complete 
| 576|0x00000000e4000000, 0x00000000e4100000, 0x00000000e4100000|100%| E|CS|TAMS 0x00000000e4000000| PB 0x00000000e4000000| Complete 
| 577|0x00000000e4100000, 0x00000000e4200000, 0x00000000e4200000|100%| E|CS|TAMS 0x00000000e4100000| PB 0x00000000e4100000| Complete 
| 578|0x00000000e4200000, 0x00000000e4300000, 0x00000000e4300000|100%| E|CS|TAMS 0x00000000e4200000| PB 0x00000000e4200000| Complete 
| 579|0x00000000e4300000, 0x00000000e4400000, 0x00000000e4400000|100%| E|CS|TAMS 0x00000000e4300000| PB 0x00000000e4300000| Complete 
| 580|0x00000000e4400000, 0x00000000e4500000, 0x00000000e4500000|100%| E|CS|TAMS 0x00000000e4400000| PB 0x00000000e4400000| Complete 
| 581|0x00000000e4500000, 0x00000000e4600000, 0x00000000e4600000|100%| E|CS|TAMS 0x00000000e4500000| PB 0x00000000e4500000| Complete 
| 582|0x00000000e4600000, 0x00000000e4700000, 0x00000000e4700000|100%| E|CS|TAMS 0x00000000e4600000| PB 0x00000000e4600000| Complete 
| 583|0x00000000e4700000, 0x00000000e4800000, 0x00000000e4800000|100%| E|CS|TAMS 0x00000000e4700000| PB 0x00000000e4700000| Complete 
| 584|0x00000000e4800000, 0x00000000e4900000, 0x00000000e4900000|100%| E|CS|TAMS 0x00000000e4800000| PB 0x00000000e4800000| Complete 
| 585|0x00000000e4900000, 0x00000000e4a00000, 0x00000000e4a00000|100%| E|CS|TAMS 0x00000000e4900000| PB 0x00000000e4900000| Complete 
| 586|0x00000000e4a00000, 0x00000000e4b00000, 0x00000000e4b00000|100%| E|CS|TAMS 0x00000000e4a00000| PB 0x00000000e4a00000| Complete 
| 587|0x00000000e4b00000, 0x00000000e4c00000, 0x00000000e4c00000|100%| E|CS|TAMS 0x00000000e4b00000| PB 0x00000000e4b00000| Complete 
| 588|0x00000000e4c00000, 0x00000000e4d00000, 0x00000000e4d00000|100%| E|CS|TAMS 0x00000000e4c00000| PB 0x00000000e4c00000| Complete 
| 589|0x00000000e4d00000, 0x00000000e4e00000, 0x00000000e4e00000|100%| E|CS|TAMS 0x00000000e4d00000| PB 0x00000000e4d00000| Complete 
| 590|0x00000000e4e00000, 0x00000000e4f00000, 0x00000000e4f00000|100%| E|CS|TAMS 0x00000000e4e00000| PB 0x00000000e4e00000| Complete 
| 591|0x00000000e4f00000, 0x00000000e5000000, 0x00000000e5000000|100%| E|CS|TAMS 0x00000000e4f00000| PB 0x00000000e4f00000| Complete 
| 592|0x00000000e5000000, 0x00000000e5100000, 0x00000000e5100000|100%| E|CS|TAMS 0x00000000e5000000| PB 0x00000000e5000000| Complete 
| 593|0x00000000e5100000, 0x00000000e5200000, 0x00000000e5200000|100%| E|CS|TAMS 0x00000000e5100000| PB 0x00000000e5100000| Complete 
| 594|0x00000000e5200000, 0x00000000e5300000, 0x00000000e5300000|100%| E|CS|TAMS 0x00000000e5200000| PB 0x00000000e5200000| Complete 
| 595|0x00000000e5300000, 0x00000000e5400000, 0x00000000e5400000|100%| E|CS|TAMS 0x00000000e5300000| PB 0x00000000e5300000| Complete 
| 596|0x00000000e5400000, 0x00000000e5500000, 0x00000000e5500000|100%| E|CS|TAMS 0x00000000e5400000| PB 0x00000000e5400000| Complete 
| 597|0x00000000e5500000, 0x00000000e5600000, 0x00000000e5600000|100%| E|CS|TAMS 0x00000000e5500000| PB 0x00000000e5500000| Complete 
| 598|0x00000000e5600000, 0x00000000e5700000, 0x00000000e5700000|100%| E|CS|TAMS 0x00000000e5600000| PB 0x00000000e5600000| Complete 
| 599|0x00000000e5700000, 0x00000000e5800000, 0x00000000e5800000|100%| E|CS|TAMS 0x00000000e5700000| PB 0x00000000e5700000| Complete 
| 600|0x00000000e5800000, 0x00000000e5900000, 0x00000000e5900000|100%| E|CS|TAMS 0x00000000e5800000| PB 0x00000000e5800000| Complete 
| 601|0x00000000e5900000, 0x00000000e5a00000, 0x00000000e5a00000|100%| E|CS|TAMS 0x00000000e5900000| PB 0x00000000e5900000| Complete 
| 602|0x00000000e5a00000, 0x00000000e5b00000, 0x00000000e5b00000|100%| E|CS|TAMS 0x00000000e5a00000| PB 0x00000000e5a00000| Complete 
| 603|0x00000000e5b00000, 0x00000000e5c00000, 0x00000000e5c00000|100%| E|CS|TAMS 0x00000000e5b00000| PB 0x00000000e5b00000| Complete 
| 604|0x00000000e5c00000, 0x00000000e5d00000, 0x00000000e5d00000|100%| E|CS|TAMS 0x00000000e5c00000| PB 0x00000000e5c00000| Complete 
| 605|0x00000000e5d00000, 0x00000000e5e00000, 0x00000000e5e00000|100%| E|CS|TAMS 0x00000000e5d00000| PB 0x00000000e5d00000| Complete 
| 606|0x00000000e5e00000, 0x00000000e5f00000, 0x00000000e5f00000|100%| E|CS|TAMS 0x00000000e5e00000| PB 0x00000000e5e00000| Complete 
| 607|0x00000000e5f00000, 0x00000000e6000000, 0x00000000e6000000|100%| E|CS|TAMS 0x00000000e5f00000| PB 0x00000000e5f00000| Complete 
| 608|0x00000000e6000000, 0x00000000e6100000, 0x00000000e6100000|100%| E|CS|TAMS 0x00000000e6000000| PB 0x00000000e6000000| Complete 
| 609|0x00000000e6100000, 0x00000000e6200000, 0x00000000e6200000|100%| E|CS|TAMS 0x00000000e6100000| PB 0x00000000e6100000| Complete 
| 610|0x00000000e6200000, 0x00000000e6300000, 0x00000000e6300000|100%| E|CS|TAMS 0x00000000e6200000| PB 0x00000000e6200000| Complete 
| 611|0x00000000e6300000, 0x00000000e6400000, 0x00000000e6400000|100%| E|CS|TAMS 0x00000000e6300000| PB 0x00000000e6300000| Complete 
| 612|0x00000000e6400000, 0x00000000e6500000, 0x00000000e6500000|100%| E|CS|TAMS 0x00000000e6400000| PB 0x00000000e6400000| Complete 
| 613|0x00000000e6500000, 0x00000000e6600000, 0x00000000e6600000|100%| E|CS|TAMS 0x00000000e6500000| PB 0x00000000e6500000| Complete 
| 614|0x00000000e6600000, 0x00000000e6700000, 0x00000000e6700000|100%| E|CS|TAMS 0x00000000e6600000| PB 0x00000000e6600000| Complete 
| 615|0x00000000e6700000, 0x00000000e6800000, 0x00000000e6800000|100%| E|CS|TAMS 0x00000000e6700000| PB 0x00000000e6700000| Complete 
| 616|0x00000000e6800000, 0x00000000e6900000, 0x00000000e6900000|100%| E|CS|TAMS 0x00000000e6800000| PB 0x00000000e6800000| Complete 
| 617|0x00000000e6900000, 0x00000000e6a00000, 0x00000000e6a00000|100%| E|CS|TAMS 0x00000000e6900000| PB 0x00000000e6900000| Complete 
| 618|0x00000000e6a00000, 0x00000000e6b00000, 0x00000000e6b00000|100%| E|CS|TAMS 0x00000000e6a00000| PB 0x00000000e6a00000| Complete 
| 619|0x00000000e6b00000, 0x00000000e6c00000, 0x00000000e6c00000|100%| E|CS|TAMS 0x00000000e6b00000| PB 0x00000000e6b00000| Complete 
| 620|0x00000000e6c00000, 0x00000000e6d00000, 0x00000000e6d00000|100%| E|CS|TAMS 0x00000000e6c00000| PB 0x00000000e6c00000| Complete 
| 621|0x00000000e6d00000, 0x00000000e6e00000, 0x00000000e6e00000|100%| E|CS|TAMS 0x00000000e6d00000| PB 0x00000000e6d00000| Complete 
| 622|0x00000000e6e00000, 0x00000000e6f00000, 0x00000000e6f00000|100%| E|CS|TAMS 0x00000000e6e00000| PB 0x00000000e6e00000| Complete 
| 623|0x00000000e6f00000, 0x00000000e7000000, 0x00000000e7000000|100%| E|CS|TAMS 0x00000000e6f00000| PB 0x00000000e6f00000| Complete 
| 624|0x00000000e7000000, 0x00000000e7100000, 0x00000000e7100000|100%| E|CS|TAMS 0x00000000e7000000| PB 0x00000000e7000000| Complete 
| 625|0x00000000e7100000, 0x00000000e7200000, 0x00000000e7200000|100%| E|CS|TAMS 0x00000000e7100000| PB 0x00000000e7100000| Complete 
| 626|0x00000000e7200000, 0x00000000e7300000, 0x00000000e7300000|100%| E|CS|TAMS 0x00000000e7200000| PB 0x00000000e7200000| Complete 
| 627|0x00000000e7300000, 0x00000000e7400000, 0x00000000e7400000|100%| E|CS|TAMS 0x00000000e7300000| PB 0x00000000e7300000| Complete 
| 628|0x00000000e7400000, 0x00000000e7500000, 0x00000000e7500000|100%| E|CS|TAMS 0x00000000e7400000| PB 0x00000000e7400000| Complete 
| 629|0x00000000e7500000, 0x00000000e7600000, 0x00000000e7600000|100%| E|CS|TAMS 0x00000000e7500000| PB 0x00000000e7500000| Complete 
| 630|0x00000000e7600000, 0x00000000e7700000, 0x00000000e7700000|100%| E|CS|TAMS 0x00000000e7600000| PB 0x00000000e7600000| Complete 
| 631|0x00000000e7700000, 0x00000000e7800000, 0x00000000e7800000|100%| E|CS|TAMS 0x00000000e7700000| PB 0x00000000e7700000| Complete 
| 632|0x00000000e7800000, 0x00000000e7900000, 0x00000000e7900000|100%| E|CS|TAMS 0x00000000e7800000| PB 0x00000000e7800000| Complete 
| 633|0x00000000e7900000, 0x00000000e7a00000, 0x00000000e7a00000|100%| E|CS|TAMS 0x00000000e7900000| PB 0x00000000e7900000| Complete 
| 634|0x00000000e7a00000, 0x00000000e7b00000, 0x00000000e7b00000|100%| E|CS|TAMS 0x00000000e7a00000| PB 0x00000000e7a00000| Complete 
| 635|0x00000000e7b00000, 0x00000000e7c00000, 0x00000000e7c00000|100%| E|CS|TAMS 0x00000000e7b00000| PB 0x00000000e7b00000| Complete 
| 636|0x00000000e7c00000, 0x00000000e7d00000, 0x00000000e7d00000|100%| E|CS|TAMS 0x00000000e7c00000| PB 0x00000000e7c00000| Complete 
| 637|0x00000000e7d00000, 0x00000000e7e00000, 0x00000000e7e00000|100%| E|CS|TAMS 0x00000000e7d00000| PB 0x00000000e7d00000| Complete 
| 638|0x00000000e7e00000, 0x00000000e7f00000, 0x00000000e7f00000|100%| E|CS|TAMS 0x00000000e7e00000| PB 0x00000000e7e00000| Complete 
| 639|0x00000000e7f00000, 0x00000000e8000000, 0x00000000e8000000|100%| E|CS|TAMS 0x00000000e7f00000| PB 0x00000000e7f00000| Complete 
| 640|0x00000000e8000000, 0x00000000e8100000, 0x00000000e8100000|100%| E|CS|TAMS 0x00000000e8000000| PB 0x00000000e8000000| Complete 
| 641|0x00000000e8100000, 0x00000000e8200000, 0x00000000e8200000|100%| E|CS|TAMS 0x00000000e8100000| PB 0x00000000e8100000| Complete 
| 642|0x00000000e8200000, 0x00000000e8300000, 0x00000000e8300000|100%| E|CS|TAMS 0x00000000e8200000| PB 0x00000000e8200000| Complete 
| 643|0x00000000e8300000, 0x00000000e8400000, 0x00000000e8400000|100%| E|CS|TAMS 0x00000000e8300000| PB 0x00000000e8300000| Complete 
| 644|0x00000000e8400000, 0x00000000e8500000, 0x00000000e8500000|100%| E|CS|TAMS 0x00000000e8400000| PB 0x00000000e8400000| Complete 
| 645|0x00000000e8500000, 0x00000000e8600000, 0x00000000e8600000|100%| E|CS|TAMS 0x00000000e8500000| PB 0x00000000e8500000| Complete 
| 646|0x00000000e8600000, 0x00000000e8700000, 0x00000000e8700000|100%| E|CS|TAMS 0x00000000e8600000| PB 0x00000000e8600000| Complete 
| 647|0x00000000e8700000, 0x00000000e8800000, 0x00000000e8800000|100%| E|CS|TAMS 0x00000000e8700000| PB 0x00000000e8700000| Complete 
| 648|0x00000000e8800000, 0x00000000e8900000, 0x00000000e8900000|100%| E|CS|TAMS 0x00000000e8800000| PB 0x00000000e8800000| Complete 
| 649|0x00000000e8900000, 0x00000000e8a00000, 0x00000000e8a00000|100%| E|CS|TAMS 0x00000000e8900000| PB 0x00000000e8900000| Complete 
| 650|0x00000000e8a00000, 0x00000000e8b00000, 0x00000000e8b00000|100%| E|CS|TAMS 0x00000000e8a00000| PB 0x00000000e8a00000| Complete 
| 651|0x00000000e8b00000, 0x00000000e8c00000, 0x00000000e8c00000|100%| E|CS|TAMS 0x00000000e8b00000| PB 0x00000000e8b00000| Complete 
| 652|0x00000000e8c00000, 0x00000000e8d00000, 0x00000000e8d00000|100%| E|CS|TAMS 0x00000000e8c00000| PB 0x00000000e8c00000| Complete 
| 653|0x00000000e8d00000, 0x00000000e8e00000, 0x00000000e8e00000|100%| E|CS|TAMS 0x00000000e8d00000| PB 0x00000000e8d00000| Complete 
| 654|0x00000000e8e00000, 0x00000000e8f00000, 0x00000000e8f00000|100%| E|CS|TAMS 0x00000000e8e00000| PB 0x00000000e8e00000| Complete 
| 655|0x00000000e8f00000, 0x00000000e9000000, 0x00000000e9000000|100%| E|CS|TAMS 0x00000000e8f00000| PB 0x00000000e8f00000| Complete 
| 656|0x00000000e9000000, 0x00000000e9100000, 0x00000000e9100000|100%| E|CS|TAMS 0x00000000e9000000| PB 0x00000000e9000000| Complete 
| 657|0x00000000e9100000, 0x00000000e9200000, 0x00000000e9200000|100%| E|CS|TAMS 0x00000000e9100000| PB 0x00000000e9100000| Complete 
| 658|0x00000000e9200000, 0x00000000e9300000, 0x00000000e9300000|100%| E|CS|TAMS 0x00000000e9200000| PB 0x00000000e9200000| Complete 
| 659|0x00000000e9300000, 0x00000000e9400000, 0x00000000e9400000|100%| E|CS|TAMS 0x00000000e9300000| PB 0x00000000e9300000| Complete 
| 660|0x00000000e9400000, 0x00000000e9500000, 0x00000000e9500000|100%| E|CS|TAMS 0x00000000e9400000| PB 0x00000000e9400000| Complete 
| 661|0x00000000e9500000, 0x00000000e9600000, 0x00000000e9600000|100%| E|CS|TAMS 0x00000000e9500000| PB 0x00000000e9500000| Complete 
| 662|0x00000000e9600000, 0x00000000e9700000, 0x00000000e9700000|100%| E|CS|TAMS 0x00000000e9600000| PB 0x00000000e9600000| Complete 
| 663|0x00000000e9700000, 0x00000000e9800000, 0x00000000e9800000|100%| E|CS|TAMS 0x00000000e9700000| PB 0x00000000e9700000| Complete 
| 664|0x00000000e9800000, 0x00000000e9900000, 0x00000000e9900000|100%| E|CS|TAMS 0x00000000e9800000| PB 0x00000000e9800000| Complete 
| 665|0x00000000e9900000, 0x00000000e9a00000, 0x00000000e9a00000|100%| E|CS|TAMS 0x00000000e9900000| PB 0x00000000e9900000| Complete 
| 666|0x00000000e9a00000, 0x00000000e9b00000, 0x00000000e9b00000|100%| E|CS|TAMS 0x00000000e9a00000| PB 0x00000000e9a00000| Complete 
| 667|0x00000000e9b00000, 0x00000000e9c00000, 0x00000000e9c00000|100%| E|CS|TAMS 0x00000000e9b00000| PB 0x00000000e9b00000| Complete 
| 668|0x00000000e9c00000, 0x00000000e9d00000, 0x00000000e9d00000|100%| E|CS|TAMS 0x00000000e9c00000| PB 0x00000000e9c00000| Complete 
| 669|0x00000000e9d00000, 0x00000000e9e00000, 0x00000000e9e00000|100%| E|CS|TAMS 0x00000000e9d00000| PB 0x00000000e9d00000| Complete 
| 670|0x00000000e9e00000, 0x00000000e9f00000, 0x00000000e9f00000|100%| E|CS|TAMS 0x00000000e9e00000| PB 0x00000000e9e00000| Complete 
| 671|0x00000000e9f00000, 0x00000000ea000000, 0x00000000ea000000|100%| E|CS|TAMS 0x00000000e9f00000| PB 0x00000000e9f00000| Complete 
| 672|0x00000000ea000000, 0x00000000ea100000, 0x00000000ea100000|100%| E|CS|TAMS 0x00000000ea000000| PB 0x00000000ea000000| Complete 
| 673|0x00000000ea100000, 0x00000000ea200000, 0x00000000ea200000|100%| E|CS|TAMS 0x00000000ea100000| PB 0x00000000ea100000| Complete 
| 674|0x00000000ea200000, 0x00000000ea300000, 0x00000000ea300000|100%| E|CS|TAMS 0x00000000ea200000| PB 0x00000000ea200000| Complete 
| 675|0x00000000ea300000, 0x00000000ea400000, 0x00000000ea400000|100%| E|CS|TAMS 0x00000000ea300000| PB 0x00000000ea300000| Complete 
| 676|0x00000000ea400000, 0x00000000ea500000, 0x00000000ea500000|100%| E|CS|TAMS 0x00000000ea400000| PB 0x00000000ea400000| Complete 
| 677|0x00000000ea500000, 0x00000000ea600000, 0x00000000ea600000|100%| E|CS|TAMS 0x00000000ea500000| PB 0x00000000ea500000| Complete 
| 678|0x00000000ea600000, 0x00000000ea700000, 0x00000000ea700000|100%| E|CS|TAMS 0x00000000ea600000| PB 0x00000000ea600000| Complete 
| 893|0x00000000f7d00000, 0x00000000f7e00000, 0x00000000f7e00000|100%| E|CS|TAMS 0x00000000f7d00000| PB 0x00000000f7d00000| Complete 
| 894|0x00000000f7e00000, 0x00000000f7f00000, 0x00000000f7f00000|100%| E|CS|TAMS 0x00000000f7e00000| PB 0x00000000f7e00000| Complete 
| 895|0x00000000f7f00000, 0x00000000f8000000, 0x00000000f8000000|100%| E|CS|TAMS 0x00000000f7f00000| PB 0x00000000f7f00000| Complete 
| 896|0x00000000f8000000, 0x00000000f8100000, 0x00000000f8100000|100%| E|CS|TAMS 0x00000000f8000000| PB 0x00000000f8000000| Complete 
| 897|0x00000000f8100000, 0x00000000f8200000, 0x00000000f8200000|100%| E|CS|TAMS 0x00000000f8100000| PB 0x00000000f8100000| Complete 
| 898|0x00000000f8200000, 0x00000000f8300000, 0x00000000f8300000|100%| E|CS|TAMS 0x00000000f8200000| PB 0x00000000f8200000| Complete 
| 899|0x00000000f8300000, 0x00000000f8400000, 0x00000000f8400000|100%| E|CS|TAMS 0x00000000f8300000| PB 0x00000000f8300000| Complete 
| 900|0x00000000f8400000, 0x00000000f8500000, 0x00000000f8500000|100%| E|CS|TAMS 0x00000000f8400000| PB 0x00000000f8400000| Complete 
| 901|0x00000000f8500000, 0x00000000f8600000, 0x00000000f8600000|100%| E|CS|TAMS 0x00000000f8500000| PB 0x00000000f8500000| Complete 
| 902|0x00000000f8600000, 0x00000000f8700000, 0x00000000f8700000|100%| E|CS|TAMS 0x00000000f8600000| PB 0x00000000f8600000| Complete 
| 903|0x00000000f8700000, 0x00000000f8800000, 0x00000000f8800000|100%| E|CS|TAMS 0x00000000f8700000| PB 0x00000000f8700000| Complete 
| 904|0x00000000f8800000, 0x00000000f8900000, 0x00000000f8900000|100%| E|CS|TAMS 0x00000000f8800000| PB 0x00000000f8800000| Complete 
| 905|0x00000000f8900000, 0x00000000f8a00000, 0x00000000f8a00000|100%| E|CS|TAMS 0x00000000f8900000| PB 0x00000000f8900000| Complete 
| 906|0x00000000f8a00000, 0x00000000f8b00000, 0x00000000f8b00000|100%| E|CS|TAMS 0x00000000f8a00000| PB 0x00000000f8a00000| Complete 
| 907|0x00000000f8b00000, 0x00000000f8c00000, 0x00000000f8c00000|100%| E|CS|TAMS 0x00000000f8b00000| PB 0x00000000f8b00000| Complete 
| 908|0x00000000f8c00000, 0x00000000f8d00000, 0x00000000f8d00000|100%| E|CS|TAMS 0x00000000f8c00000| PB 0x00000000f8c00000| Complete 
| 909|0x00000000f8d00000, 0x00000000f8e00000, 0x00000000f8e00000|100%| E|CS|TAMS 0x00000000f8d00000| PB 0x00000000f8d00000| Complete 
| 910|0x00000000f8e00000, 0x00000000f8f00000, 0x00000000f8f00000|100%| E|CS|TAMS 0x00000000f8e00000| PB 0x00000000f8e00000| Complete 
| 911|0x00000000f8f00000, 0x00000000f9000000, 0x00000000f9000000|100%| E|CS|TAMS 0x00000000f8f00000| PB 0x00000000f8f00000| Complete 
| 912|0x00000000f9000000, 0x00000000f9100000, 0x00000000f9100000|100%| E|CS|TAMS 0x00000000f9000000| PB 0x00000000f9000000| Complete 
| 913|0x00000000f9100000, 0x00000000f9200000, 0x00000000f9200000|100%| E|CS|TAMS 0x00000000f9100000| PB 0x00000000f9100000| Complete 
| 914|0x00000000f9200000, 0x00000000f9300000, 0x00000000f9300000|100%| E|CS|TAMS 0x00000000f9200000| PB 0x00000000f9200000| Complete 
| 915|0x00000000f9300000, 0x00000000f9400000, 0x00000000f9400000|100%| E|CS|TAMS 0x00000000f9300000| PB 0x00000000f9300000| Complete 
| 916|0x00000000f9400000, 0x00000000f9500000, 0x00000000f9500000|100%| E|CS|TAMS 0x00000000f9400000| PB 0x00000000f9400000| Complete 
| 917|0x00000000f9500000, 0x00000000f9600000, 0x00000000f9600000|100%| E|CS|TAMS 0x00000000f9500000| PB 0x00000000f9500000| Complete 
| 918|0x00000000f9600000, 0x00000000f9700000, 0x00000000f9700000|100%| E|CS|TAMS 0x00000000f9600000| PB 0x00000000f9600000| Complete 
| 919|0x00000000f9700000, 0x00000000f9800000, 0x00000000f9800000|100%| E|CS|TAMS 0x00000000f9700000| PB 0x00000000f9700000| Complete 
| 920|0x00000000f9800000, 0x00000000f9900000, 0x00000000f9900000|100%| E|CS|TAMS 0x00000000f9800000| PB 0x00000000f9800000| Complete 
| 921|0x00000000f9900000, 0x00000000f9a00000, 0x00000000f9a00000|100%| E|CS|TAMS 0x00000000f9900000| PB 0x00000000f9900000| Complete 
| 922|0x00000000f9a00000, 0x00000000f9b00000, 0x00000000f9b00000|100%| E|CS|TAMS 0x00000000f9a00000| PB 0x00000000f9a00000| Complete 
| 923|0x00000000f9b00000, 0x00000000f9c00000, 0x00000000f9c00000|100%| E|CS|TAMS 0x00000000f9b00000| PB 0x00000000f9b00000| Complete 
| 924|0x00000000f9c00000, 0x00000000f9d00000, 0x00000000f9d00000|100%| E|CS|TAMS 0x00000000f9c00000| PB 0x00000000f9c00000| Complete 
| 925|0x00000000f9d00000, 0x00000000f9e00000, 0x00000000f9e00000|100%| E|CS|TAMS 0x00000000f9d00000| PB 0x00000000f9d00000| Complete 
| 926|0x00000000f9e00000, 0x00000000f9f00000, 0x00000000f9f00000|100%| E|CS|TAMS 0x00000000f9e00000| PB 0x00000000f9e00000| Complete 
| 927|0x00000000f9f00000, 0x00000000fa000000, 0x00000000fa000000|100%| E|CS|TAMS 0x00000000f9f00000| PB 0x00000000f9f00000| Complete 
| 928|0x00000000fa000000, 0x00000000fa100000, 0x00000000fa100000|100%| E|CS|TAMS 0x00000000fa000000| PB 0x00000000fa000000| Complete 
| 929|0x00000000fa100000, 0x00000000fa200000, 0x00000000fa200000|100%| E|CS|TAMS 0x00000000fa100000| PB 0x00000000fa100000| Complete 
| 930|0x00000000fa200000, 0x00000000fa300000, 0x00000000fa300000|100%| E|CS|TAMS 0x00000000fa200000| PB 0x00000000fa200000| Complete 
| 931|0x00000000fa300000, 0x00000000fa400000, 0x00000000fa400000|100%| E|CS|TAMS 0x00000000fa300000| PB 0x00000000fa300000| Complete 
| 932|0x00000000fa400000, 0x00000000fa500000, 0x00000000fa500000|100%| E|CS|TAMS 0x00000000fa400000| PB 0x00000000fa400000| Complete 
| 933|0x00000000fa500000, 0x00000000fa600000, 0x00000000fa600000|100%| E|CS|TAMS 0x00000000fa500000| PB 0x00000000fa500000| Complete 
| 934|0x00000000fa600000, 0x00000000fa700000, 0x00000000fa700000|100%| E|CS|TAMS 0x00000000fa600000| PB 0x00000000fa600000| Complete 
| 935|0x00000000fa700000, 0x00000000fa800000, 0x00000000fa800000|100%| E|CS|TAMS 0x00000000fa700000| PB 0x00000000fa700000| Complete 
| 936|0x00000000fa800000, 0x00000000fa900000, 0x00000000fa900000|100%| E|CS|TAMS 0x00000000fa800000| PB 0x00000000fa800000| Complete 
| 937|0x00000000fa900000, 0x00000000faa00000, 0x00000000faa00000|100%| E|CS|TAMS 0x00000000fa900000| PB 0x00000000fa900000| Complete 
| 938|0x00000000faa00000, 0x00000000fab00000, 0x00000000fab00000|100%| E|CS|TAMS 0x00000000faa00000| PB 0x00000000faa00000| Complete 
| 939|0x00000000fab00000, 0x00000000fac00000, 0x00000000fac00000|100%| E|CS|TAMS 0x00000000fab00000| PB 0x00000000fab00000| Complete 
| 940|0x00000000fac00000, 0x00000000fad00000, 0x00000000fad00000|100%| E|CS|TAMS 0x00000000fac00000| PB 0x00000000fac00000| Complete 
| 941|0x00000000fad00000, 0x00000000fae00000, 0x00000000fae00000|100%| E|CS|TAMS 0x00000000fad00000| PB 0x00000000fad00000| Complete 
| 942|0x00000000fae00000, 0x00000000faf00000, 0x00000000faf00000|100%| E|CS|TAMS 0x00000000fae00000| PB 0x00000000fae00000| Complete 
| 943|0x00000000faf00000, 0x00000000fb000000, 0x00000000fb000000|100%| E|CS|TAMS 0x00000000faf00000| PB 0x00000000faf00000| Complete 
| 944|0x00000000fb000000, 0x00000000fb100000, 0x00000000fb100000|100%| E|CS|TAMS 0x00000000fb000000| PB 0x00000000fb000000| Complete 
| 945|0x00000000fb100000, 0x00000000fb200000, 0x00000000fb200000|100%| E|CS|TAMS 0x00000000fb100000| PB 0x00000000fb100000| Complete 
| 946|0x00000000fb200000, 0x00000000fb300000, 0x00000000fb300000|100%| O|Cm|TAMS 0x00000000fb200000| PB 0x00000000fb200000| Complete 
| 947|0x00000000fb300000, 0x00000000fb400000, 0x00000000fb400000|100%| O|  |TAMS 0x00000000fb300000| PB 0x00000000fb300000| Untracked 
| 948|0x00000000fb400000, 0x00000000fb500000, 0x00000000fb500000|100%| O|  |TAMS 0x00000000fb400000| PB 0x00000000fb400000| Untracked 
| 949|0x00000000fb500000, 0x00000000fb600000, 0x00000000fb600000|100%| O|  |TAMS 0x00000000fb500000| PB 0x00000000fb500000| Untracked 
| 950|0x00000000fb600000, 0x00000000fb700000, 0x00000000fb700000|100%| O|  |TAMS 0x00000000fb600000| PB 0x00000000fb600000| Untracked 
| 951|0x00000000fb700000, 0x00000000fb800000, 0x00000000fb800000|100%| O|Cm|TAMS 0x00000000fb700000| PB 0x00000000fb700000| Complete 
| 952|0x00000000fb800000, 0x00000000fb900000, 0x00000000fb900000|100%| O|  |TAMS 0x00000000fb800000| PB 0x00000000fb800000| Untracked 
| 953|0x00000000fb900000, 0x00000000fba00000, 0x00000000fba00000|100%| O|Cm|TAMS 0x00000000fb900000| PB 0x00000000fb900000| Complete 
| 954|0x00000000fba00000, 0x00000000fbb00000, 0x00000000fbb00000|100%| O|Cm|TAMS 0x00000000fba00000| PB 0x00000000fba00000| Complete 
| 955|0x00000000fbb00000, 0x00000000fbc00000, 0x00000000fbc00000|100%| O|  |TAMS 0x00000000fbb00000| PB 0x00000000fbb00000| Untracked 
| 956|0x00000000fbc00000, 0x00000000fbd00000, 0x00000000fbd00000|100%| O|Cm|TAMS 0x00000000fbc00000| PB 0x00000000fbc00000| Complete 
| 957|0x00000000fbd00000, 0x00000000fbe00000, 0x00000000fbe00000|100%| O|  |TAMS 0x00000000fbd00000| PB 0x00000000fbd00000| Untracked 
| 958|0x00000000fbe00000, 0x00000000fbf00000, 0x00000000fbf00000|100%| O|  |TAMS 0x00000000fbe00000| PB 0x00000000fbe00000| Untracked 
| 959|0x00000000fbf00000, 0x00000000fc000000, 0x00000000fc000000|100%| O|Cm|TAMS 0x00000000fbf00000| PB 0x00000000fbf00000| Complete 
| 960|0x00000000fc000000, 0x00000000fc100000, 0x00000000fc100000|100%| O|  |TAMS 0x00000000fc000000| PB 0x00000000fc000000| Untracked 
| 961|0x00000000fc100000, 0x00000000fc200000, 0x00000000fc200000|100%| O|  |TAMS 0x00000000fc100000| PB 0x00000000fc100000| Untracked 
| 962|0x00000000fc200000, 0x00000000fc300000, 0x00000000fc300000|100%| O|  |TAMS 0x00000000fc200000| PB 0x00000000fc200000| Untracked 
| 963|0x00000000fc300000, 0x00000000fc400000, 0x00000000fc400000|100%| O|  |TAMS 0x00000000fc300000| PB 0x00000000fc300000| Untracked 
| 964|0x00000000fc400000, 0x00000000fc500000, 0x00000000fc500000|100%| O|  |TAMS 0x00000000fc400000| PB 0x00000000fc400000| Untracked 
| 965|0x00000000fc500000, 0x00000000fc600000, 0x00000000fc600000|100%| O|Cm|TAMS 0x00000000fc500000| PB 0x00000000fc500000| Complete 
| 966|0x00000000fc600000, 0x00000000fc700000, 0x00000000fc700000|100%| O|  |TAMS 0x00000000fc600000| PB 0x00000000fc600000| Untracked 
| 967|0x00000000fc700000, 0x00000000fc800000, 0x00000000fc800000|100%| O|  |TAMS 0x00000000fc700000| PB 0x00000000fc700000| Untracked 
| 968|0x00000000fc800000, 0x00000000fc900000, 0x00000000fc900000|100%| O|Cm|TAMS 0x00000000fc800000| PB 0x00000000fc800000| Complete 
| 969|0x00000000fc900000, 0x00000000fca00000, 0x00000000fca00000|100%| O|Cm|TAMS 0x00000000fc900000| PB 0x00000000fc900000| Complete 
| 970|0x00000000fca00000, 0x00000000fcb00000, 0x00000000fcb00000|100%| O|Cm|TAMS 0x00000000fca00000| PB 0x00000000fca00000| Complete 
| 971|0x00000000fcb00000, 0x00000000fcc00000, 0x00000000fcc00000|100%| O|Cm|TAMS 0x00000000fcb00000| PB 0x00000000fcb00000| Complete 
| 972|0x00000000fcc00000, 0x00000000fcd00000, 0x00000000fcd00000|100%| O|Cm|TAMS 0x00000000fcc00000| PB 0x00000000fcc00000| Complete 
| 973|0x00000000fcd00000, 0x00000000fce00000, 0x00000000fce00000|100%| O|Cm|TAMS 0x00000000fcd00000| PB 0x00000000fcd00000| Complete 
| 974|0x00000000fce00000, 0x00000000fcf00000, 0x00000000fcf00000|100%| O|Cm|TAMS 0x00000000fce00000| PB 0x00000000fce00000| Complete 
| 975|0x00000000fcf00000, 0x00000000fd000000, 0x00000000fd000000|100%| O|Cm|TAMS 0x00000000fcf00000| PB 0x00000000fcf00000| Complete 
| 976|0x00000000fd000000, 0x00000000fd100000, 0x00000000fd100000|100%| O|  |TAMS 0x00000000fd000000| PB 0x00000000fd000000| Untracked 
| 977|0x00000000fd100000, 0x00000000fd200000, 0x00000000fd200000|100%| E|CS|TAMS 0x00000000fd100000| PB 0x00000000fd100000| Complete 
| 978|0x00000000fd200000, 0x00000000fd300000, 0x00000000fd300000|100%| E|CS|TAMS 0x00000000fd200000| PB 0x00000000fd200000| Complete 
| 979|0x00000000fd300000, 0x00000000fd400000, 0x00000000fd400000|100%| E|CS|TAMS 0x00000000fd300000| PB 0x00000000fd300000| Complete 
| 980|0x00000000fd400000, 0x00000000fd500000, 0x00000000fd500000|100%| E|CS|TAMS 0x00000000fd400000| PB 0x00000000fd400000| Complete 
| 981|0x00000000fd500000, 0x00000000fd600000, 0x00000000fd600000|100%| E|CS|TAMS 0x00000000fd500000| PB 0x00000000fd500000| Complete 
| 982|0x00000000fd600000, 0x00000000fd700000, 0x00000000fd700000|100%| E|CS|TAMS 0x00000000fd600000| PB 0x00000000fd600000| Complete 
| 983|0x00000000fd700000, 0x00000000fd800000, 0x00000000fd800000|100%| E|CS|TAMS 0x00000000fd700000| PB 0x00000000fd700000| Complete 
| 984|0x00000000fd800000, 0x00000000fd900000, 0x00000000fd900000|100%| E|CS|TAMS 0x00000000fd800000| PB 0x00000000fd800000| Complete 
| 985|0x00000000fd900000, 0x00000000fda00000, 0x00000000fda00000|100%| E|CS|TAMS 0x00000000fd900000| PB 0x00000000fd900000| Complete 
| 986|0x00000000fda00000, 0x00000000fdb00000, 0x00000000fdb00000|100%| E|CS|TAMS 0x00000000fda00000| PB 0x00000000fda00000| Complete 
| 987|0x00000000fdb00000, 0x00000000fdc00000, 0x00000000fdc00000|100%| E|CS|TAMS 0x00000000fdb00000| PB 0x00000000fdb00000| Complete 
| 988|0x00000000fdc00000, 0x00000000fdd00000, 0x00000000fdd00000|100%| E|CS|TAMS 0x00000000fdc00000| PB 0x00000000fdc00000| Complete 
| 989|0x00000000fdd00000, 0x00000000fde00000, 0x00000000fde00000|100%| E|CS|TAMS 0x00000000fdd00000| PB 0x00000000fdd00000| Complete 
| 990|0x00000000fde00000, 0x00000000fdf00000, 0x00000000fdf00000|100%| E|CS|TAMS 0x00000000fde00000| PB 0x00000000fde00000| Complete 
| 991|0x00000000fdf00000, 0x00000000fe000000, 0x00000000fe000000|100%| E|CS|TAMS 0x00000000fdf00000| PB 0x00000000fdf00000| Complete 
| 992|0x00000000fe000000, 0x00000000fe100000, 0x00000000fe100000|100%| E|CS|TAMS 0x00000000fe000000| PB 0x00000000fe000000| Complete 
| 993|0x00000000fe100000, 0x00000000fe200000, 0x00000000fe200000|100%| E|CS|TAMS 0x00000000fe100000| PB 0x00000000fe100000| Complete 
| 994|0x00000000fe200000, 0x00000000fe300000, 0x00000000fe300000|100%| E|CS|TAMS 0x00000000fe200000| PB 0x00000000fe200000| Complete 
| 995|0x00000000fe300000, 0x00000000fe400000, 0x00000000fe400000|100%| E|CS|TAMS 0x00000000fe300000| PB 0x00000000fe300000| Complete 
| 996|0x00000000fe400000, 0x00000000fe500000, 0x00000000fe500000|100%| E|CS|TAMS 0x00000000fe400000| PB 0x00000000fe400000| Complete 
| 997|0x00000000fe500000, 0x00000000fe600000, 0x00000000fe600000|100%| E|CS|TAMS 0x00000000fe500000| PB 0x00000000fe500000| Complete 
| 998|0x00000000fe600000, 0x00000000fe700000, 0x00000000fe700000|100%| E|CS|TAMS 0x00000000fe600000| PB 0x00000000fe600000| Complete 
| 999|0x00000000fe700000, 0x00000000fe800000, 0x00000000fe800000|100%| E|CS|TAMS 0x00000000fe700000| PB 0x00000000fe700000| Complete 
|1000|0x00000000fe800000, 0x00000000fe900000, 0x00000000fe900000|100%| E|CS|TAMS 0x00000000fe800000| PB 0x00000000fe800000| Complete 
|1001|0x00000000fe900000, 0x00000000fea00000, 0x00000000fea00000|100%| E|CS|TAMS 0x00000000fe900000| PB 0x00000000fe900000| Complete 
|1002|0x00000000fea00000, 0x00000000feb00000, 0x00000000feb00000|100%| E|CS|TAMS 0x00000000fea00000| PB 0x00000000fea00000| Complete 
|1003|0x00000000feb00000, 0x00000000fec00000, 0x00000000fec00000|100%| E|CS|TAMS 0x00000000feb00000| PB 0x00000000feb00000| Complete 
|1004|0x00000000fec00000, 0x00000000fed00000, 0x00000000fed00000|100%| E|CS|TAMS 0x00000000fec00000| PB 0x00000000fec00000| Complete 
|1005|0x00000000fed00000, 0x00000000fee00000, 0x00000000fee00000|100%| E|CS|TAMS 0x00000000fed00000| PB 0x00000000fed00000| Complete 
|1006|0x00000000fee00000, 0x00000000fef00000, 0x00000000fef00000|100%| E|CS|TAMS 0x00000000fee00000| PB 0x00000000fee00000| Complete 
|1007|0x00000000fef00000, 0x00000000ff000000, 0x00000000ff000000|100%| E|CS|TAMS 0x00000000fef00000| PB 0x00000000fef00000| Complete 
|1008|0x00000000ff000000, 0x00000000ff100000, 0x00000000ff100000|100%| E|CS|TAMS 0x00000000ff000000| PB 0x00000000ff000000| Complete 
|1009|0x00000000ff100000, 0x00000000ff200000, 0x00000000ff200000|100%| E|CS|TAMS 0x00000000ff100000| PB 0x00000000ff100000| Complete 
|1010|0x00000000ff200000, 0x00000000ff300000, 0x00000000ff300000|100%| E|CS|TAMS 0x00000000ff200000| PB 0x00000000ff200000| Complete 
|1011|0x00000000ff300000, 0x00000000ff400000, 0x00000000ff400000|100%| E|CS|TAMS 0x00000000ff300000| PB 0x00000000ff300000| Complete 
|1012|0x00000000ff400000, 0x00000000ff500000, 0x00000000ff500000|100%| E|CS|TAMS 0x00000000ff400000| PB 0x00000000ff400000| Complete 
|1013|0x00000000ff500000, 0x00000000ff600000, 0x00000000ff600000|100%| E|CS|TAMS 0x00000000ff500000| PB 0x00000000ff500000| Complete 
|1014|0x00000000ff600000, 0x00000000ff700000, 0x00000000ff700000|100%| E|CS|TAMS 0x00000000ff600000| PB 0x00000000ff600000| Complete 
|1015|0x00000000ff700000, 0x00000000ff800000, 0x00000000ff800000|100%| O|  |TAMS 0x00000000ff700000| PB 0x00000000ff700000| Untracked 
|1016|0x00000000ff800000, 0x00000000ff900000, 0x00000000ff900000|100%| O|  |TAMS 0x00000000ff800000| PB 0x00000000ff800000| Untracked 
|1017|0x00000000ff900000, 0x00000000ffa00000, 0x00000000ffa00000|100%| O|  |TAMS 0x00000000ff900000| PB 0x00000000ff900000| Untracked 
|1018|0x00000000ffa00000, 0x00000000ffb00000, 0x00000000ffb00000|100%| O|  |TAMS 0x00000000ffa00000| PB 0x00000000ffa00000| Untracked 
|1019|0x00000000ffb00000, 0x00000000ffc00000, 0x00000000ffc00000|100%| O|  |TAMS 0x00000000ffb00000| PB 0x00000000ffb00000| Untracked 
|1020|0x00000000ffc00000, 0x00000000ffd00000, 0x00000000ffd00000|100%| O|  |TAMS 0x00000000ffc00000| PB 0x00000000ffc00000| Untracked 
|1021|0x00000000ffd00000, 0x00000000ffe00000, 0x00000000ffe00000|100%| O|  |TAMS 0x00000000ffd00000| PB 0x00000000ffd00000| Untracked 
|1022|0x00000000ffe00000, 0x00000000fff00000, 0x00000000fff00000|100%| O|  |TAMS 0x00000000ffe00000| PB 0x00000000ffe00000| Untracked 
|1023|0x00000000fff00000, 0x0000000100000000, 0x0000000100000000|100%| O|  |TAMS 0x00000000fff00000| PB 0x00000000fff00000| Untracked 

Card table byte_map: [0x0000020df0f50000,0x0000020df1150000] _byte_map_base: 0x0000020df0950000

Marking Bits: (CMBitMap*) 0x0000020de60fe590
 Bits: [0x0000020df1150000, 0x0000020df2150000)

Polling page: 0x0000020de5dc0000

Metaspace:

Usage:
  Non-class:    223.00 MB used.
      Class:     32.20 MB used.
       Both:    255.20 MB used.

Virtual space:
  Non-class space:      256.00 MB reserved,     224.75 MB ( 88%) committed,  4 nodes.
      Class space:        1.00 GB reserved,      34.00 MB (  3%) committed,  1 nodes.
             Both:        1.25 GB reserved,     258.75 MB ( 20%) committed. 

Chunk freelists:
   Non-Class:  14.61 MB
       Class:  13.84 MB
        Both:  28.45 MB

MaxMetaspaceSize: 2.00 GB
CompressedClassSpaceSize: 1.00 GB
Initial GC threshold: 21.00 MB
Current GC threshold: 431.06 MB
CDS: on
 - commit_granule_bytes: 65536.
 - commit_granule_words: 8192.
 - virtual_space_node_default_size: 8388608.
 - enlarge_chunks_in_place: 1.
 - use_allocation_guard: 0.


Internal statistics:

num_allocs_failed_limit: 9.
num_arena_births: 6634.
num_arena_deaths: 70.
num_vsnodes_births: 5.
num_vsnodes_deaths: 0.
num_space_committed: 4160.
num_space_uncommitted: 18.
num_chunks_returned_to_freelist: 213.
num_chunks_taken_from_freelist: 18905.
num_chunk_merges: 47.
num_chunk_splits: 12539.
num_chunks_enlarged: 8199.
num_inconsistent_stats: 0.

CodeHeap 'non-profiled nmethods': size=258432Kb used=35417Kb max_used=39701Kb free=223014Kb
 bounds [0x0000020d903a0000, 0x0000020d92a70000, 0x0000020da0000000]
CodeHeap 'profiled nmethods': size=258368Kb used=63656Kb max_used=80511Kb free=194712Kb
 bounds [0x0000020d80000000, 0x0000020d84f30000, 0x0000020d8fc50000]
CodeHeap 'non-nmethods': size=7488Kb used=4434Kb max_used=4523Kb free=3054Kb
 bounds [0x0000020d8fc50000, 0x0000020d900d0000, 0x0000020d903a0000]
 total_blobs=31952 nmethods=30638 adapters=1210
 compilation: enabled
              stopped_count=0, restarted_count=0
 full_count=0

Compilation events (20 events):
Event: 328.879 Thread 0x0000020e086fb940 nmethod 57347 0x0000020d9054e390 code [0x0000020d9054e520, 0x0000020d9054e5d0]
Event: 328.879 Thread 0x0000020e086fb270 nmethod 57345 0x0000020d90550710 code [0x0000020d905508a0, 0x0000020d90550950]
Event: 328.879 Thread 0x0000020df510e880 nmethod 57348 0x0000020d90553590 code [0x0000020d90553720, 0x0000020d905537d0]
Event: 328.879 Thread 0x0000020e086fb270 57349       1       org.gradle.plugin.use.internal.PluginRequestCollector$PluginDependencySpecImpl::access$500 (5 bytes)
Event: 328.879 Thread 0x0000020dfe4c85c0 nmethod 57346 0x0000020d90553b90 code [0x0000020d90553d20, 0x0000020d90553dd0]
Event: 328.879 Thread 0x0000020e086fb270 nmethod 57349 0x0000020d90554a90 code [0x0000020d90554c20, 0x0000020d90554cd0]
Event: 328.880 Thread 0x0000020e086fb270 57350       1       org.gradle.plugin.management.internal.DefaultPluginResolveDetails::getTarget (5 bytes)
Event: 328.880 Thread 0x0000020e086fb270 nmethod 57350 0x0000020d90555090 code [0x0000020d90555220, 0x0000020d905552e8]
Event: 328.898 Thread 0x0000020e086fb270 57351       3       org.gradle.api.internal.artifacts.ivyservice.resolveengine.graph.builder.ModuleSelectors::preferredVersion (27 bytes)
Event: 328.899 Thread 0x0000020e086fb270 nmethod 57351 0x0000020d80232490 code [0x0000020d80232700, 0x0000020d80233250]
Event: 328.931 Thread 0x0000020df510ce40 nmethod 57237 0x0000020d915b1990 code [0x0000020d915b1f60, 0x0000020d915b61f0]
Event: 328.931 Thread 0x0000020df510ce40 57340   !   4       org.gradle.api.internal.plugins.DefaultPluginRegistry$1::load (163 bytes)
Event: 328.937 Thread 0x0000020dfe4c85c0 57353       3       java.util.concurrent.ConcurrentHashMap::helpTransfer (124 bytes)
Event: 328.937 Thread 0x0000020dfe4c85c0 nmethod 57353 0x0000020d80334d90 code [0x0000020d80334fa0, 0x0000020d803356b0]
Event: 328.946 Thread 0x0000020e086fb270 57356       3       java.util.AbstractCollection::clear (31 bytes)
Event: 328.946 Thread 0x0000020e086fb270 nmethod 57356 0x0000020d800edb10 code [0x0000020d800edd00, 0x0000020d800ee1c0]
Event: 329.113 Thread 0x0000020e086fcdb0 nmethod 57296 0x0000020d91809110 code [0x0000020d91809880, 0x0000020d9180e138]
Event: 329.114 Thread 0x0000020e086fcdb0 57352 %     4       org.gradle.internal.snapshot.CompositeFileSystemSnapshot::accept @ 8 (55 bytes)
Event: 329.117 Thread 0x0000020e086fcdb0 nmethod 57352% 0x0000020d903ded10 code [0x0000020d903deec0, 0x0000020d903df188]
Event: 329.117 Thread 0x0000020e086fcdb0 57357       4       org.gradle.api.internal.AbstractNamedDomainObjectContainer::create (34 bytes)

GC Heap History (20 events):
Event: 252.795 GC heap before
{Heap before GC invocations=106 (full 0):
 garbage-first heap   total 829440K, used 424256K [0x00000000c0000000, 0x0000000100000000)
  region size 1024K, 56 young (57344K), 46 survivors (47104K)
 Metaspace       used 256915K, committed 260416K, reserved 1310720K
  class space    used 32676K, committed 34432K, reserved 1048576K
}
Event: 252.816 GC heap after
{Heap after GC invocations=107 (full 0):
 garbage-first heap   total 829440K, used 422656K [0x00000000c0000000, 0x0000000100000000)
  region size 1024K, 4 young (4096K), 4 survivors (4096K)
 Metaspace       used 256915K, committed 260416K, reserved 1310720K
  class space    used 32676K, committed 34432K, reserved 1048576K
}
Event: 260.119 GC heap before
{Heap before GC invocations=108 (full 0):
 garbage-first heap   total 829440K, used 768768K [0x00000000c0000000, 0x0000000100000000)
  region size 1024K, 295 young (302080K), 4 survivors (4096K)
 Metaspace       used 256873K, committed 260352K, reserved 1310720K
  class space    used 32672K, committed 34432K, reserved 1048576K
}
Event: 260.131 GC heap after
{Heap after GC invocations=109 (full 0):
 garbage-first heap   total 829440K, used 462336K [0x00000000c0000000, 0x0000000100000000)
  region size 1024K, 28 young (28672K), 28 survivors (28672K)
 Metaspace       used 256873K, committed 260352K, reserved 1310720K
  class space    used 32672K, committed 34432K, reserved 1048576K
}
Event: 261.255 GC heap before
{Heap before GC invocations=109 (full 0):
 garbage-first heap   total 829440K, used 736768K [0x00000000c0000000, 0x0000000100000000)
  region size 1024K, 295 young (302080K), 28 survivors (28672K)
 Metaspace       used 258206K, committed 261760K, reserved 1310720K
  class space    used 32758K, committed 34560K, reserved 1048576K
}
Event: 261.265 GC heap after
{Heap after GC invocations=110 (full 0):
 garbage-first heap   total 829440K, used 449569K [0x00000000c0000000, 0x0000000100000000)
  region size 1024K, 7 young (7168K), 7 survivors (7168K)
 Metaspace       used 258206K, committed 261760K, reserved 1310720K
  class space    used 32758K, committed 34560K, reserved 1048576K
}
Event: 264.032 GC heap before
{Heap before GC invocations=110 (full 0):
 garbage-first heap   total 829440K, used 719905K [0x00000000c0000000, 0x0000000100000000)
  region size 1024K, 273 young (279552K), 7 survivors (7168K)
 Metaspace       used 258506K, committed 262080K, reserved 1310720K
  class space    used 32780K, committed 34560K, reserved 1048576K
}
Event: 264.035 GC heap after
{Heap after GC invocations=111 (full 0):
 garbage-first heap   total 829440K, used 444556K [0x00000000c0000000, 0x0000000100000000)
  region size 1024K, 4 young (4096K), 4 survivors (4096K)
 Metaspace       used 258506K, committed 262080K, reserved 1310720K
  class space    used 32780K, committed 34560K, reserved 1048576K
}
Event: 265.889 GC heap before
{Heap before GC invocations=112 (full 0):
 garbage-first heap   total 829440K, used 643212K [0x00000000c0000000, 0x0000000100000000)
  region size 1024K, 307 young (314368K), 4 survivors (4096K)
 Metaspace       used 258980K, committed 262528K, reserved 1310720K
  class space    used 32820K, committed 34624K, reserved 1048576K
}
Event: 265.893 GC heap after
{Heap after GC invocations=113 (full 0):
 garbage-first heap   total 829440K, used 332384K [0x00000000c0000000, 0x0000000100000000)
  region size 1024K, 7 young (7168K), 7 survivors (7168K)
 Metaspace       used 258980K, committed 262528K, reserved 1310720K
  class space    used 32820K, committed 34624K, reserved 1048576K
}
Event: 301.757 GC heap before
{Heap before GC invocations=113 (full 0):
 garbage-first heap   total 829440K, used 748128K [0x00000000c0000000, 0x0000000100000000)
  region size 1024K, 408 young (417792K), 7 survivors (7168K)
 Metaspace       used 259390K, committed 262976K, reserved 1310720K
  class space    used 32835K, committed 34624K, reserved 1048576K
}
Event: 301.766 GC heap after
{Heap after GC invocations=114 (full 0):
 garbage-first heap   total 829440K, used 308018K [0x00000000c0000000, 0x0000000100000000)
  region size 1024K, 19 young (19456K), 19 survivors (19456K)
 Metaspace       used 259390K, committed 262976K, reserved 1310720K
  class space    used 32835K, committed 34624K, reserved 1048576K
}
Event: 315.468 GC heap before
{Heap before GC invocations=114 (full 0):
 garbage-first heap   total 829440K, used 754482K [0x00000000c0000000, 0x0000000100000000)
  region size 1024K, 456 young (466944K), 19 survivors (19456K)
 Metaspace       used 259845K, committed 263424K, reserved 1310720K
  class space    used 32862K, committed 34688K, reserved 1048576K
}
Event: 315.481 GC heap after
{Heap after GC invocations=115 (full 0):
 garbage-first heap   total 829440K, used 319587K [0x00000000c0000000, 0x0000000100000000)
  region size 1024K, 31 young (31744K), 31 survivors (31744K)
 Metaspace       used 259845K, committed 263424K, reserved 1310720K
  class space    used 32862K, committed 34688K, reserved 1048576K
}
Event: 318.011 GC heap before
{Heap before GC invocations=116 (full 0):
 garbage-first heap   total 829440K, used 751715K [0x00000000c0000000, 0x0000000100000000)
  region size 1024K, 456 young (466944K), 31 survivors (31744K)
 Metaspace       used 260646K, committed 264320K, reserved 1310720K
  class space    used 32961K, committed 34816K, reserved 1048576K
}
Event: 318.032 GC heap after
{Heap after GC invocations=117 (full 0):
 garbage-first heap   total 829440K, used 331523K [0x00000000c0000000, 0x0000000100000000)
  region size 1024K, 44 young (45056K), 44 survivors (45056K)
 Metaspace       used 260646K, committed 264320K, reserved 1310720K
  class space    used 32961K, committed 34816K, reserved 1048576K
}
Event: 321.663 GC heap before
{Heap before GC invocations=117 (full 0):
 garbage-first heap   total 829440K, used 743171K [0x00000000c0000000, 0x0000000100000000)
  region size 1024K, 445 young (455680K), 44 survivors (45056K)
 Metaspace       used 261004K, committed 264640K, reserved 1310720K
  class space    used 32984K, committed 34816K, reserved 1048576K
}
Event: 321.672 GC heap after
{Heap after GC invocations=118 (full 0):
 garbage-first heap   total 829440K, used 294593K [0x00000000c0000000, 0x0000000100000000)
  region size 1024K, 9 young (9216K), 9 survivors (9216K)
 Metaspace       used 261004K, committed 264640K, reserved 1310720K
  class space    used 32984K, committed 34816K, reserved 1048576K
}
Event: 326.791 GC heap before
{Heap before GC invocations=118 (full 0):
 garbage-first heap   total 829440K, used 756417K [0x00000000c0000000, 0x0000000100000000)
  region size 1024K, 461 young (472064K), 9 survivors (9216K)
 Metaspace       used 261412K, committed 265024K, reserved 1310720K
  class space    used 32994K, committed 34816K, reserved 1048576K
}
Event: 326.809 GC heap after
{Heap after GC invocations=119 (full 0):
 garbage-first heap   total 829440K, used 339137K [0x00000000c0000000, 0x0000000100000000)
  region size 1024K, 52 young (53248K), 52 survivors (53248K)
 Metaspace       used 261412K, committed 265024K, reserved 1310720K
  class space    used 32994K, committed 34816K, reserved 1048576K
}

Dll operation events (16 events):
Event: 0.007 Loaded shared library C:\Program Files\Java\jdk-21.0.11\bin\java.dll
Event: 0.027 Loaded shared library C:\Program Files\Java\jdk-21.0.11\bin\jsvml.dll
Event: 0.049 Loaded shared library C:\Program Files\Java\jdk-21.0.11\bin\zip.dll
Event: 0.051 Loaded shared library C:\Program Files\Java\jdk-21.0.11\bin\instrument.dll
Event: 0.054 Loaded shared library C:\Program Files\Java\jdk-21.0.11\bin\net.dll
Event: 0.055 Loaded shared library C:\Program Files\Java\jdk-21.0.11\bin\nio.dll
Event: 0.057 Loaded shared library C:\Program Files\Java\jdk-21.0.11\bin\zip.dll
Event: 0.189 Loaded shared library C:\Program Files\Java\jdk-21.0.11\bin\jimage.dll
Event: 0.317 Loaded shared library C:\Program Files\Java\jdk-21.0.11\bin\verify.dll
Event: 0.335 Loaded shared library C:\Users\berro\.gradle\native\1def1411415f61bf3af743bc5b6707747c0891f09f0c88961ee8f79bc544acac\windows-amd64\native-platform.dll
Event: 0.341 Loaded shared library C:\Users\berro\.gradle\native\0.2.8\x86_64-windows-gnu\gradle-fileevents.dll
Event: 0.943 Loaded shared library C:\Program Files\Java\jdk-21.0.11\bin\management.dll
Event: 0.944 Loaded shared library C:\Program Files\Java\jdk-21.0.11\bin\management_ext.dll
Event: 1.032 Loaded shared library C:\Program Files\Java\jdk-21.0.11\bin\extnet.dll
Event: 1.173 Loaded shared library C:\Program Files\Java\jdk-21.0.11\bin\sunmscapi.dll
Event: 36.433 Loaded shared library C:\Program Files\Java\jdk-21.0.11\bin\rmi.dll

Deoptimization events (20 events):
Event: 321.516 Thread 0x0000020dfc66fe70 Uncommon trap: trap_request=0xffffffde fr.pc=0x0000020d91929df0 relative=0x0000000000000130
Event: 321.516 Thread 0x0000020dfc66fe70 Uncommon trap: reason=class_check action=maybe_recompile pc=0x0000020d91929df0 method=java.util.concurrent.ForkJoinPool.unmanagedBlock(Ljava/util/concurrent/ForkJoinPool$ManagedBlocker;)V @ 13 c2
Event: 321.516 Thread 0x0000020dfc66fe70 DEOPT PACKING pc=0x0000020d91929df0 sp=0x0000006a54ffe7c0
Event: 321.516 Thread 0x0000020dfc66fe70 DEOPT UNPACKING pc=0x0000020d8fca46a2 sp=0x0000006a54ffe6f0 mode 2
Event: 321.678 Thread 0x0000020dfc670500 Uncommon trap: trap_request=0xffffff66 fr.pc=0x0000020d92964008 relative=0x00000000000009c8
Event: 321.678 Thread 0x0000020dfc670500 Uncommon trap: reason=speculate_class_check action=maybe_recompile pc=0x0000020d92964008 method=org.gradle.api.internal.artifacts.publish.DecoratingPublishArtifact.<init>(Lorg/gradle/api/internal/tasks/TaskDependencyFactory;Lorg/gradle/api/artifacts/Publi
Event: 321.678 Thread 0x0000020dfc670500 DEOPT PACKING pc=0x0000020d92964008 sp=0x0000006a562f2f30
Event: 321.678 Thread 0x0000020dfc670500 DEOPT UNPACKING pc=0x0000020d8fca46a2 sp=0x0000006a562f2d78 mode 2
Event: 325.502 Thread 0x0000020dfc670500 DEOPT PACKING pc=0x0000020d806e357e sp=0x0000006a562f5a60
Event: 325.502 Thread 0x0000020dfc670500 DEOPT UNPACKING pc=0x0000020d8fca4e42 sp=0x0000006a562f5090 mode 0
Event: 325.516 Thread 0x0000020dfc670500 DEOPT PACKING pc=0x0000020d806e357e sp=0x0000006a562f5a60
Event: 325.516 Thread 0x0000020dfc670500 DEOPT UNPACKING pc=0x0000020d8fca4e42 sp=0x0000006a562f5090 mode 0
Event: 328.118 Thread 0x0000020dfc66fe70 Uncommon trap: trap_request=0xffffffde fr.pc=0x0000020d91929df0 relative=0x0000000000000130
Event: 328.118 Thread 0x0000020dfc66fe70 Uncommon trap: reason=class_check action=maybe_recompile pc=0x0000020d91929df0 method=java.util.concurrent.ForkJoinPool.unmanagedBlock(Ljava/util/concurrent/ForkJoinPool$ManagedBlocker;)V @ 13 c2
Event: 328.118 Thread 0x0000020dfc66fe70 DEOPT PACKING pc=0x0000020d91929df0 sp=0x0000006a54ffe7c0
Event: 328.118 Thread 0x0000020dfc66fe70 DEOPT UNPACKING pc=0x0000020d8fca46a2 sp=0x0000006a54ffe6f0 mode 2
Event: 328.307 Thread 0x0000020dfc670500 Uncommon trap: trap_request=0xffffff66 fr.pc=0x0000020d92964008 relative=0x00000000000009c8
Event: 328.307 Thread 0x0000020dfc670500 Uncommon trap: reason=speculate_class_check action=maybe_recompile pc=0x0000020d92964008 method=org.gradle.api.internal.artifacts.publish.DecoratingPublishArtifact.<init>(Lorg/gradle/api/internal/tasks/TaskDependencyFactory;Lorg/gradle/api/artifacts/Publi
Event: 328.307 Thread 0x0000020dfc670500 DEOPT PACKING pc=0x0000020d92964008 sp=0x0000006a562f2f10
Event: 328.307 Thread 0x0000020dfc670500 DEOPT UNPACKING pc=0x0000020d8fca46a2 sp=0x0000006a562f2d58 mode 2

Classes loaded (20 events):
Event: 195.296 Loading class javax/crypto/ProviderVerifier
Event: 195.296 Loading class javax/crypto/ProviderVerifier done
Event: 195.296 Loading class javax/crypto/ProviderVerifier$1
Event: 195.296 Loading class javax/crypto/ProviderVerifier$1 done
Event: 195.355 Loading class java/security/cert/CertificateEncodingException
Event: 195.359 Loading class java/security/cert/CertificateEncodingException done
Event: 196.325 Loading class sun/reflect/generics/tree/ByteSignature
Event: 196.325 Loading class sun/reflect/generics/tree/ByteSignature done
Event: 241.784 Loading class java/rmi/server/Unreferenced
Event: 241.828 Loading class java/rmi/server/Unreferenced done
Event: 251.534 Loading class java/util/concurrent/Executors$DelegatedScheduledExecutorService
Event: 251.535 Loading class java/util/concurrent/Executors$DelegatedExecutorService
Event: 251.535 Loading class java/util/concurrent/Executors$DelegatedExecutorService done
Event: 251.535 Loading class java/util/concurrent/Executors$DelegatedScheduledExecutorService done
Event: 261.869 Loading class java/lang/reflect/InaccessibleObjectException
Event: 261.869 Loading class java/lang/reflect/InaccessibleObjectException done
Event: 266.069 Loading class java/io/PushbackInputStream
Event: 266.069 Loading class java/io/PushbackInputStream done
Event: 321.515 Loading class java/util/concurrent/CompletableFuture$Signaller
Event: 321.515 Loading class java/util/concurrent/CompletableFuture$Signaller done

Classes unloaded (20 events):
Event: 326.904 Thread 0x0000020df50db780 Unloading class 0x0000020da31b8228 'jdk/internal/jimage/ImageHeader'
Event: 326.904 Thread 0x0000020df50db780 Unloading class 0x0000020da31b8000 'jdk/internal/jimage/BasicImageReader$2'
Event: 326.904 Thread 0x0000020df50db780 Unloading class 0x0000020da31bddd8 'jdk/internal/jimage/BasicImageReader$1'
Event: 326.904 Thread 0x0000020df50db780 Unloading class 0x0000020da31bdb78 'jdk/internal/jimage/ImageReader$Resource'
Event: 326.904 Thread 0x0000020df50db780 Unloading class 0x0000020da31bd918 'jdk/internal/jimage/ImageReader$LinkNode'
Event: 326.904 Thread 0x0000020df50db780 Unloading class 0x0000020da31bd6b8 'jdk/internal/jimage/ImageReader$Directory'
Event: 326.904 Thread 0x0000020df50db780 Unloading class 0x0000020da31bd458 'jdk/internal/jimage/ImageReader$Node'
Event: 326.904 Thread 0x0000020df50db780 Unloading class 0x0000020da31bd268 'jdk/internal/jimage/ImageStrings'
Event: 326.904 Thread 0x0000020df50db780 Unloading class 0x0000020da31bcfb0 'jdk/internal/jimage/ImageReader$SharedImageReader'
Event: 326.904 Thread 0x0000020df50db780 Unloading class 0x0000020da31bccf8 'jdk/internal/jimage/BasicImageReader'
Event: 326.904 Thread 0x0000020df50db780 Unloading class 0x0000020da31bcae0 'jdk/internal/jimage/ImageReader'
Event: 326.904 Thread 0x0000020df50db780 Unloading class 0x0000020da31bc8c0 'jdk/internal/jrtfs/SystemImage$2'
Event: 326.904 Thread 0x0000020df50db780 Unloading class 0x0000020da31bc6b0 'jdk/internal/jrtfs/SystemImage$$Lambda+0x0000020da31bc6b0'
Event: 326.904 Thread 0x0000020df50db780 Unloading class 0x0000020da31bc488 'jdk/internal/jrtfs/ExplodedImage'
Event: 326.904 Thread 0x0000020df50db780 Unloading class 0x0000020da31bc258 'jdk/internal/jrtfs/SystemImage$1'
Event: 326.904 Thread 0x0000020df50db780 Unloading class 0x0000020da31b3dd8 'jdk/internal/jrtfs/SystemImage'
Event: 326.904 Thread 0x0000020df50db780 Unloading class 0x0000020da31bc000 'jdk/internal/jrtfs/JrtFileStore'
Event: 326.904 Thread 0x0000020df50db780 Unloading class 0x0000020da31b3400 'jdk/internal/jrtfs/JrtPath'
Event: 326.904 Thread 0x0000020df50db780 Unloading class 0x0000020da31b3ae8 'jdk/internal/jrtfs/JrtFileSystem'
Event: 326.904 Thread 0x0000020df50db780 Unloading class 0x0000020da31b3800 'jdk/internal/jrtfs/JrtFileSystemProvider'

Classes redefined (0 events):
No events

Internal exceptions (20 events):
Event: 325.201 Thread 0x0000020e125f1c80 Exception <a 'sun/nio/fs/WindowsException'{0x00000000fa5527c0}> (0x00000000fa5527c0) 
thrown [s\open\src\hotspot\share\prims\jni.cpp, line 520]
Event: 325.201 Thread 0x0000020e125f1c80 Exception <a 'sun/nio/fs/WindowsException'{0x00000000fa5540e8}> (0x00000000fa5540e8) 
thrown [s\open\src\hotspot\share\prims\jni.cpp, line 520]
Event: 325.203 Thread 0x0000020e125f1c80 Exception <a 'sun/nio/fs/WindowsException'{0x00000000fa57c4b0}> (0x00000000fa57c4b0) 
thrown [s\open\src\hotspot\share\prims\jni.cpp, line 520]
Event: 325.203 Thread 0x0000020e125f1c80 Exception <a 'sun/nio/fs/WindowsException'{0x00000000fa57dde0}> (0x00000000fa57dde0) 
thrown [s\open\src\hotspot\share\prims\jni.cpp, line 520]
Event: 327.877 Thread 0x0000020dfc670500 Exception <a 'sun/nio/fs/WindowsException'{0x00000000fd7b1280}> (0x00000000fd7b1280) 
thrown [s\open\src\hotspot\share\prims\jni.cpp, line 520]
Event: 328.080 Thread 0x0000020e10ff0090 Exception <a 'sun/nio/fs/WindowsException'{0x00000000fab93130}> (0x00000000fab93130) 
thrown [s\open\src\hotspot\share\prims\jni.cpp, line 520]
Event: 328.246 Thread 0x0000020dfc670500 Exception <a 'sun/nio/fs/WindowsException'{0x00000000f99e8fb8}> (0x00000000f99e8fb8) 
thrown [s\open\src\hotspot\share\prims\jni.cpp, line 520]
Event: 328.247 Thread 0x0000020dfc670500 Exception <a 'sun/nio/fs/WindowsException'{0x00000000f99ea648}> (0x00000000f99ea648) 
thrown [s\open\src\hotspot\share\prims\jni.cpp, line 520]
Event: 328.247 Thread 0x0000020dfc670500 Exception <a 'sun/nio/fs/WindowsException'{0x00000000f99ebcc8}> (0x00000000f99ebcc8) 
thrown [s\open\src\hotspot\share\prims\jni.cpp, line 520]
Event: 328.247 Thread 0x0000020dfc670500 Exception <a 'sun/nio/fs/WindowsException'{0x00000000f99ed018}> (0x00000000f99ed018) 
thrown [s\open\src\hotspot\share\prims\jni.cpp, line 520]
Event: 328.260 Thread 0x0000020dfc670500 Exception <a 'sun/nio/fs/WindowsException'{0x00000000f9748950}> (0x00000000f9748950) 
thrown [s\open\src\hotspot\share\prims\jni.cpp, line 520]
Event: 328.260 Thread 0x0000020dfc670500 Exception <a 'sun/nio/fs/WindowsException'{0x00000000f974a7f0}> (0x00000000f974a7f0) 
thrown [s\open\src\hotspot\share\prims\jni.cpp, line 520]
Event: 328.261 Thread 0x0000020dfc670500 Exception <a 'sun/nio/fs/WindowsException'{0x00000000f974c680}> (0x00000000f974c680) 
thrown [s\open\src\hotspot\share\prims\jni.cpp, line 520]
Event: 328.261 Thread 0x0000020dfc670500 Exception <a 'sun/nio/fs/WindowsException'{0x00000000f974e1e0}> (0x00000000f974e1e0) 
thrown [s\open\src\hotspot\share\prims\jni.cpp, line 520]
Event: 328.413 Thread 0x0000020e0718e4f0 Exception <a 'sun/nio/fs/WindowsException'{0x00000000e8ca9ea8}> (0x00000000e8ca9ea8) 
thrown [s\open\src\hotspot\share\prims\jni.cpp, line 520]
Event: 328.413 Thread 0x0000020e0718e4f0 Exception <a 'sun/nio/fs/WindowsException'{0x00000000e8cabb48}> (0x00000000e8cabb48) 
thrown [s\open\src\hotspot\share\prims\jni.cpp, line 520]
Event: 328.413 Thread 0x0000020e0718e4f0 Exception <a 'sun/nio/fs/WindowsException'{0x00000000e8cb19c0}> (0x00000000e8cb19c0) 
thrown [s\open\src\hotspot\share\prims\jni.cpp, line 520]
Event: 328.413 Thread 0x0000020e0718e4f0 Exception <a 'sun/nio/fs/WindowsException'{0x00000000e8cb32e8}> (0x00000000e8cb32e8) 
thrown [s\open\src\hotspot\share\prims\jni.cpp, line 520]
Event: 328.415 Thread 0x0000020e0718e4f0 Exception <a 'sun/nio/fs/WindowsException'{0x00000000e8cd7a98}> (0x00000000e8cd7a98) 
thrown [s\open\src\hotspot\share\prims\jni.cpp, line 520]
Event: 328.415 Thread 0x0000020e0718e4f0 Exception <a 'sun/nio/fs/WindowsException'{0x00000000e8cd93c8}> (0x00000000e8cd93c8) 
thrown [s\open\src\hotspot\share\prims\jni.cpp, line 520]

ZGC Phase Switch (0 events):
No events

VM Operations (20 events):
Event: 317.712 Executing VM operation: Cleanup done
Event: 318.011 Executing VM operation: G1CollectForAllocation (G1 Evacuation Pause)
Event: 318.032 Executing VM operation: G1CollectForAllocation (G1 Evacuation Pause) done
Event: 320.032 Executing VM operation: Cleanup
Event: 320.033 Executing VM operation: Cleanup done
Event: 321.663 Executing VM operation: G1CollectForAllocation (G1 Evacuation Pause)
Event: 321.672 Executing VM operation: G1CollectForAllocation (G1 Evacuation Pause) done
Event: 323.673 Executing VM operation: Cleanup
Event: 323.673 Executing VM operation: Cleanup done
Event: 324.673 Executing VM operation: Cleanup
Event: 324.673 Executing VM operation: Cleanup done
Event: 325.674 Executing VM operation: Cleanup
Event: 325.674 Executing VM operation: Cleanup done
Event: 326.791 Executing VM operation: G1CollectForAllocation (G1 Evacuation Pause)
Event: 326.809 Executing VM operation: G1CollectForAllocation (G1 Evacuation Pause) done
Event: 326.903 Executing VM operation: G1PauseRemark
Event: 327.123 Executing VM operation: G1PauseRemark done
Event: 327.354 Executing VM operation: G1PauseCleanup
Event: 327.354 Executing VM operation: G1PauseCleanup done
Event: 329.354 Executing VM operation: Cleanup

Events (20 events):
Event: 328.918 Thread 0x0000020e09bbd510 Thread added: 0x0000020e09bbd510
Event: 328.918 Thread 0x0000020e09bbadb0 Thread added: 0x0000020e09bbadb0
Event: 328.918 Thread 0x0000020e09e8deb0 Thread added: 0x0000020e09e8deb0
Event: 328.918 Thread 0x0000020e09e8f8f0 Thread added: 0x0000020e09e8f8f0
Event: 328.919 Thread 0x0000020e09e8e540 Thread added: 0x0000020e09e8e540
Event: 328.933 Thread 0x0000020e09e90610 Thread added: 0x0000020e09e90610
Event: 328.933 Thread 0x0000020e09e90ca0 Thread added: 0x0000020e09e90ca0
Event: 328.933 Thread 0x0000020e09e8d820 Thread added: 0x0000020e09e8d820
Event: 328.933 Thread 0x0000020e09e8ff80 Thread added: 0x0000020e09e8ff80
Event: 328.934 Thread 0x0000020e09e8ebd0 Thread added: 0x0000020e09e8ebd0
Event: 328.934 Thread 0x0000020e09e8f260 Thread added: 0x0000020e09e8f260
Event: 328.934 Thread 0x0000020e14bb5d10 Thread added: 0x0000020e14bb5d10
Event: 328.934 Thread 0x0000020e14bb4ff0 Thread added: 0x0000020e14bb4ff0
Event: 328.934 Thread 0x0000020e14bb63a0 Thread added: 0x0000020e14bb63a0
Event: 328.935 Thread 0x0000020e14bb8470 Thread added: 0x0000020e14bb8470
Event: 328.935 Thread 0x0000020e14bb70c0 Thread added: 0x0000020e14bb70c0
Event: 328.935 Thread 0x0000020e14bb7750 Thread added: 0x0000020e14bb7750
Event: 328.935 Thread 0x0000020e14bb7de0 Thread added: 0x0000020e14bb7de0
Event: 328.935 Thread 0x0000020e14bb5680 Thread added: 0x0000020e14bb5680
Event: 328.935 Thread 0x0000020e14bb6a30 Thread added: 0x0000020e14bb6a30


Dynamic libraries:
0x00007ff73db60000 - 0x00007ff73db70000 	C:\Program Files\Java\jdk-21.0.11\bin\java.exe
0x00007ff9d4be0000 - 0x00007ff9d4e46000 	C:\WINDOWS\SYSTEM32\ntdll.dll
0x00007ff9d3db0000 - 0x00007ff9d3e79000 	C:\WINDOWS\System32\KERNEL32.DLL
0x00007ff9d20e0000 - 0x00007ff9d24df000 	C:\WINDOWS\System32\KERNELBASE.dll
0x00007ff9ce7d0000 - 0x00007ff9ce86f000 	C:\WINDOWS\SYSTEM32\apphelp.dll
0x00007ff9d2580000 - 0x00007ff9d26cc000 	C:\WINDOWS\System32\ucrtbase.dll
0x00007ff9b7260000 - 0x00007ff9b7279000 	C:\Program Files\Java\jdk-21.0.11\bin\jli.dll
0x00007ff9b5080000 - 0x00007ff9b509e000 	C:\Program Files\Java\jdk-21.0.11\bin\VCRUNTIME140.dll
0x00007ff9d2910000 - 0x00007ff9d29cc000 	C:\WINDOWS\System32\ADVAPI32.dll
0x00007ff9d4630000 - 0x00007ff9d46d9000 	C:\WINDOWS\System32\msvcrt.dll
0x00007ff9d4080000 - 0x00007ff9d412a000 	C:\WINDOWS\System32\sechost.dll
0x00007ff9d3c90000 - 0x00007ff9d3da8000 	C:\WINDOWS\System32\RPCRT4.dll
0x00007ff9d38e0000 - 0x00007ff9d3aa6000 	C:\WINDOWS\System32\USER32.dll
0x00007ff9d1df0000 - 0x00007ff9d1e17000 	C:\WINDOWS\System32\win32u.dll
0x00007ff9d4030000 - 0x00007ff9d405b000 	C:\WINDOWS\System32\GDI32.dll
0x00007ff9d1e20000 - 0x00007ff9d1f49000 	C:\WINDOWS\System32\gdi32full.dll
0x00007ff9859d0000 - 0x00007ff985c61000 	C:\WINDOWS\WinSxS\amd64_microsoft.windows.common-controls_6595b64144ccf1df_6.0.26100.8972_none_3e0da176e32f9d4b\COMCTL32.dll
0x00007ff9d2860000 - 0x00007ff9d2903000 	C:\WINDOWS\System32\msvcp_win.dll
0x00007ff9c9e10000 - 0x00007ff9c9e1b000 	C:\WINDOWS\SYSTEM32\VERSION.dll
0x00007ff9d3110000 - 0x00007ff9d3142000 	C:\WINDOWS\System32\IMM32.DLL
0x00007ff9c8a20000 - 0x00007ff9c8a2c000 	C:\Program Files\Java\jdk-21.0.11\bin\vcruntime140_1.dll
0x00007ff9af520000 - 0x00007ff9af5ad000 	C:\Program Files\Java\jdk-21.0.11\bin\msvcp140.dll
0x00007ff923370000 - 0x00007ff924098000 	C:\Program Files\Java\jdk-21.0.11\bin\server\jvm.dll
0x00007ff9d4130000 - 0x00007ff9d41b2000 	C:\WINDOWS\System32\WS2_32.dll
0x00007ff9d1c50000 - 0x00007ff9d1cae000 	C:\WINDOWS\SYSTEM32\POWRPROF.dll
0x00007ff9c6210000 - 0x00007ff9c6246000 	C:\WINDOWS\SYSTEM32\WINMM.dll
0x00007ff9d1c30000 - 0x00007ff9d1c45000 	C:\WINDOWS\SYSTEM32\UMPDC.dll
0x00007ff9d0aa0000 - 0x00007ff9d0abb000 	C:\WINDOWS\SYSTEM32\kernel.appcore.dll
0x00007ff9c89e0000 - 0x00007ff9c89ea000 	C:\Program Files\Java\jdk-21.0.11\bin\jimage.dll
0x00007ff9cf300000 - 0x00007ff9cf542000 	C:\WINDOWS\SYSTEM32\DBGHELP.DLL
0x00007ff9d42a0000 - 0x00007ff9d4625000 	C:\WINDOWS\System32\combase.dll
0x00007ff9d41c0000 - 0x00007ff9d4299000 	C:\WINDOWS\System32\OLEAUT32.dll
0x00007ff9be130000 - 0x00007ff9be16b000 	C:\WINDOWS\SYSTEM32\dbgcore.DLL
0x00007ff9d27a0000 - 0x00007ff9d284c000 	C:\WINDOWS\System32\bcryptPrimitives.dll
0x00007ff9b7580000 - 0x00007ff9b7590000 	C:\Program Files\Java\jdk-21.0.11\bin\instrument.dll
0x00007ff9b5020000 - 0x00007ff9b5041000 	C:\Program Files\Java\jdk-21.0.11\bin\java.dll
0x00007ff9d3150000 - 0x00007ff9d38d8000 	C:\WINDOWS\System32\SHELL32.dll
0x00007ff9cf880000 - 0x00007ff9d011b000 	C:\WINDOWS\SYSTEM32\windows.storage.dll
0x00007ff9d3ab0000 - 0x00007ff9d3ba9000 	C:\WINDOWS\System32\SHCORE.dll
0x00007ff9d29e0000 - 0x00007ff9d2a46000 	C:\WINDOWS\System32\shlwapi.dll
0x00007ff9d1d10000 - 0x00007ff9d1d39000 	C:\WINDOWS\SYSTEM32\profapi.dll
0x00007ff9a5c50000 - 0x00007ff9a5d27000 	C:\Program Files\Java\jdk-21.0.11\bin\jsvml.dll
0x00007ff9b29c0000 - 0x00007ff9b29d8000 	C:\Program Files\Java\jdk-21.0.11\bin\zip.dll
0x00007ff9b4910000 - 0x00007ff9b4921000 	C:\Program Files\Java\jdk-21.0.11\bin\net.dll
0x00007ff9ca2f0000 - 0x00007ff9ca418000 	C:\WINDOWS\SYSTEM32\WINHTTP.dll
0x00007ff9d1030000 - 0x00007ff9d109c000 	C:\WINDOWS\system32\mswsock.dll
0x00007ff9b2bc0000 - 0x00007ff9b2bd6000 	C:\Program Files\Java\jdk-21.0.11\bin\nio.dll
0x00007ff9c0410000 - 0x00007ff9c0420000 	C:\Program Files\Java\jdk-21.0.11\bin\verify.dll
0x00007ff9b68e0000 - 0x00007ff9b6907000 	C:\Users\berro\.gradle\native\1def1411415f61bf3af743bc5b6707747c0891f09f0c88961ee8f79bc544acac\windows-amd64\native-platform.dll
0x00007ff9aad30000 - 0x00007ff9aada7000 	C:\Users\berro\.gradle\native\0.2.8\x86_64-windows-gnu\gradle-fileevents.dll
0x00007ff9b7570000 - 0x00007ff9b757a000 	C:\Program Files\Java\jdk-21.0.11\bin\management.dll
0x00007ff9b71d0000 - 0x00007ff9b71dc000 	C:\Program Files\Java\jdk-21.0.11\bin\management_ext.dll
0x00007ff9d4b30000 - 0x00007ff9d4b38000 	C:\WINDOWS\System32\PSAPI.DLL
0x00007ff9d0450000 - 0x00007ff9d0483000 	C:\WINDOWS\SYSTEM32\IPHLPAPI.DLL
0x00007ff9d4b20000 - 0x00007ff9d4b2a000 	C:\WINDOWS\System32\NSI.dll
0x00007ff9c0090000 - 0x00007ff9c0099000 	C:\Program Files\Java\jdk-21.0.11\bin\extnet.dll
0x00007ff9d1450000 - 0x00007ff9d146b000 	C:\WINDOWS\SYSTEM32\CRYPTSP.dll
0x00007ff9d0a00000 - 0x00007ff9d0a39000 	C:\WINDOWS\system32\rsaenh.dll
0x00007ff9d10e0000 - 0x00007ff9d1112000 	C:\WINDOWS\SYSTEM32\USERENV.dll
0x00007ff9d1ce0000 - 0x00007ff9d1d0a000 	C:\WINDOWS\SYSTEM32\bcrypt.dll
0x00007ff9d1290000 - 0x00007ff9d129c000 	C:\WINDOWS\SYSTEM32\CRYPTBASE.dll
0x00007ff9b5070000 - 0x00007ff9b507e000 	C:\Program Files\Java\jdk-21.0.11\bin\sunmscapi.dll
0x00007ff9d1f50000 - 0x00007ff9d20ce000 	C:\WINDOWS\System32\CRYPT32.dll
0x00007ff9d15c0000 - 0x00007ff9d15f0000 	C:\WINDOWS\SYSTEM32\ncrypt.dll
0x00007ff9d1570000 - 0x00007ff9d15af000 	C:\WINDOWS\SYSTEM32\NTASN1.dll
0x00007ff9c2260000 - 0x00007ff9c2268000 	C:\WINDOWS\system32\wshunix.dll
0x00007ff9d0bd0000 - 0x00007ff9d0c06000 	C:\WINDOWS\SYSTEM32\ntmarta.dll
0x00007ff9b51a0000 - 0x00007ff9b51a7000 	C:\Program Files\Java\jdk-21.0.11\bin\rmi.dll

dbghelp: loaded successfully - version: 4.0.5 - missing functions: none
symbol engine: initialized successfully - sym options: 0x614 - pdb path: .;C:\Program Files\Java\jdk-21.0.11\bin;C:\WINDOWS\SYSTEM32;C:\WINDOWS\WinSxS\amd64_microsoft.windows.common-controls_6595b64144ccf1df_6.0.26100.8972_none_3e0da176e32f9d4b;C:\Program Files\Java\jdk-21.0.11\bin\server;C:\Users\berro\.gradle\native\1def1411415f61bf3af743bc5b6707747c0891f09f0c88961ee8f79bc544acac\windows-amd64;C:\Users\berro\.gradle\native\0.2.8\x86_64-windows-gnu

VM Arguments:
jvm_args: --add-opens=java.base/java.lang=ALL-UNNAMED --add-opens=java.base/java.lang.invoke=ALL-UNNAMED --add-opens=java.base/java.util=ALL-UNNAMED --add-opens=java.prefs/java.util.prefs=ALL-UNNAMED --add-exports=jdk.compiler/com.sun.tools.javac.api=ALL-UNNAMED --add-exports=jdk.compiler/com.sun.tools.javac.util=ALL-UNNAMED --add-opens=java.base/java.util=ALL-UNNAMED --add-opens=java.prefs/java.util.prefs=ALL-UNNAMED --add-opens=java.base/java.nio.charset=ALL-UNNAMED --add-opens=java.base/java.net=ALL-UNNAMED --add-opens=java.base/java.util.concurrent=ALL-UNNAMED --add-opens=java.base/java.util.concurrent.atomic=ALL-UNNAMED --add-opens=java.xml/javax.xml.namespace=ALL-UNNAMED --add-opens=java.base/java.time=ALL-UNNAMED -XX:MaxMetaspaceSize=2G -XX:ReservedCodeCacheSize=512m -XX:+HeapDumpOnOutOfMemoryError -Xmx1G -Dfile.encoding=UTF-8 -Duser.country=FR -Duser.language=fr -Duser.variant -javaagent:C:\Users\berro\.gradle\wrapper\dists\gradle-9.1.0-all\7wzd0jkjit61aq2p43wpjgij9\gradle-9.1.0\lib\agents\gradle-instrumentation-agent-9.1.0.jar 
java_command: org.gradle.launcher.daemon.bootstrap.GradleDaemon 9.1.0
java_class_path (initial): C:\Users\berro\.gradle\wrapper\dists\gradle-9.1.0-all\7wzd0jkjit61aq2p43wpjgij9\gradle-9.1.0\lib\gradle-daemon-main-9.1.0.jar
Launcher Type: SUN_STANDARD

[Global flags]
     intx CICompilerCount                          = 12                                        {product} {ergonomic}
     uint ConcGCThreads                            = 3                                         {product} {ergonomic}
     uint G1ConcRefinementThreads                  = 13                                        {product} {ergonomic}
   size_t G1HeapRegionSize                         = 1048576                                   {product} {ergonomic}
    uintx GCDrainStackTargetSize                   = 64                                        {product} {ergonomic}
     bool HeapDumpOnOutOfMemoryError               = true                                   {manageable} {command line}
   size_t InitialHeapSize                          = 262144000                                 {product} {ergonomic}
   size_t MarkStackSize                            = 4194304                                   {product} {ergonomic}
   size_t MaxHeapSize                              = 1073741824                                {product} {command line}
   size_t MaxMetaspaceSize                         = 2147483648                                {product} {command line}
   size_t MaxNewSize                               = 643825664                                 {product} {ergonomic}
   size_t MinHeapDeltaBytes                        = 1048576                                   {product} {ergonomic}
   size_t MinHeapSize                              = 8388608                                   {product} {ergonomic}
    uintx NonNMethodCodeHeapSize                   = 7602480                                {pd product} {ergonomic}
    uintx NonProfiledCodeHeapSize                  = 264634216                              {pd product} {ergonomic}
    uintx ProfiledCodeHeapSize                     = 264634216                              {pd product} {ergonomic}
    uintx ReservedCodeCacheSize                    = 536870912                              {pd product} {command line}
     bool SegmentedCodeCache                       = true                                      {product} {ergonomic}
   size_t SoftMaxHeapSize                          = 1073741824                             {manageable} {ergonomic}
     bool UseCompressedOops                        = true                           {product lp64_product} {ergonomic}
     bool UseG1GC                                  = true                                      {product} {ergonomic}
     bool UseLargePagesIndividualAllocation        = false                                  {pd product} {ergonomic}

Logging:
Log output configuration:
 #0: stdout all=warning uptime,level,tags foldmultilines=false
 #1: stderr all=off uptime,level,tags foldmultilines=false

Environment Variables:
CLASSPATH=C:\Users\berro\Desktop\SmartLab\smartlaboratory\android\\gradle\wrapper\gradle-wrapper.jar
PATH=C:\Program Files\WindowsApps\Microsoft.PowerShell_7.6.5.0_x64__8wekyb3d8bbwe;c:\Users\berro\AppData\Roaming\Code\User\globalStorage\github.copilot-chat\debugCommand;c:\Users\berro\AppData\Roaming\Code\User\globalStorage\github.copilot-chat\copilotCli;C:\flutter\bin\;C:\Python314\Scripts\;C:\Python314\;C:\Program Files\Common Files\Oracle\Java\javapath;C:\WINDOWS\system32;C:\WINDOWS;C:\WINDOWS\System32\Wbem;C:\WINDOWS\System32\WindowsPowerShell\v1.0\;C:\WINDOWS\System32\OpenSSH\;C:\Program Files\Git\cmd;C:\MinGW\bin;C:\flutter;C:\Program Files\nodejs\;C:\ProgramData\chocolatey\bin;C:\Program Files\nodejs\node_modules\npm\bin;C:\Program Files\PostgreSQL\18\bin;C:\Users\berro\AppData\Local\Programs\Python\Launcher\;C:\Users\berro\AppData\Local\Microsoft\WindowsApps;C:\Users\berro\AppData\Local\Programs\Microsoft VS Code\bin;C:\flutter\bin;C:\Users\berro\AppData\Local\Kingsoft\WPS Office\12.1.0.27458\clitool;C:\Users\berro\AppData\Roaming\npm;c:\Users\berro\.vscode\extensions\vscjava.vscode-java-debug-0.59.0\bundled\scripts\noConfigScripts;c:\Users\berro\.vscode\extensions\ms-python.debugpy-2026.6.0-win32-x64\bundled\scripts\noConfigScripts
USERNAME=berro
LANG=en_US.UTF-8
OS=Windows_NT
PROCESSOR_IDENTIFIER=Intel64 Family 6 Model 183 Stepping 1, GenuineIntel
TMP=C:\Users\berro\AppData\Local\Temp
TEMP=C:\Users\berro\AppData\Local\Temp




Periodic native trim disabled

---------------  S Y S T E M  ---------------

OS:
 Windows 11 , 64 bit Build 26100 (10.0.26100.9168)
OS uptime: 2 days 21:28 hours
Hyper-V role detected

CPU: total 16 (initial active 16) (8 cores per cpu, 2 threads per core) family 6 model 183 stepping 1 microcode 0x12b, cx8, cmov, fxsr, ht, mmx, 3dnowpref, sse, sse2, sse3, ssse3, sse4.1, sse4.2, popcnt, lzcnt, tsc, tscinvbit, avx, avx2, aes, erms, clmul, bmi1, bmi2, adx, sha, fma, vzeroupper, clflush, clflushopt, clwb, hv, serialize, rdtscp, rdpid, fsrm, f16c, cet_ibt, cet_ss
Processor Information for processor 0
  Max Mhz: 2500, Current Mhz: 2500, Mhz Limit: 2500
Processor Information for processor 1
  Max Mhz: 2500, Current Mhz: 2500, Mhz Limit: 2500
Processor Information for processor 2
  Max Mhz: 2500, Current Mhz: 2500, Mhz Limit: 2500
Processor Information for processor 3
  Max Mhz: 2500, Current Mhz: 2500, Mhz Limit: 2500
Processor Information for processor 4
  Max Mhz: 2500, Current Mhz: 2500, Mhz Limit: 2500
Processor Information for processor 5
  Max Mhz: 2500, Current Mhz: 2500, Mhz Limit: 2500
Processor Information for processor 6
  Max Mhz: 2500, Current Mhz: 2500, Mhz Limit: 2500
Processor Information for processor 7
  Max Mhz: 2500, Current Mhz: 2500, Mhz Limit: 2500
Processor Information for processor 8
  Max Mhz: 2500, Current Mhz: 2500, Mhz Limit: 2500
Processor Information for processor 9
  Max Mhz: 2500, Current Mhz: 2500, Mhz Limit: 2500
Processor Information for processor 10
  Max Mhz: 2500, Current Mhz: 2500, Mhz Limit: 2500
Processor Information for processor 11
  Max Mhz: 2500, Current Mhz: 2500, Mhz Limit: 2500
Processor Information for processor 12
  Max Mhz: 2500, Current Mhz: 1800, Mhz Limit: 1800
Processor Information for processor 13
  Max Mhz: 2500, Current Mhz: 1800, Mhz Limit: 1800
Processor Information for processor 14
  Max Mhz: 2500, Current Mhz: 1800, Mhz Limit: 1800
Processor Information for processor 15
  Max Mhz: 2500, Current Mhz: 1800, Mhz Limit: 1800

Memory: 4k page, system-wide physical 15998M (843M free)
TotalPageFile size 25990M (AvailPageFile size 19M)
current process WorkingSet (physical memory assigned to process): 1351M, peak: 1466M
current process commit charge ("private bytes"): 1607M, peak: 1678M

vm_info: Java HotSpot(TM) 64-Bit Server VM (21.0.11+9-LTS-211) for windows-amd64 JRE (21.0.11+9-LTS-211), built on 2026-03-11T00:23:15Z by "mach5run" with MS VC++ 17.13 (VS2022)

END.
