#
# There is insufficient memory for the Java Runtime Environment to continue.
# Native memory allocation (malloc) failed to allocate 1959072 bytes. Error detail: Chunk::new
# Possible reasons:
#   The system is out of physical RAM or swap space
#   This process is running with CompressedOops enabled, and the Java Heap may be blocking the growth of the native heap
# Possible solutions:
#   Reduce memory load on the system
#   Increase physical memory or swap space
#   Check if swap backing store is full
#   Decrease Java heap size (-Xmx/-Xms)
#   Decrease number of Java threads
#   Decrease Java thread stack sizes (-Xss)
#   Set larger code cache with -XX:ReservedCodeCacheSize=
#   JVM is running with Unscaled Compressed Oops mode in which the Java heap is
#     placed in the first 4GB address space. The Java Heap base address is the
#     maximum limit for the native heap growth. Please use -XX:HeapBaseMinAddress
#     to set the Java Heap base and to place the Java Heap above 4GB virtual address.
# This output file may be truncated or incomplete.
#
#  Out of Memory Error (arena.cpp:168), pid=10588, tid=2508
#
# JRE version: OpenJDK Runtime Environment Temurin-21.0.11+10 (21.0.11+10) (build 21.0.11+10-LTS)
# Java VM: OpenJDK 64-Bit Server VM Temurin-21.0.11+10 (21.0.11+10-LTS, mixed mode, sharing, tiered, compressed oops, compressed class ptrs, g1 gc, windows-amd64)
# No core dump will be written. Minidumps are not enabled by default on client versions of Windows
#

---------------  S U M M A R Y ------------

Command Line: --add-opens=java.base/java.lang=ALL-UNNAMED --add-opens=java.base/java.lang.invoke=ALL-UNNAMED --add-opens=java.base/java.util=ALL-UNNAMED --add-opens=java.prefs/java.util.prefs=ALL-UNNAMED --add-exports=jdk.compiler/com.sun.tools.javac.api=ALL-UNNAMED --add-exports=jdk.compiler/com.sun.tools.javac.util=ALL-UNNAMED --add-opens=java.base/java.util=ALL-UNNAMED --add-opens=java.prefs/java.util.prefs=ALL-UNNAMED --add-opens=java.base/java.nio.charset=ALL-UNNAMED --add-opens=java.base/java.net=ALL-UNNAMED --add-opens=java.base/java.util.concurrent.atomic=ALL-UNNAMED --add-opens=java.xml/javax.xml.namespace=ALL-UNNAMED -XX:MaxMetaspaceSize=2G -XX:ReservedCodeCacheSize=512m -XX:+HeapDumpOnOutOfMemoryError -Xmx1G -Dfile.encoding=UTF-8 -Duser.country=FR -Duser.language=fr -Duser.variant -javaagent:C:\Users\berro\.gradle\wrapper\dists\gradle-8.14-all\c2qonpi39x1mddn7hk5gh9iqj\gradle-8.14\lib\agents\gradle-instrumentation-agent-8.14.jar org.gradle.launcher.daemon.bootstrap.GradleDaemon 8.14

Host: 13th Gen Intel(R) Core(TM) i5-13400, 16 cores, 15G,  Windows 11 , 64 bit Build 26100 (10.0.26100.9168)
Time: Wed Aug 19 15:25:28 2026 Afr. centrale Ouest elapsed time: 34.357918 seconds (0d 0h 0m 34s)

---------------  T H R E A D  ---------------

Current thread (0x000002796c26a420):  JavaThread "C2 CompilerThread0" daemon [_thread_in_native, id=2508, stack(0x000000bb3a400000,0x000000bb3a500000) (1024K)]


Current CompileTask:
C2:34357 13554       4       java.lang.invoke.DelegatingMethodHandle::makeReinvokerForm (326 bytes)

Stack: [0x000000bb3a400000,0x000000bb3a500000]
Native frames: (J=compiled Java code, j=interpreted, Vv=VM code, C=native code)
V  [jvm.dll+0x6d7e19]
V  [jvm.dll+0x8b5096]
V  [jvm.dll+0x8b764e]
V  [jvm.dll+0x8b7d33]
V  [jvm.dll+0x284596]
V  [jvm.dll+0xc685d]
V  [jvm.dll+0xc6da1]
V  [jvm.dll+0x3bed6b]
V  [jvm.dll+0x38b2b2]
V  [jvm.dll+0x38a6fa]
V  [jvm.dll+0x24c700]
V  [jvm.dll+0x24bce0]
V  [jvm.dll+0x1cb4ae]
V  [jvm.dll+0x25baad]
V  [jvm.dll+0x25a03a]
V  [jvm.dll+0x3f868e]
V  [jvm.dll+0x85fb0d]
V  [jvm.dll+0x6d664d]
C  [ucrtbase.dll+0x2cd30]
C  [KERNEL32.DLL+0x2ccb7]
C  [ntdll.dll+0xaad6c]


---------------  P R O C E S S  ---------------

Threads class SMR info:
_java_thread_list=0x0000027977395cb0, length=195, elements={
0x00000279442419d0, 0x000002796c25e000, 0x000002796c2605e0, 0x000002796c2613d0,
0x000002796c2649b0, 0x000002796c265f80, 0x000002796c269690, 0x000002796c26a420,
0x000002796c27f2c0, 0x000002796c5147f0, 0x000002796c554720, 0x0000027971f3a040,
0x0000027971fe90e0, 0x0000027972091550, 0x00000279720cab30, 0x0000027971fb8de0,
0x00000279720f3230, 0x00000279720efdb0, 0x00000279720f1160, 0x00000279720f17f0,
0x00000279720f0440, 0x00000279720f0ad0, 0x00000279720f1e80, 0x00000279720f2510,
0x00000279758f0870, 0x00000279758ef4c0, 0x00000279758efb50, 0x00000279758f22b0,
0x00000279758f01e0, 0x00000279758f0f00, 0x00000279758eee30, 0x00000279758f3cf0,
0x00000279758f1590, 0x00000279758f4a10, 0x00000279758f4380, 0x00000279758f1c20,
0x00000279758f6450, 0x0000027975206e80, 0x0000027975205ad0, 0x0000027975208230,
0x00000279752067f0, 0x0000027975206160, 0x0000027975207510, 0x00000279752088c0,
0x0000027975207ba0, 0x0000027975205440, 0x000002797520bd40, 0x000002797520b6b0,
0x0000027975208f50, 0x000002797520b020, 0x000002797520c3d0, 0x000002797520ca60,
0x000002797520a300, 0x000002797520a990, 0x00000279752095e0, 0x0000027975209c70,
0x0000027975436af0, 0x0000027975438bc0, 0x0000027975438530, 0x0000027975437180,
0x0000027975435dd0, 0x0000027975435740, 0x0000027975436460, 0x0000027975437ea0,
0x0000027975439f70, 0x000002797543a600, 0x0000027975439250, 0x00000279754398e0,
0x000002797543ac90, 0x0000027975437810, 0x000002797543c6d0, 0x000002797543b320,
0x000002797543c040, 0x000002797543b9b0, 0x000002797543cd60, 0x0000027972568360,
0x0000027972569710, 0x0000027972569da0, 0x0000027972567cd0, 0x0000027972569080,
0x0000027972567640, 0x00000279725689f0, 0x0000027972566fb0, 0x000002797256cb90,
0x000002797256d8b0, 0x00000279778c46f0, 0x00000279778c4d80, 0x00000279778c1900,
0x00000279778c39d0, 0x00000279778c1f90, 0x00000279778c4060, 0x00000279778c5410,
0x00000279778c3340, 0x00000279778c5aa0, 0x00000279778c2620, 0x00000279778c6130,
0x00000279778c2cb0, 0x00000279778c67c0, 0x00000279778c6e50, 0x00000279778c74e0,
0x0000027977bf6640, 0x00000279778c7b70, 0x00000279778c8200, 0x00000279778c8890,
0x00000279778c8f20, 0x0000027976f31230, 0x0000027976f31f50, 0x0000027976f33300,
0x0000027976f325e0, 0x0000027976f2fe80, 0x0000027976f32c70, 0x0000027976f33990,
0x0000027976f30510, 0x0000027976f318c0, 0x0000027976f34020, 0x0000027976f30ba0,
0x0000027976f35a60, 0x0000027976f360f0, 0x0000027976f36e10, 0x0000027976f353d0,
0x0000027976f34d40, 0x0000027976f374a0, 0x0000027976f346b0, 0x0000027976f36780,
0x0000027976fe0b10, 0x0000027976fdf760, 0x0000027976fdfdf0, 0x0000027976fdea40,
0x0000027976fdf0d0, 0x0000027976fe0480, 0x0000027976fde3b0, 0x0000027976fe11a0,
0x0000027976fddd20, 0x000002796c7ca170, 0x000002796c7c9ae0, 0x000002796c7c80a0,
0x000002796c7c8730, 0x000002796c7c7a10, 0x000002796c7c6cf0, 0x000002796c7c8dc0,
0x000002796c7ca800, 0x000002796c7c9450, 0x000002796c7c7380, 0x000002796c7cc8d0,
0x000002796c7ce310, 0x000002796c7cdc80, 0x000002796c7cbbb0, 0x0000027977bf95f0,
0x0000027976ec3dc0, 0x0000027976ec2380, 0x0000027976ec4450, 0x0000027976ec2a10,
0x0000027976ec1cf0, 0x0000027976ec4ae0, 0x0000027976ec30a0, 0x0000027976ec3730,
0x0000027976ec1660, 0x0000027976ec6520, 0x0000027976ec5e90, 0x0000027976ec6bb0,
0x0000027976ec7240, 0x0000027976ec78d0, 0x0000027976ec7f60, 0x0000027976ec85f0,
0x0000027976ec5170, 0x0000027976ec5800, 0x000002796c7cc240, 0x000002796c7ccf60,
0x000002796c7cd5f0, 0x000002796c7cb520, 0x0000027977cc4940, 0x0000027977cc5660,
0x0000027977cc5cf0, 0x0000027977cc6380, 0x0000027977cc2f00, 0x0000027977cc3c20,
0x0000027977cc6a10, 0x0000027977cc3590, 0x0000027977cc70a0, 0x0000027977cc7730,
0x0000027977cc42b0, 0x0000027977cc4fd0, 0x0000027977ccabb0, 0x0000027977cc9e90,
0x0000027977cca520, 0x0000027977cc9170, 0x0000027977cc8450, 0x0000027977ccb240,
0x0000027977cc9800, 0x0000027977cc7dc0, 0x0000027977ccb8d0, 0x0000027977ccbf60,
0x0000027977cc8ae0, 0x00000279755a41b0, 0x0000027977bf73e0
}

Java Threads: ( => current thread )
  0x00000279442419d0 JavaThread "main"                              [_thread_blocked, id=26144, stack(0x000000bb39600000,0x000000bb39700000) (1024K)]
  0x000002796c25e000 JavaThread "Reference Handler"          daemon [_thread_blocked, id=26940, stack(0x000000bb39e00000,0x000000bb39f00000) (1024K)]
  0x000002796c2605e0 JavaThread "Finalizer"                  daemon [_thread_blocked, id=3016, stack(0x000000bb39f00000,0x000000bb3a000000) (1024K)]
  0x000002796c2613d0 JavaThread "Signal Dispatcher"          daemon [_thread_blocked, id=11880, stack(0x000000bb3a000000,0x000000bb3a100000) (1024K)]
  0x000002796c2649b0 JavaThread "Attach Listener"            daemon [_thread_blocked, id=23464, stack(0x000000bb3a100000,0x000000bb3a200000) (1024K)]
  0x000002796c265f80 JavaThread "Service Thread"             daemon [_thread_blocked, id=2004, stack(0x000000bb3a200000,0x000000bb3a300000) (1024K)]
  0x000002796c269690 JavaThread "Monitor Deflation Thread"   daemon [_thread_blocked, id=13276, stack(0x000000bb3a300000,0x000000bb3a400000) (1024K)]
=>0x000002796c26a420 JavaThread "C2 CompilerThread0"         daemon [_thread_in_native, id=2508, stack(0x000000bb3a400000,0x000000bb3a500000) (1024K)]
  0x000002796c27f2c0 JavaThread "C1 CompilerThread0"         daemon [_thread_blocked, id=20232, stack(0x000000bb3a500000,0x000000bb3a600000) (1024K)]
  0x000002796c5147f0 JavaThread "Common-Cleaner"             daemon [_thread_blocked, id=17680, stack(0x000000bb3a800000,0x000000bb3a900000) (1024K)]
  0x000002796c554720 JavaThread "Notification Thread"        daemon [_thread_blocked, id=1840, stack(0x000000bb3a900000,0x000000bb3aa00000) (1024K)]
  0x0000027971f3a040 JavaThread "Daemon health stats"               [_thread_blocked, id=27508, stack(0x000000bb3b000000,0x000000bb3b100000) (1024K)]
  0x0000027971fe90e0 JavaThread "Incoming local TCP Connector on port 53116"        [_thread_in_native, id=25804, stack(0x000000bb3b100000,0x000000bb3b200000) (1024K)]
  0x0000027972091550 JavaThread "Daemon periodic checks"            [_thread_blocked, id=28860, stack(0x000000bb3b400000,0x000000bb3b500000) (1024K)]
  0x00000279720cab30 JavaThread "Daemon"                            [_thread_blocked, id=15420, stack(0x000000bb3b500000,0x000000bb3b600000) (1024K)]
  0x0000027971fb8de0 JavaThread "Handler for socket connection from /127.0.0.1:53116 to /127.0.0.1:53117"        [_thread_in_native, id=16516, stack(0x000000bb3bd00000,0x000000bb3be00000) (1024K)]
  0x00000279720f3230 JavaThread "Cancel handler"                    [_thread_blocked, id=27516, stack(0x000000bb3be00000,0x000000bb3bf00000) (1024K)]
  0x00000279720efdb0 JavaThread "Daemon worker"                     [_thread_in_vm, id=27336, stack(0x000000bb3bf00000,0x000000bb3c000000) (1024K)]
  0x00000279720f1160 JavaThread "Asynchronous log dispatcher for DefaultDaemonConnection: socket connection from /127.0.0.1:53116 to /127.0.0.1:53117"        [_thread_blocked, id=15748, stack(0x000000bb3c000000,0x000000bb3c100000) (1024K)]
  0x00000279720f17f0 JavaThread "Stdin handler"                     [_thread_blocked, id=10556, stack(0x000000bb3c100000,0x000000bb3c200000) (1024K)]
  0x00000279720f0440 JavaThread "Daemon client event forwarder"        [_thread_blocked, id=26736, stack(0x000000bb3c200000,0x000000bb3c300000) (1024K)]
  0x00000279720f0ad0 JavaThread "Cache worker for journal cache (C:\Users\berro\.gradle\caches\journal-1)"        [_thread_blocked, id=14344, stack(0x000000bb3c300000,0x000000bb3c400000) (1024K)]
  0x00000279720f1e80 JavaThread "File lock request listener"        [_thread_in_native, id=22928, stack(0x000000bb3c400000,0x000000bb3c500000) (1024K)]
  0x00000279720f2510 JavaThread "Cache worker for file hash cache (C:\Users\berro\.gradle\caches\8.14\fileHashes)"        [_thread_blocked, id=8048, stack(0x000000bb3c500000,0x000000bb3c600000) (1024K)]
  0x00000279758f0870 JavaThread "File lock release action executor"        [_thread_blocked, id=4060, stack(0x000000bb3c600000,0x000000bb3c700000) (1024K)]
  0x00000279758ef4c0 JavaThread "Cache worker for file hash cache (C:\Users\berro\Desktop\SmartLab\smartlaboratory\android\.gradle\8.14\fileHashes)"        [_thread_blocked, id=22584, stack(0x000000bb3c900000,0x000000bb3ca00000) (1024K)]
  0x00000279758efb50 JavaThread "Cache worker for Build Output Cleanup Cache (C:\Users\berro\Desktop\SmartLab\smartlaboratory\android\.gradle\buildOutputCleanup)"        [_thread_blocked, id=22384, stack(0x000000bb3ca00000,0x000000bb3cb00000) (1024K)]
  0x00000279758f22b0 JavaThread "File watcher server"        daemon [_thread_in_native, id=21048, stack(0x000000bb3cb00000,0x000000bb3cc00000) (1024K)]
  0x00000279758f01e0 JavaThread "File watcher consumer"      daemon [_thread_blocked, id=18380, stack(0x000000bb3cc00000,0x000000bb3cd00000) (1024K)]
  0x00000279758f0f00 JavaThread "jar transforms"                    [_thread_blocked, id=18588, stack(0x000000bb3cd00000,0x000000bb3ce00000) (1024K)]
  0x00000279758eee30 JavaThread "jar transforms Thread 2"           [_thread_blocked, id=15504, stack(0x000000bb3ce00000,0x000000bb3cf00000) (1024K)]
  0x00000279758f3cf0 JavaThread "Cache worker for checksums cache (C:\Users\berro\Desktop\SmartLab\smartlaboratory\android\.gradle\8.14\checksums)"        [_thread_blocked, id=7392, stack(0x000000bb3cf00000,0x000000bb3d000000) (1024K)]
  0x00000279758f1590 JavaThread "Cache worker for file content cache (C:\Users\berro\.gradle\caches\8.14\fileContent)"        [_thread_blocked, id=15108, stack(0x000000bb3d000000,0x000000bb3d100000) (1024K)]
  0x00000279758f4a10 JavaThread "Cache worker for cache directory md-supplier (C:\Users\berro\.gradle\caches\8.14\md-supplier)"        [_thread_blocked, id=22272, stack(0x000000bb3b300000,0x000000bb3b400000) (1024K)]
  0x00000279758f4380 JavaThread "Cache worker for cache directory md-rule (C:\Users\berro\.gradle\caches\8.14\md-rule)"        [_thread_blocked, id=29104, stack(0x000000bb3af00000,0x000000bb3b000000) (1024K)]
  0x00000279758f1c20 JavaThread "Cache worker for Build Output Cleanup Cache (C:\flutter\packages\flutter_tools\gradle\.gradle\buildOutputCleanup)"        [_thread_blocked, id=21948, stack(0x000000bb3d200000,0x000000bb3d300000) (1024K)]
  0x00000279758f6450 JavaThread "Unconstrained build operations"        [_thread_blocked, id=21848, stack(0x000000bb3d100000,0x000000bb3d200000) (1024K)]
  0x0000027975206e80 JavaThread "Unconstrained build operations Thread 2"        [_thread_blocked, id=26792, stack(0x000000bb3d300000,0x000000bb3d400000) (1024K)]
  0x0000027975205ad0 JavaThread "Unconstrained build operations Thread 3"        [_thread_blocked, id=7476, stack(0x000000bb3d400000,0x000000bb3d500000) (1024K)]
  0x0000027975208230 JavaThread "Unconstrained build operations Thread 4"        [_thread_blocked, id=23556, stack(0x000000bb3d500000,0x000000bb3d600000) (1024K)]
  0x00000279752067f0 JavaThread "Unconstrained build operations Thread 5"        [_thread_blocked, id=1568, stack(0x000000bb3d600000,0x000000bb3d700000) (1024K)]
  0x0000027975206160 JavaThread "Unconstrained build operations Thread 6"        [_thread_blocked, id=14668, stack(0x000000bb3d700000,0x000000bb3d800000) (1024K)]
  0x0000027975207510 JavaThread "Unconstrained build operations Thread 7"        [_thread_blocked, id=22248, stack(0x000000bb3d800000,0x000000bb3d900000) (1024K)]
  0x00000279752088c0 JavaThread "Unconstrained build operations Thread 8"        [_thread_blocked, id=24180, stack(0x000000bb3d900000,0x000000bb3da00000) (1024K)]
  0x0000027975207ba0 JavaThread "Unconstrained build operations Thread 9"        [_thread_blocked, id=1744, stack(0x000000bb3da00000,0x000000bb3db00000) (1024K)]
  0x0000027975205440 JavaThread "Unconstrained build operations Thread 10"        [_thread_blocked, id=26304, stack(0x000000bb3db00000,0x000000bb3dc00000) (1024K)]
  0x000002797520bd40 JavaThread "Unconstrained build operations Thread 11"        [_thread_blocked, id=8128, stack(0x000000bb3dc00000,0x000000bb3dd00000) (1024K)]
  0x000002797520b6b0 JavaThread "Unconstrained build operations Thread 12"        [_thread_blocked, id=26212, stack(0x000000bb3dd00000,0x000000bb3de00000) (1024K)]
  0x0000027975208f50 JavaThread "Unconstrained build operations Thread 13"        [_thread_blocked, id=22536, stack(0x000000bb3de00000,0x000000bb3df00000) (1024K)]
  0x000002797520b020 JavaThread "Unconstrained build operations Thread 14"        [_thread_blocked, id=22504, stack(0x000000bb3df00000,0x000000bb3e000000) (1024K)]
  0x000002797520c3d0 JavaThread "Unconstrained build operations Thread 15"        [_thread_blocked, id=27064, stack(0x000000bb3e000000,0x000000bb3e100000) (1024K)]
  0x000002797520ca60 JavaThread "Unconstrained build operations Thread 16"        [_thread_blocked, id=7592, stack(0x000000bb3e100000,0x000000bb3e200000) (1024K)]
  0x000002797520a300 JavaThread "Unconstrained build operations Thread 17"        [_thread_blocked, id=24584, stack(0x000000bb3e200000,0x000000bb3e300000) (1024K)]
  0x000002797520a990 JavaThread "Unconstrained build operations Thread 18"        [_thread_blocked, id=26400, stack(0x000000bb3e300000,0x000000bb3e400000) (1024K)]
  0x00000279752095e0 JavaThread "Unconstrained build operations Thread 19"        [_thread_blocked, id=19596, stack(0x000000bb3e400000,0x000000bb3e500000) (1024K)]
  0x0000027975209c70 JavaThread "Unconstrained build operations Thread 20"        [_thread_blocked, id=14408, stack(0x000000bb3e500000,0x000000bb3e600000) (1024K)]
  0x0000027975436af0 JavaThread "Unconstrained build operations Thread 21"        [_thread_blocked, id=10440, stack(0x000000bb3e600000,0x000000bb3e700000) (1024K)]
  0x0000027975438bc0 JavaThread "Unconstrained build operations Thread 22"        [_thread_blocked, id=8780, stack(0x000000bb3e700000,0x000000bb3e800000) (1024K)]
  0x0000027975438530 JavaThread "Unconstrained build operations Thread 23"        [_thread_blocked, id=25972, stack(0x000000bb3e800000,0x000000bb3e900000) (1024K)]
  0x0000027975437180 JavaThread "Unconstrained build operations Thread 24"        [_thread_blocked, id=12972, stack(0x000000bb3e900000,0x000000bb3ea00000) (1024K)]
  0x0000027975435dd0 JavaThread "Unconstrained build operations Thread 25"        [_thread_blocked, id=25120, stack(0x000000bb3ea00000,0x000000bb3eb00000) (1024K)]
  0x0000027975435740 JavaThread "Unconstrained build operations Thread 26"        [_thread_blocked, id=20336, stack(0x000000bb3eb00000,0x000000bb3ec00000) (1024K)]
  0x0000027975436460 JavaThread "Unconstrained build operations Thread 27"        [_thread_blocked, id=1748, stack(0x000000bb3ec00000,0x000000bb3ed00000) (1024K)]
  0x0000027975437ea0 JavaThread "Unconstrained build operations Thread 28"        [_thread_blocked, id=14388, stack(0x000000bb3ed00000,0x000000bb3ee00000) (1024K)]
  0x0000027975439f70 JavaThread "Unconstrained build operations Thread 29"        [_thread_blocked, id=6016, stack(0x000000bb3ee00000,0x000000bb3ef00000) (1024K)]
  0x000002797543a600 JavaThread "Unconstrained build operations Thread 30"        [_thread_blocked, id=27092, stack(0x000000bb3ef00000,0x000000bb3f000000) (1024K)]
  0x0000027975439250 JavaThread "Unconstrained build operations Thread 31"        [_thread_blocked, id=18600, stack(0x000000bb3f000000,0x000000bb3f100000) (1024K)]
  0x00000279754398e0 JavaThread "Unconstrained build operations Thread 32"        [_thread_blocked, id=11152, stack(0x000000bb3f100000,0x000000bb3f200000) (1024K)]
  0x000002797543ac90 JavaThread "Unconstrained build operations Thread 33"        [_thread_blocked, id=13480, stack(0x000000bb3f200000,0x000000bb3f300000) (1024K)]
  0x0000027975437810 JavaThread "Unconstrained build operations Thread 34"        [_thread_blocked, id=13680, stack(0x000000bb3f300000,0x000000bb3f400000) (1024K)]
  0x000002797543c6d0 JavaThread "Unconstrained build operations Thread 35"        [_thread_blocked, id=27036, stack(0x000000bb3f400000,0x000000bb3f500000) (1024K)]
  0x000002797543b320 JavaThread "Unconstrained build operations Thread 36"        [_thread_blocked, id=22532, stack(0x000000bb3f500000,0x000000bb3f600000) (1024K)]
  0x000002797543c040 JavaThread "Unconstrained build operations Thread 37"        [_thread_blocked, id=6672, stack(0x000000bb3f600000,0x000000bb3f700000) (1024K)]
  0x000002797543b9b0 JavaThread "Unconstrained build operations Thread 38"        [_thread_blocked, id=25636, stack(0x000000bb3f700000,0x000000bb3f800000) (1024K)]
  0x000002797543cd60 JavaThread "Unconstrained build operations Thread 39"        [_thread_blocked, id=25320, stack(0x000000bb3f800000,0x000000bb3f900000) (1024K)]
  0x0000027972568360 JavaThread "Unconstrained build operations Thread 40"        [_thread_blocked, id=12496, stack(0x000000bb3f900000,0x000000bb3fa00000) (1024K)]
  0x0000027972569710 JavaThread "Unconstrained build operations Thread 41"        [_thread_blocked, id=26636, stack(0x000000bb3fa00000,0x000000bb3fb00000) (1024K)]
  0x0000027972569da0 JavaThread "Unconstrained build operations Thread 42"        [_thread_blocked, id=27236, stack(0x000000bb3fb00000,0x000000bb3fc00000) (1024K)]
  0x0000027972567cd0 JavaThread "Unconstrained build operations Thread 43"        [_thread_blocked, id=12404, stack(0x000000bb3fc00000,0x000000bb3fd00000) (1024K)]
  0x0000027972569080 JavaThread "Unconstrained build operations Thread 44"        [_thread_blocked, id=17176, stack(0x000000bb3fd00000,0x000000bb3fe00000) (1024K)]
  0x0000027972567640 JavaThread "Unconstrained build operations Thread 45"        [_thread_blocked, id=28404, stack(0x000000bb3fe00000,0x000000bb3ff00000) (1024K)]
  0x00000279725689f0 JavaThread "Memory manager"                    [_thread_blocked, id=6936, stack(0x000000bb3ff00000,0x000000bb40000000) (1024K)]
  0x0000027972566fb0 JavaThread "build event listener"              [_thread_blocked, id=12328, stack(0x000000bb40000000,0x000000bb40100000) (1024K)]
  0x000002797256cb90 JavaThread "included builds"                   [_thread_blocked, id=29124, stack(0x000000bb3b200000,0x000000bb3b300000) (1024K)]
  0x000002797256d8b0 JavaThread "Execution worker"                  [_thread_blocked, id=14284, stack(0x000000bb40100000,0x000000bb40200000) (1024K)]
  0x00000279778c46f0 JavaThread "Execution worker Thread 2"         [_thread_blocked, id=2960, stack(0x000000bb40200000,0x000000bb40300000) (1024K)]
  0x00000279778c4d80 JavaThread "Execution worker Thread 3"         [_thread_blocked, id=2448, stack(0x000000bb40300000,0x000000bb40400000) (1024K)]
  0x00000279778c1900 JavaThread "Execution worker Thread 4"         [_thread_blocked, id=14748, stack(0x000000bb40400000,0x000000bb40500000) (1024K)]
  0x00000279778c39d0 JavaThread "Execution worker Thread 5"         [_thread_blocked, id=16456, stack(0x000000bb40500000,0x000000bb40600000) (1024K)]
  0x00000279778c1f90 JavaThread "Execution worker Thread 6"         [_thread_blocked, id=7376, stack(0x000000bb40600000,0x000000bb40700000) (1024K)]
  0x00000279778c4060 JavaThread "Execution worker Thread 7"         [_thread_blocked, id=27368, stack(0x000000bb40700000,0x000000bb40800000) (1024K)]
  0x00000279778c5410 JavaThread "Execution worker Thread 8"         [_thread_blocked, id=28656, stack(0x000000bb40800000,0x000000bb40900000) (1024K)]
  0x00000279778c3340 JavaThread "Execution worker Thread 9"         [_thread_blocked, id=11848, stack(0x000000bb40900000,0x000000bb40a00000) (1024K)]
  0x00000279778c5aa0 JavaThread "Execution worker Thread 10"        [_thread_blocked, id=27472, stack(0x000000bb40a00000,0x000000bb40b00000) (1024K)]
  0x00000279778c2620 JavaThread "Execution worker Thread 11"        [_thread_blocked, id=18808, stack(0x000000bb40b00000,0x000000bb40c00000) (1024K)]
  0x00000279778c6130 JavaThread "Execution worker Thread 12"        [_thread_blocked, id=26104, stack(0x000000bb40c00000,0x000000bb40d00000) (1024K)]
  0x00000279778c2cb0 JavaThread "Execution worker Thread 13"        [_thread_blocked, id=18368, stack(0x000000bb40d00000,0x000000bb40e00000) (1024K)]
  0x00000279778c67c0 JavaThread "Execution worker Thread 14"        [_thread_blocked, id=19132, stack(0x000000bb40e00000,0x000000bb40f00000) (1024K)]
  0x00000279778c6e50 JavaThread "Execution worker Thread 15"        [_thread_blocked, id=10916, stack(0x000000bb40f00000,0x000000bb41000000) (1024K)]
  0x00000279778c74e0 JavaThread "Cache worker for execution history cache (C:\flutter\packages\flutter_tools\gradle\.gradle\8.14\executionHistory)"        [_thread_blocked, id=17180, stack(0x000000bb41000000,0x000000bb41100000) (1024K)]
  0x0000027977bf6640 JavaThread "C1 CompilerThread1"         daemon [_thread_blocked, id=25724, stack(0x000000bb41100000,0x000000bb41200000) (1024K)]
  0x00000279778c7b70 JavaThread "Unconstrained build operations Thread 46"        [_thread_blocked, id=28216, stack(0x000000bb41200000,0x000000bb41300000) (1024K)]
  0x00000279778c8200 JavaThread "Unconstrained build operations Thread 47"        [_thread_blocked, id=28192, stack(0x000000bb41300000,0x000000bb41400000) (1024K)]
  0x00000279778c8890 JavaThread "Unconstrained build operations Thread 48"        [_thread_blocked, id=14800, stack(0x000000bb41400000,0x000000bb41500000) (1024K)]
  0x00000279778c8f20 JavaThread "Unconstrained build operations Thread 49"        [_thread_blocked, id=3972, stack(0x000000bb41500000,0x000000bb41600000) (1024K)]
  0x0000027976f31230 JavaThread "Unconstrained build operations Thread 50"        [_thread_blocked, id=17124, stack(0x000000bb41600000,0x000000bb41700000) (1024K)]
  0x0000027976f31f50 JavaThread "Unconstrained build operations Thread 51"        [_thread_blocked, id=2632, stack(0x000000bb41700000,0x000000bb41800000) (1024K)]
  0x0000027976f33300 JavaThread "Unconstrained build operations Thread 52"        [_thread_blocked, id=28720, stack(0x000000bb41800000,0x000000bb41900000) (1024K)]
  0x0000027976f325e0 JavaThread "Unconstrained build operations Thread 53"        [_thread_blocked, id=15060, stack(0x000000bb41900000,0x000000bb41a00000) (1024K)]
  0x0000027976f2fe80 JavaThread "Unconstrained build operations Thread 54"        [_thread_blocked, id=4952, stack(0x000000bb41a00000,0x000000bb41b00000) (1024K)]
  0x0000027976f32c70 JavaThread "Unconstrained build operations Thread 55"        [_thread_blocked, id=25552, stack(0x000000bb41b00000,0x000000bb41c00000) (1024K)]
  0x0000027976f33990 JavaThread "Unconstrained build operations Thread 56"        [_thread_blocked, id=4484, stack(0x000000bb41c00000,0x000000bb41d00000) (1024K)]
  0x0000027976f30510 JavaThread "Unconstrained build operations Thread 57"        [_thread_blocked, id=25132, stack(0x000000bb41d00000,0x000000bb41e00000) (1024K)]
  0x0000027976f318c0 JavaThread "Unconstrained build operations Thread 58"        [_thread_blocked, id=22084, stack(0x000000bb41e00000,0x000000bb41f00000) (1024K)]
  0x0000027976f34020 JavaThread "Unconstrained build operations Thread 59"        [_thread_blocked, id=9808, stack(0x000000bb41f00000,0x000000bb42000000) (1024K)]
  0x0000027976f30ba0 JavaThread "Unconstrained build operations Thread 60"        [_thread_blocked, id=27480, stack(0x000000bb42000000,0x000000bb42100000) (1024K)]
  0x0000027976f35a60 JavaThread "Unconstrained build operations Thread 61"        [_thread_blocked, id=23408, stack(0x000000bb42100000,0x000000bb42200000) (1024K)]
  0x0000027976f360f0 JavaThread "Unconstrained build operations Thread 62"        [_thread_blocked, id=23480, stack(0x000000bb42200000,0x000000bb42300000) (1024K)]
  0x0000027976f36e10 JavaThread "Unconstrained build operations Thread 63"        [_thread_blocked, id=14648, stack(0x000000bb42300000,0x000000bb42400000) (1024K)]
  0x0000027976f353d0 JavaThread "Unconstrained build operations Thread 64"        [_thread_blocked, id=22160, stack(0x000000bb42400000,0x000000bb42500000) (1024K)]
  0x0000027976f34d40 JavaThread "Unconstrained build operations Thread 65"        [_thread_blocked, id=4792, stack(0x000000bb42500000,0x000000bb42600000) (1024K)]
  0x0000027976f374a0 JavaThread "Unconstrained build operations Thread 66"        [_thread_blocked, id=396, stack(0x000000bb42600000,0x000000bb42700000) (1024K)]
  0x0000027976f346b0 JavaThread "Unconstrained build operations Thread 67"        [_thread_blocked, id=3936, stack(0x000000bb42700000,0x000000bb42800000) (1024K)]
  0x0000027976f36780 JavaThread "Unconstrained build operations Thread 68"        [_thread_blocked, id=24852, stack(0x000000bb42800000,0x000000bb42900000) (1024K)]
  0x0000027976fe0b10 JavaThread "Unconstrained build operations Thread 69"        [_thread_blocked, id=17764, stack(0x000000bb42900000,0x000000bb42a00000) (1024K)]
  0x0000027976fdf760 JavaThread "Unconstrained build operations Thread 70"        [_thread_blocked, id=29172, stack(0x000000bb42a00000,0x000000bb42b00000) (1024K)]
  0x0000027976fdfdf0 JavaThread "Unconstrained build operations Thread 71"        [_thread_blocked, id=16052, stack(0x000000bb42b00000,0x000000bb42c00000) (1024K)]
  0x0000027976fdea40 JavaThread "Unconstrained build operations Thread 72"        [_thread_blocked, id=19584, stack(0x000000bb42c00000,0x000000bb42d00000) (1024K)]
  0x0000027976fdf0d0 JavaThread "Unconstrained build operations Thread 73"        [_thread_blocked, id=12888, stack(0x000000bb42d00000,0x000000bb42e00000) (1024K)]
  0x0000027976fe0480 JavaThread "Unconstrained build operations Thread 74"        [_thread_blocked, id=11852, stack(0x000000bb42e00000,0x000000bb42f00000) (1024K)]
  0x0000027976fde3b0 JavaThread "Unconstrained build operations Thread 75"        [_thread_blocked, id=15400, stack(0x000000bb42f00000,0x000000bb43000000) (1024K)]
  0x0000027976fe11a0 JavaThread "Unconstrained build operations Thread 76"        [_thread_blocked, id=17032, stack(0x000000bb43000000,0x000000bb43100000) (1024K)]
  0x0000027976fddd20 JavaThread "Unconstrained build operations Thread 77"        [_thread_blocked, id=4144, stack(0x000000bb43100000,0x000000bb43200000) (1024K)]
  0x000002796c7ca170 JavaThread "Unconstrained build operations Thread 78"        [_thread_blocked, id=4424, stack(0x000000bb43200000,0x000000bb43300000) (1024K)]
  0x000002796c7c9ae0 JavaThread "Unconstrained build operations Thread 79"        [_thread_blocked, id=22072, stack(0x000000bb43300000,0x000000bb43400000) (1024K)]
  0x000002796c7c80a0 JavaThread "Unconstrained build operations Thread 80"        [_thread_blocked, id=18164, stack(0x000000bb43400000,0x000000bb43500000) (1024K)]
  0x000002796c7c8730 JavaThread "Unconstrained build operations Thread 81"        [_thread_blocked, id=29092, stack(0x000000bb43500000,0x000000bb43600000) (1024K)]
  0x000002796c7c7a10 JavaThread "Unconstrained build operations Thread 82"        [_thread_blocked, id=22288, stack(0x000000bb43600000,0x000000bb43700000) (1024K)]
  0x000002796c7c6cf0 JavaThread "Unconstrained build operations Thread 83"        [_thread_blocked, id=8368, stack(0x000000bb43700000,0x000000bb43800000) (1024K)]
  0x000002796c7c8dc0 JavaThread "Unconstrained build operations Thread 84"        [_thread_blocked, id=9372, stack(0x000000bb43800000,0x000000bb43900000) (1024K)]
  0x000002796c7ca800 JavaThread "Unconstrained build operations Thread 85"        [_thread_blocked, id=26384, stack(0x000000bb43900000,0x000000bb43a00000) (1024K)]
  0x000002796c7c9450 JavaThread "Unconstrained build operations Thread 86"        [_thread_blocked, id=11312, stack(0x000000bb43a00000,0x000000bb43b00000) (1024K)]
  0x000002796c7c7380 JavaThread "Unconstrained build operations Thread 87"        [_thread_blocked, id=19912, stack(0x000000bb43b00000,0x000000bb43c00000) (1024K)]
  0x000002796c7cc8d0 JavaThread "Unconstrained build operations Thread 88"        [_thread_blocked, id=17564, stack(0x000000bb43c00000,0x000000bb43d00000) (1024K)]
  0x000002796c7ce310 JavaThread "Unconstrained build operations Thread 89"        [_thread_blocked, id=1060, stack(0x000000bb43d00000,0x000000bb43e00000) (1024K)]
  0x000002796c7cdc80 JavaThread "Unconstrained build operations Thread 90"        [_thread_blocked, id=27972, stack(0x000000bb43f00000,0x000000bb44000000) (1024K)]
  0x000002796c7cbbb0 JavaThread "Unconstrained build operations Thread 91"        [_thread_blocked, id=15532, stack(0x000000bb44000000,0x000000bb44100000) (1024K)]
  0x0000027977bf95f0 JavaThread "C1 CompilerThread2"         daemon [_thread_blocked, id=14596, stack(0x000000bb44100000,0x000000bb44200000) (1024K)]
  0x0000027976ec3dc0 JavaThread "Unconstrained build operations Thread 92"        [_thread_blocked, id=6780, stack(0x000000bb44300000,0x000000bb44400000) (1024K)]
  0x0000027976ec2380 JavaThread "Unconstrained build operations Thread 93"        [_thread_blocked, id=20816, stack(0x000000bb44400000,0x000000bb44500000) (1024K)]
  0x0000027976ec4450 JavaThread "Unconstrained build operations Thread 94"        [_thread_blocked, id=21556, stack(0x000000bb44500000,0x000000bb44600000) (1024K)]
  0x0000027976ec2a10 JavaThread "Unconstrained build operations Thread 95"        [_thread_blocked, id=3464, stack(0x000000bb44600000,0x000000bb44700000) (1024K)]
  0x0000027976ec1cf0 JavaThread "Unconstrained build operations Thread 96"        [_thread_blocked, id=5624, stack(0x000000bb44700000,0x000000bb44800000) (1024K)]
  0x0000027976ec4ae0 JavaThread "Unconstrained build operations Thread 97"        [_thread_blocked, id=26620, stack(0x000000bb44800000,0x000000bb44900000) (1024K)]
  0x0000027976ec30a0 JavaThread "Unconstrained build operations Thread 98"        [_thread_blocked, id=23804, stack(0x000000bb44900000,0x000000bb44a00000) (1024K)]
  0x0000027976ec3730 JavaThread "Unconstrained build operations Thread 99"        [_thread_blocked, id=26692, stack(0x000000bb44a00000,0x000000bb44b00000) (1024K)]
  0x0000027976ec1660 JavaThread "Unconstrained build operations Thread 100"        [_thread_blocked, id=11208, stack(0x000000bb44b00000,0x000000bb44c00000) (1024K)]
  0x0000027976ec6520 JavaThread "Unconstrained build operations Thread 101"        [_thread_blocked, id=23952, stack(0x000000bb44c00000,0x000000bb44d00000) (1024K)]
  0x0000027976ec5e90 JavaThread "Unconstrained build operations Thread 102"        [_thread_blocked, id=9076, stack(0x000000bb44d00000,0x000000bb44e00000) (1024K)]
  0x0000027976ec6bb0 JavaThread "Unconstrained build operations Thread 103"        [_thread_blocked, id=3556, stack(0x000000bb44e00000,0x000000bb44f00000) (1024K)]
  0x0000027976ec7240 JavaThread "Unconstrained build operations Thread 104"        [_thread_blocked, id=15848, stack(0x000000bb44f00000,0x000000bb45000000) (1024K)]
  0x0000027976ec78d0 JavaThread "Unconstrained build operations Thread 105"        [_thread_blocked, id=17456, stack(0x000000bb45000000,0x000000bb45100000) (1024K)]
  0x0000027976ec7f60 JavaThread "Unconstrained build operations Thread 106"        [_thread_blocked, id=14808, stack(0x000000bb45100000,0x000000bb45200000) (1024K)]
  0x0000027976ec85f0 JavaThread "Unconstrained build operations Thread 107"        [_thread_blocked, id=19244, stack(0x000000bb45200000,0x000000bb45300000) (1024K)]
  0x0000027976ec5170 JavaThread "Unconstrained build operations Thread 108"        [_thread_blocked, id=9100, stack(0x000000bb45300000,0x000000bb45400000) (1024K)]
  0x0000027976ec5800 JavaThread "Unconstrained build operations Thread 109"        [_thread_blocked, id=17460, stack(0x000000bb45400000,0x000000bb45500000) (1024K)]
  0x000002796c7cc240 JavaThread "Unconstrained build operations Thread 110"        [_thread_blocked, id=15956, stack(0x000000bb45500000,0x000000bb45600000) (1024K)]
  0x000002796c7ccf60 JavaThread "Unconstrained build operations Thread 111"        [_thread_blocked, id=15668, stack(0x000000bb45600000,0x000000bb45700000) (1024K)]
  0x000002796c7cd5f0 JavaThread "Unconstrained build operations Thread 112"        [_thread_blocked, id=21968, stack(0x000000bb45700000,0x000000bb45800000) (1024K)]
  0x000002796c7cb520 JavaThread "Unconstrained build operations Thread 113"        [_thread_blocked, id=24224, stack(0x000000bb45800000,0x000000bb45900000) (1024K)]
  0x0000027977cc4940 JavaThread "Unconstrained build operations Thread 114"        [_thread_blocked, id=17040, stack(0x000000bb45900000,0x000000bb45a00000) (1024K)]
  0x0000027977cc5660 JavaThread "Unconstrained build operations Thread 115"        [_thread_blocked, id=2640, stack(0x000000bb45a00000,0x000000bb45b00000) (1024K)]
  0x0000027977cc5cf0 JavaThread "Unconstrained build operations Thread 116"        [_thread_blocked, id=27432, stack(0x000000bb45b00000,0x000000bb45c00000) (1024K)]
  0x0000027977cc6380 JavaThread "Unconstrained build operations Thread 117"        [_thread_blocked, id=29376, stack(0x000000bb45c00000,0x000000bb45d00000) (1024K)]
  0x0000027977cc2f00 JavaThread "Unconstrained build operations Thread 118"        [_thread_blocked, id=25440, stack(0x000000bb45d00000,0x000000bb45e00000) (1024K)]
  0x0000027977cc3c20 JavaThread "Unconstrained build operations Thread 119"        [_thread_blocked, id=27908, stack(0x000000bb45e00000,0x000000bb45f00000) (1024K)]
  0x0000027977cc6a10 JavaThread "Unconstrained build operations Thread 120"        [_thread_blocked, id=12304, stack(0x000000bb45f00000,0x000000bb46000000) (1024K)]
  0x0000027977cc3590 JavaThread "Unconstrained build operations Thread 121"        [_thread_blocked, id=15092, stack(0x000000bb46000000,0x000000bb46100000) (1024K)]
  0x0000027977cc70a0 JavaThread "Unconstrained build operations Thread 122"        [_thread_blocked, id=8900, stack(0x000000bb46100000,0x000000bb46200000) (1024K)]
  0x0000027977cc7730 JavaThread "Unconstrained build operations Thread 123"        [_thread_blocked, id=16416, stack(0x000000bb46200000,0x000000bb46300000) (1024K)]
  0x0000027977cc42b0 JavaThread "Unconstrained build operations Thread 124"        [_thread_blocked, id=26436, stack(0x000000bb46300000,0x000000bb46400000) (1024K)]
  0x0000027977cc4fd0 JavaThread "Unconstrained build operations Thread 125"        [_thread_blocked, id=10956, stack(0x000000bb46400000,0x000000bb46500000) (1024K)]
  0x0000027977ccabb0 JavaThread "Unconstrained build operations Thread 126"        [_thread_blocked, id=9000, stack(0x000000bb46500000,0x000000bb46600000) (1024K)]
  0x0000027977cc9e90 JavaThread "Unconstrained build operations Thread 127"        [_thread_blocked, id=17664, stack(0x000000bb46600000,0x000000bb46700000) (1024K)]
  0x0000027977cca520 JavaThread "Unconstrained build operations Thread 128"        [_thread_blocked, id=24516, stack(0x000000bb46700000,0x000000bb46800000) (1024K)]
  0x0000027977cc9170 JavaThread "Unconstrained build operations Thread 129"        [_thread_blocked, id=16756, stack(0x000000bb46800000,0x000000bb46900000) (1024K)]
  0x0000027977cc8450 JavaThread "Unconstrained build operations Thread 130"        [_thread_blocked, id=884, stack(0x000000bb46900000,0x000000bb46a00000) (1024K)]
  0x0000027977ccb240 JavaThread "Unconstrained build operations Thread 131"        [_thread_blocked, id=28112, stack(0x000000bb46a00000,0x000000bb46b00000) (1024K)]
  0x0000027977cc9800 JavaThread "Unconstrained build operations Thread 132"        [_thread_blocked, id=13508, stack(0x000000bb46b00000,0x000000bb46c00000) (1024K)]
  0x0000027977cc7dc0 JavaThread "Unconstrained build operations Thread 133"        [_thread_blocked, id=28484, stack(0x000000bb46c00000,0x000000bb46d00000) (1024K)]
  0x0000027977ccb8d0 JavaThread "Unconstrained build operations Thread 134"        [_thread_blocked, id=12544, stack(0x000000bb46d00000,0x000000bb46e00000) (1024K)]
  0x0000027977ccbf60 JavaThread "Unconstrained build operations Thread 135"        [_thread_blocked, id=22016, stack(0x000000bb46e00000,0x000000bb46f00000) (1024K)]
  0x0000027977cc8ae0 JavaThread "Unconstrained build operations Thread 136"        [_thread_blocked, id=26492, stack(0x000000bb46f00000,0x000000bb47000000) (1024K)]
  0x00000279755a41b0 JavaThread "Kotlin DSL Writer"                 [_thread_blocked, id=28200, stack(0x000000bb39400000,0x000000bb39500000) (1024K)]
  0x0000027977bf73e0 JavaThread "C2 CompilerThread1"         daemon [_thread_blocked, id=14924, stack(0x000000bb3a600000,0x000000bb3a700000) (1024K)]
Total: 195

Other Threads:
  0x000002796c242390 VMThread "VM Thread"                           [id=25944, stack(0x000000bb39d00000,0x000000bb39e00000) (1024K)]
  0x000002796c3310a0 WatcherThread "VM Periodic Task Thread"        [id=23972, stack(0x000000bb39c00000,0x000000bb39d00000) (1024K)]
  0x000002794427c260 WorkerThread "GC Thread#0"                     [id=24664, stack(0x000000bb39700000,0x000000bb39800000) (1024K)]
  0x000002796c5db7a0 WorkerThread "GC Thread#1"                     [id=28652, stack(0x000000bb3aa00000,0x000000bb3ab00000) (1024K)]
  0x000002796c5dbb50 WorkerThread "GC Thread#2"                     [id=7016, stack(0x000000bb3ab00000,0x000000bb3ac00000) (1024K)]
  0x000002796c62dec0 WorkerThread "GC Thread#3"                     [id=18188, stack(0x000000bb3ac00000,0x000000bb3ad00000) (1024K)]
  0x000002796c62e270 WorkerThread "GC Thread#4"                     [id=22176, stack(0x000000bb3ad00000,0x000000bb3ae00000) (1024K)]
  0x000002796c6ae010 WorkerThread "GC Thread#5"                     [id=16532, stack(0x000000bb3ae00000,0x000000bb3af00000) (1024K)]
  0x0000027941ccf860 WorkerThread "GC Thread#6"                     [id=12816, stack(0x000000bb3b600000,0x000000bb3b700000) (1024K)]
  0x00000279721e3c50 WorkerThread "GC Thread#7"                     [id=12332, stack(0x000000bb3b700000,0x000000bb3b800000) (1024K)]
  0x00000279721e2440 WorkerThread "GC Thread#8"                     [id=17364, stack(0x000000bb3b800000,0x000000bb3b900000) (1024K)]
  0x00000279721e27f0 WorkerThread "GC Thread#9"                     [id=17200, stack(0x000000bb3b900000,0x000000bb3ba00000) (1024K)]
  0x0000027972238dc0 WorkerThread "GC Thread#10"                    [id=21204, stack(0x000000bb3ba00000,0x000000bb3bb00000) (1024K)]
  0x0000027972237f00 WorkerThread "GC Thread#11"                    [id=25596, stack(0x000000bb3bb00000,0x000000bb3bc00000) (1024K)]
  0x0000027972238a10 WorkerThread "GC Thread#12"                    [id=7864, stack(0x000000bb3bc00000,0x000000bb3bd00000) (1024K)]
  0x0000027944285970 ConcurrentGCThread "G1 Main Marker"            [id=3988, stack(0x000000bb39800000,0x000000bb39900000) (1024K)]
  0x0000027944286390 WorkerThread "G1 Conc#0"                       [id=19420, stack(0x000000bb39900000,0x000000bb39a00000) (1024K)]
  0x00000279723d9430 WorkerThread "G1 Conc#1"                       [id=11560, stack(0x000000bb3c700000,0x000000bb3c800000) (1024K)]
  0x00000279723da6a0 WorkerThread "G1 Conc#2"                       [id=5344, stack(0x000000bb3c800000,0x000000bb3c900000) (1024K)]
  0x00000279442eeaf0 ConcurrentGCThread "G1 Refine#0"               [id=13852, stack(0x000000bb39a00000,0x000000bb39b00000) (1024K)]
  0x000002796c17d950 ConcurrentGCThread "G1 Service"                [id=2432, stack(0x000000bb39b00000,0x000000bb39c00000) (1024K)]
Total: 21

Threads with active compile tasks:
C2 CompilerThread0  34374 13554       4       java.lang.invoke.DelegatingMethodHandle::makeReinvokerForm (326 bytes)
Total: 1

VM state: not at safepoint (normal execution)

VM Mutex/Monitor currently owned by a thread:  ([mutex/lock_event])
[0x00007ff95cc3d4f0] Metaspace_lock - owner thread: 0x00000279720efdb0

Heap address: 0x00000000c0000000, size: 1024 MB, Compressed Oops mode: 32-bit

CDS archive(s) mapped at: [0x0000027900000000-0x0000027900ba0000-0x0000027900ba0000), size 12189696, SharedBaseAddress: 0x0000027900000000, ArchiveRelocationMode: 1.
Compressed class space mapped at: 0x0000027901000000-0x0000027941000000, reserved size: 1073741824
Narrow klass base: 0x0000027900000000, Narrow klass shift: 0, Narrow klass range: 0x100000000

GC Precious Log:
 CardTable entry size: 512
 Card Set container configuration: InlinePtr #cards 5 size 8 Array Of Cards #cards 12 size 40 Howl #buckets 4 coarsen threshold 1843 Howl Bitmap #cards 512 size 80 coarsen threshold 460 Card regions per heap region 1 cards per card region 2048
 CPUs: 16 total, 16 available
 Memory: 15998M
 Large Page Support: Disabled
 NUMA Support: Disabled
 Compressed Oops: Enabled (32-bit)
 Heap Region Size: 1M
 Heap Min Capacity: 8M
 Heap Initial Capacity: 250M
 Heap Max Capacity: 1G
 Pre-touch: Disabled
 Parallel Workers: 13
 Concurrent Workers: 3
 Concurrent Refinement Workers: 13
 Periodic GC: Disabled

Heap:
 garbage-first heap   total 337920K, used 204101K [0x00000000c0000000, 0x0000000100000000)
  region size 1024K, 47 young (48128K), 19 survivors (19456K)
 Metaspace       used 107537K, committed 110080K, reserved 1179648K
  class space    used 15208K, committed 16448K, reserved 1048576K

Heap Regions: E=young(eden), S=young(survivor), O=old, HS=humongous(starts), HC=humongous(continues), CS=collection set, F=free, TAMS=top-at-mark-start, PB=parsable bottom
|   0|0x00000000c0000000, 0x00000000c0100000, 0x00000000c0100000|100%|HS|  |TAMS 0x00000000c0000000| PB 0x00000000c0000000| Complete 
|   1|0x00000000c0100000, 0x00000000c0200000, 0x00000000c0200000|100%|HC|  |TAMS 0x00000000c0100000| PB 0x00000000c0100000| Complete 
|   2|0x00000000c0200000, 0x00000000c0300000, 0x00000000c0300000|100%|HC|  |TAMS 0x00000000c0200000| PB 0x00000000c0200000| Complete 
|   3|0x00000000c0300000, 0x00000000c0400000, 0x00000000c0400000|100%| O|  |TAMS 0x00000000c0300000| PB 0x00000000c0300000| Untracked 
|   4|0x00000000c0400000, 0x00000000c0500000, 0x00000000c0500000|100%| O|  |TAMS 0x00000000c0400000| PB 0x00000000c0400000| Untracked 
|   5|0x00000000c0500000, 0x00000000c0600000, 0x00000000c0600000|100%| O|  |TAMS 0x00000000c0500000| PB 0x00000000c0500000| Untracked 
|   6|0x00000000c0600000, 0x00000000c0700000, 0x00000000c0700000|100%|HS|  |TAMS 0x00000000c0600000| PB 0x00000000c0600000| Complete 
|   7|0x00000000c0700000, 0x00000000c0800000, 0x00000000c0800000|100%| O|  |TAMS 0x00000000c0700000| PB 0x00000000c0700000| Untracked 
|   8|0x00000000c0800000, 0x00000000c0900000, 0x00000000c0900000|100%| O|  |TAMS 0x00000000c0800000| PB 0x00000000c0800000| Untracked 
|   9|0x00000000c0900000, 0x00000000c0a00000, 0x00000000c0a00000|100%| O|  |TAMS 0x00000000c0900000| PB 0x00000000c0900000| Untracked 
|  10|0x00000000c0a00000, 0x00000000c0b00000, 0x00000000c0b00000|100%| O|  |TAMS 0x00000000c0a00000| PB 0x00000000c0a00000| Untracked 
|  11|0x00000000c0b00000, 0x00000000c0c00000, 0x00000000c0c00000|100%| O|  |TAMS 0x00000000c0b00000| PB 0x00000000c0b00000| Untracked 
|  12|0x00000000c0c00000, 0x00000000c0d00000, 0x00000000c0d00000|100%| O|  |TAMS 0x00000000c0c00000| PB 0x00000000c0c00000| Untracked 
|  13|0x00000000c0d00000, 0x00000000c0e00000, 0x00000000c0e00000|100%| O|  |TAMS 0x00000000c0d00000| PB 0x00000000c0d00000| Untracked 
|  14|0x00000000c0e00000, 0x00000000c0f00000, 0x00000000c0f00000|100%| O|  |TAMS 0x00000000c0e00000| PB 0x00000000c0e00000| Untracked 
|  15|0x00000000c0f00000, 0x00000000c1000000, 0x00000000c1000000|100%| O|  |TAMS 0x00000000c0f00000| PB 0x00000000c0f00000| Untracked 
|  16|0x00000000c1000000, 0x00000000c1100000, 0x00000000c1100000|100%| O|  |TAMS 0x00000000c1000000| PB 0x00000000c1000000| Untracked 
|  17|0x00000000c1100000, 0x00000000c1200000, 0x00000000c1200000|100%| O|  |TAMS 0x00000000c1100000| PB 0x00000000c1100000| Untracked 
|  18|0x00000000c1200000, 0x00000000c1300000, 0x00000000c1300000|100%| O|  |TAMS 0x00000000c1200000| PB 0x00000000c1200000| Untracked 
|  19|0x00000000c1300000, 0x00000000c1400000, 0x00000000c1400000|100%| O|  |TAMS 0x00000000c1300000| PB 0x00000000c1300000| Untracked 
|  20|0x00000000c1400000, 0x00000000c1500000, 0x00000000c1500000|100%| O|  |TAMS 0x00000000c1400000| PB 0x00000000c1400000| Untracked 
|  21|0x00000000c1500000, 0x00000000c1600000, 0x00000000c1600000|100%| O|  |TAMS 0x00000000c1500000| PB 0x00000000c1500000| Untracked 
|  22|0x00000000c1600000, 0x00000000c1700000, 0x00000000c1700000|100%| O|  |TAMS 0x00000000c1600000| PB 0x00000000c1600000| Untracked 
|  23|0x00000000c1700000, 0x00000000c1800000, 0x00000000c1800000|100%| O|  |TAMS 0x00000000c1700000| PB 0x00000000c1700000| Untracked 
|  24|0x00000000c1800000, 0x00000000c1900000, 0x00000000c1900000|100%| O|  |TAMS 0x00000000c1800000| PB 0x00000000c1800000| Untracked 
|  25|0x00000000c1900000, 0x00000000c1a00000, 0x00000000c1a00000|100%| O|  |TAMS 0x00000000c1900000| PB 0x00000000c1900000| Untracked 
|  26|0x00000000c1a00000, 0x00000000c1b00000, 0x00000000c1b00000|100%| O|  |TAMS 0x00000000c1a00000| PB 0x00000000c1a00000| Untracked 
|  27|0x00000000c1b00000, 0x00000000c1c00000, 0x00000000c1c00000|100%| O|  |TAMS 0x00000000c1b00000| PB 0x00000000c1b00000| Untracked 
|  28|0x00000000c1c00000, 0x00000000c1d00000, 0x00000000c1d00000|100%| O|  |TAMS 0x00000000c1c00000| PB 0x00000000c1c00000| Untracked 
|  29|0x00000000c1d00000, 0x00000000c1e00000, 0x00000000c1e00000|100%| O|  |TAMS 0x00000000c1d00000| PB 0x00000000c1d00000| Untracked 
|  30|0x00000000c1e00000, 0x00000000c1f00000, 0x00000000c1f00000|100%| O|  |TAMS 0x00000000c1e00000| PB 0x00000000c1e00000| Untracked 
|  31|0x00000000c1f00000, 0x00000000c2000000, 0x00000000c2000000|100%| O|  |TAMS 0x00000000c1f00000| PB 0x00000000c1f00000| Untracked 
|  32|0x00000000c2000000, 0x00000000c2100000, 0x00000000c2100000|100%| O|  |TAMS 0x00000000c2000000| PB 0x00000000c2000000| Untracked 
|  33|0x00000000c2100000, 0x00000000c2200000, 0x00000000c2200000|100%| O|  |TAMS 0x00000000c2100000| PB 0x00000000c2100000| Untracked 
|  34|0x00000000c2200000, 0x00000000c2300000, 0x00000000c2300000|100%| O|  |TAMS 0x00000000c2200000| PB 0x00000000c2200000| Untracked 
|  35|0x00000000c2300000, 0x00000000c2400000, 0x00000000c2400000|100%| O|  |TAMS 0x00000000c2300000| PB 0x00000000c2300000| Untracked 
|  36|0x00000000c2400000, 0x00000000c2500000, 0x00000000c2500000|100%| O|  |TAMS 0x00000000c2400000| PB 0x00000000c2400000| Untracked 
|  37|0x00000000c2500000, 0x00000000c2600000, 0x00000000c2600000|100%| O|  |TAMS 0x00000000c2500000| PB 0x00000000c2500000| Untracked 
|  38|0x00000000c2600000, 0x00000000c2700000, 0x00000000c2700000|100%| O|  |TAMS 0x00000000c2600000| PB 0x00000000c2600000| Untracked 
|  39|0x00000000c2700000, 0x00000000c2800000, 0x00000000c2800000|100%| O|  |TAMS 0x00000000c2700000| PB 0x00000000c2700000| Untracked 
|  40|0x00000000c2800000, 0x00000000c2900000, 0x00000000c2900000|100%| O|  |TAMS 0x00000000c2800000| PB 0x00000000c2800000| Untracked 
|  41|0x00000000c2900000, 0x00000000c2a00000, 0x00000000c2a00000|100%|HS|  |TAMS 0x00000000c2900000| PB 0x00000000c2900000| Complete 
|  42|0x00000000c2a00000, 0x00000000c2b00000, 0x00000000c2b00000|100%|HC|  |TAMS 0x00000000c2a00000| PB 0x00000000c2a00000| Complete 
|  43|0x00000000c2b00000, 0x00000000c2c00000, 0x00000000c2c00000|100%|HS|  |TAMS 0x00000000c2b00000| PB 0x00000000c2b00000| Complete 
|  44|0x00000000c2c00000, 0x00000000c2d00000, 0x00000000c2d00000|100%|HC|  |TAMS 0x00000000c2c00000| PB 0x00000000c2c00000| Complete 
|  45|0x00000000c2d00000, 0x00000000c2e00000, 0x00000000c2e00000|100%| O|  |TAMS 0x00000000c2d00000| PB 0x00000000c2d00000| Untracked 
|  46|0x00000000c2e00000, 0x00000000c2f00000, 0x00000000c2f00000|100%| O|  |TAMS 0x00000000c2e00000| PB 0x00000000c2e00000| Untracked 
|  47|0x00000000c2f00000, 0x00000000c3000000, 0x00000000c3000000|100%| O|  |TAMS 0x00000000c2f00000| PB 0x00000000c2f00000| Untracked 
|  48|0x00000000c3000000, 0x00000000c3100000, 0x00000000c3100000|100%| O|  |TAMS 0x00000000c3000000| PB 0x00000000c3000000| Untracked 
|  49|0x00000000c3100000, 0x00000000c3200000, 0x00000000c3200000|100%| O|  |TAMS 0x00000000c3100000| PB 0x00000000c3100000| Untracked 
|  50|0x00000000c3200000, 0x00000000c3200000, 0x00000000c3300000|  0%| F|  |TAMS 0x00000000c3200000| PB 0x00000000c3200000| Untracked 
|  51|0x00000000c3300000, 0x00000000c3400000, 0x00000000c3400000|100%| O|  |TAMS 0x00000000c3300000| PB 0x00000000c3300000| Untracked 
|  52|0x00000000c3400000, 0x00000000c3500000, 0x00000000c3500000|100%| O|  |TAMS 0x00000000c3400000| PB 0x00000000c3400000| Untracked 
|  53|0x00000000c3500000, 0x00000000c3600000, 0x00000000c3600000|100%| O|  |TAMS 0x00000000c3500000| PB 0x00000000c3500000| Untracked 
|  54|0x00000000c3600000, 0x00000000c3700000, 0x00000000c3700000|100%| O|  |TAMS 0x00000000c3600000| PB 0x00000000c3600000| Untracked 
|  55|0x00000000c3700000, 0x00000000c3800000, 0x00000000c3800000|100%| O|  |TAMS 0x00000000c3700000| PB 0x00000000c3700000| Untracked 
|  56|0x00000000c3800000, 0x00000000c3900000, 0x00000000c3900000|100%| O|  |TAMS 0x00000000c3800000| PB 0x00000000c3800000| Untracked 
|  57|0x00000000c3900000, 0x00000000c3a00000, 0x00000000c3a00000|100%| O|  |TAMS 0x00000000c3900000| PB 0x00000000c3900000| Untracked 
|  58|0x00000000c3a00000, 0x00000000c3b00000, 0x00000000c3b00000|100%| O|  |TAMS 0x00000000c3a00000| PB 0x00000000c3a00000| Untracked 
|  59|0x00000000c3b00000, 0x00000000c3c00000, 0x00000000c3c00000|100%| O|  |TAMS 0x00000000c3b00000| PB 0x00000000c3b00000| Untracked 
|  60|0x00000000c3c00000, 0x00000000c3d00000, 0x00000000c3d00000|100%| O|  |TAMS 0x00000000c3c00000| PB 0x00000000c3c00000| Untracked 
|  61|0x00000000c3d00000, 0x00000000c3e00000, 0x00000000c3e00000|100%| O|  |TAMS 0x00000000c3d00000| PB 0x00000000c3d00000| Untracked 
|  62|0x00000000c3e00000, 0x00000000c3f00000, 0x00000000c3f00000|100%| O|  |TAMS 0x00000000c3e00000| PB 0x00000000c3e00000| Untracked 
|  63|0x00000000c3f00000, 0x00000000c4000000, 0x00000000c4000000|100%| O|  |TAMS 0x00000000c3f00000| PB 0x00000000c3f00000| Untracked 
|  64|0x00000000c4000000, 0x00000000c4100000, 0x00000000c4100000|100%| O|  |TAMS 0x00000000c4000000| PB 0x00000000c4000000| Untracked 
|  65|0x00000000c4100000, 0x00000000c4200000, 0x00000000c4200000|100%| O|  |TAMS 0x00000000c4100000| PB 0x00000000c4100000| Untracked 
|  66|0x00000000c4200000, 0x00000000c4300000, 0x00000000c4300000|100%| O|  |TAMS 0x00000000c4200000| PB 0x00000000c4200000| Untracked 
|  67|0x00000000c4300000, 0x00000000c4400000, 0x00000000c4400000|100%| O|  |TAMS 0x00000000c4300000| PB 0x00000000c4300000| Untracked 
|  68|0x00000000c4400000, 0x00000000c4500000, 0x00000000c4500000|100%| O|  |TAMS 0x00000000c4400000| PB 0x00000000c4400000| Untracked 
|  69|0x00000000c4500000, 0x00000000c4500000, 0x00000000c4600000|  0%| F|  |TAMS 0x00000000c4500000| PB 0x00000000c4500000| Untracked 
|  70|0x00000000c4600000, 0x00000000c4700000, 0x00000000c4700000|100%| O|  |TAMS 0x00000000c4600000| PB 0x00000000c4600000| Untracked 
|  71|0x00000000c4700000, 0x00000000c4800000, 0x00000000c4800000|100%| O|  |TAMS 0x00000000c4700000| PB 0x00000000c4700000| Untracked 
|  72|0x00000000c4800000, 0x00000000c4900000, 0x00000000c4900000|100%| O|  |TAMS 0x00000000c4800000| PB 0x00000000c4800000| Untracked 
|  73|0x00000000c4900000, 0x00000000c4a00000, 0x00000000c4a00000|100%| O|  |TAMS 0x00000000c4900000| PB 0x00000000c4900000| Untracked 
|  74|0x00000000c4a00000, 0x00000000c4b00000, 0x00000000c4b00000|100%| O|  |TAMS 0x00000000c4a00000| PB 0x00000000c4a00000| Untracked 
|  75|0x00000000c4b00000, 0x00000000c4c00000, 0x00000000c4c00000|100%| O|  |TAMS 0x00000000c4b00000| PB 0x00000000c4b00000| Untracked 
|  76|0x00000000c4c00000, 0x00000000c4d00000, 0x00000000c4d00000|100%| O|  |TAMS 0x00000000c4c00000| PB 0x00000000c4c00000| Untracked 
|  77|0x00000000c4d00000, 0x00000000c4d00000, 0x00000000c4e00000|  0%| F|  |TAMS 0x00000000c4d00000| PB 0x00000000c4d00000| Untracked 
|  78|0x00000000c4e00000, 0x00000000c4f00000, 0x00000000c4f00000|100%| O|  |TAMS 0x00000000c4e00000| PB 0x00000000c4e00000| Untracked 
|  79|0x00000000c4f00000, 0x00000000c5000000, 0x00000000c5000000|100%| O|  |TAMS 0x00000000c4f00000| PB 0x00000000c4f00000| Untracked 
|  80|0x00000000c5000000, 0x00000000c5100000, 0x00000000c5100000|100%| O|  |TAMS 0x00000000c5000000| PB 0x00000000c5000000| Untracked 
|  81|0x00000000c5100000, 0x00000000c5200000, 0x00000000c5200000|100%| O|  |TAMS 0x00000000c5100000| PB 0x00000000c5100000| Untracked 
|  82|0x00000000c5200000, 0x00000000c5300000, 0x00000000c5300000|100%| O|  |TAMS 0x00000000c5200000| PB 0x00000000c5200000| Untracked 
|  83|0x00000000c5300000, 0x00000000c5400000, 0x00000000c5400000|100%| O|  |TAMS 0x00000000c5300000| PB 0x00000000c5300000| Untracked 
|  84|0x00000000c5400000, 0x00000000c5500000, 0x00000000c5500000|100%| O|  |TAMS 0x00000000c5400000| PB 0x00000000c5400000| Untracked 
|  85|0x00000000c5500000, 0x00000000c5600000, 0x00000000c5600000|100%| O|  |TAMS 0x00000000c5500000| PB 0x00000000c5500000| Untracked 
|  86|0x00000000c5600000, 0x00000000c5700000, 0x00000000c5700000|100%| O|  |TAMS 0x00000000c5600000| PB 0x00000000c5600000| Untracked 
|  87|0x00000000c5700000, 0x00000000c5800000, 0x00000000c5800000|100%|HS|  |TAMS 0x00000000c5700000| PB 0x00000000c5700000| Complete 
|  88|0x00000000c5800000, 0x00000000c5900000, 0x00000000c5900000|100%| O|  |TAMS 0x00000000c5800000| PB 0x00000000c5800000| Untracked 
|  89|0x00000000c5900000, 0x00000000c5a00000, 0x00000000c5a00000|100%| O|  |TAMS 0x00000000c5900000| PB 0x00000000c5900000| Untracked 
|  90|0x00000000c5a00000, 0x00000000c5b00000, 0x00000000c5b00000|100%| O|  |TAMS 0x00000000c5a00000| PB 0x00000000c5a00000| Untracked 
|  91|0x00000000c5b00000, 0x00000000c5c00000, 0x00000000c5c00000|100%| O|  |TAMS 0x00000000c5b00000| PB 0x00000000c5b00000| Untracked 
|  92|0x00000000c5c00000, 0x00000000c5d00000, 0x00000000c5d00000|100%| O|  |TAMS 0x00000000c5c00000| PB 0x00000000c5c00000| Untracked 
|  93|0x00000000c5d00000, 0x00000000c5e00000, 0x00000000c5e00000|100%| O|  |TAMS 0x00000000c5d00000| PB 0x00000000c5d00000| Untracked 
|  94|0x00000000c5e00000, 0x00000000c5f00000, 0x00000000c5f00000|100%| O|  |TAMS 0x00000000c5e00000| PB 0x00000000c5e00000| Untracked 
|  95|0x00000000c5f00000, 0x00000000c6000000, 0x00000000c6000000|100%| O|  |TAMS 0x00000000c5f00000| PB 0x00000000c5f00000| Untracked 
|  96|0x00000000c6000000, 0x00000000c6100000, 0x00000000c6100000|100%| O|  |TAMS 0x00000000c6000000| PB 0x00000000c6000000| Untracked 
|  97|0x00000000c6100000, 0x00000000c6200000, 0x00000000c6200000|100%| O|  |TAMS 0x00000000c6100000| PB 0x00000000c6100000| Untracked 
|  98|0x00000000c6200000, 0x00000000c6300000, 0x00000000c6300000|100%| O|  |TAMS 0x00000000c6200000| PB 0x00000000c6200000| Untracked 
|  99|0x00000000c6300000, 0x00000000c6400000, 0x00000000c6400000|100%| O|  |TAMS 0x00000000c6300000| PB 0x00000000c6300000| Untracked 
| 100|0x00000000c6400000, 0x00000000c6500000, 0x00000000c6500000|100%| O|  |TAMS 0x00000000c6400000| PB 0x00000000c6400000| Untracked 
| 101|0x00000000c6500000, 0x00000000c6600000, 0x00000000c6600000|100%| O|  |TAMS 0x00000000c6500000| PB 0x00000000c6500000| Untracked 
| 102|0x00000000c6600000, 0x00000000c6700000, 0x00000000c6700000|100%| O|  |TAMS 0x00000000c6600000| PB 0x00000000c6600000| Untracked 
| 103|0x00000000c6700000, 0x00000000c6800000, 0x00000000c6800000|100%| O|  |TAMS 0x00000000c6700000| PB 0x00000000c6700000| Untracked 
| 104|0x00000000c6800000, 0x00000000c6900000, 0x00000000c6900000|100%|HS|  |TAMS 0x00000000c6800000| PB 0x00000000c6800000| Complete 
| 105|0x00000000c6900000, 0x00000000c6a00000, 0x00000000c6a00000|100%|HS|  |TAMS 0x00000000c6900000| PB 0x00000000c6900000| Complete 
| 106|0x00000000c6a00000, 0x00000000c6b00000, 0x00000000c6b00000|100%|HS|  |TAMS 0x00000000c6a00000| PB 0x00000000c6a00000| Complete 
| 107|0x00000000c6b00000, 0x00000000c6c00000, 0x00000000c6c00000|100%|HC|  |TAMS 0x00000000c6b00000| PB 0x00000000c6b00000| Complete 
| 108|0x00000000c6c00000, 0x00000000c6d00000, 0x00000000c6d00000|100%|HS|  |TAMS 0x00000000c6c00000| PB 0x00000000c6c00000| Complete 
| 109|0x00000000c6d00000, 0x00000000c6e00000, 0x00000000c6e00000|100%|HS|  |TAMS 0x00000000c6d00000| PB 0x00000000c6d00000| Complete 
| 110|0x00000000c6e00000, 0x00000000c6f00000, 0x00000000c6f00000|100%|HS|  |TAMS 0x00000000c6e00000| PB 0x00000000c6e00000| Complete 
| 111|0x00000000c6f00000, 0x00000000c7000000, 0x00000000c7000000|100%|HC|  |TAMS 0x00000000c6f00000| PB 0x00000000c6f00000| Complete 
| 112|0x00000000c7000000, 0x00000000c7100000, 0x00000000c7100000|100%|HC|  |TAMS 0x00000000c7000000| PB 0x00000000c7000000| Complete 
| 113|0x00000000c7100000, 0x00000000c7200000, 0x00000000c7200000|100%|HC|  |TAMS 0x00000000c7100000| PB 0x00000000c7100000| Complete 
| 114|0x00000000c7200000, 0x00000000c7300000, 0x00000000c7300000|100%|HC|  |TAMS 0x00000000c7200000| PB 0x00000000c7200000| Complete 
| 115|0x00000000c7300000, 0x00000000c7400000, 0x00000000c7400000|100%|HC|  |TAMS 0x00000000c7300000| PB 0x00000000c7300000| Complete 
| 116|0x00000000c7400000, 0x00000000c7500000, 0x00000000c7500000|100%| O|  |TAMS 0x00000000c7400000| PB 0x00000000c7400000| Untracked 
| 117|0x00000000c7500000, 0x00000000c7600000, 0x00000000c7600000|100%| O|  |TAMS 0x00000000c7500000| PB 0x00000000c7500000| Untracked 
| 118|0x00000000c7600000, 0x00000000c7600000, 0x00000000c7700000|  0%| F|  |TAMS 0x00000000c7600000| PB 0x00000000c7600000| Untracked 
| 119|0x00000000c7700000, 0x00000000c7700000, 0x00000000c7800000|  0%| F|  |TAMS 0x00000000c7700000| PB 0x00000000c7700000| Untracked 
| 120|0x00000000c7800000, 0x00000000c7800000, 0x00000000c7900000|  0%| F|  |TAMS 0x00000000c7800000| PB 0x00000000c7800000| Untracked 
| 121|0x00000000c7900000, 0x00000000c7900000, 0x00000000c7a00000|  0%| F|  |TAMS 0x00000000c7900000| PB 0x00000000c7900000| Untracked 
| 122|0x00000000c7a00000, 0x00000000c7a00000, 0x00000000c7b00000|  0%| F|  |TAMS 0x00000000c7a00000| PB 0x00000000c7a00000| Untracked 
| 123|0x00000000c7b00000, 0x00000000c7b00000, 0x00000000c7c00000|  0%| F|  |TAMS 0x00000000c7b00000| PB 0x00000000c7b00000| Untracked 
| 124|0x00000000c7c00000, 0x00000000c7c00000, 0x00000000c7d00000|  0%| F|  |TAMS 0x00000000c7c00000| PB 0x00000000c7c00000| Untracked 
| 125|0x00000000c7d00000, 0x00000000c7e00000, 0x00000000c7e00000|100%|HS|  |TAMS 0x00000000c7d00000| PB 0x00000000c7d00000| Complete 
| 126|0x00000000c7e00000, 0x00000000c7f00000, 0x00000000c7f00000|100%| O|  |TAMS 0x00000000c7e00000| PB 0x00000000c7e00000| Untracked 
| 127|0x00000000c7f00000, 0x00000000c8000000, 0x00000000c8000000|100%| O|  |TAMS 0x00000000c7f00000| PB 0x00000000c7f00000| Untracked 
| 128|0x00000000c8000000, 0x00000000c8100000, 0x00000000c8100000|100%| O|  |TAMS 0x00000000c8000000| PB 0x00000000c8000000| Untracked 
| 129|0x00000000c8100000, 0x00000000c8200000, 0x00000000c8200000|100%| O|  |TAMS 0x00000000c8100000| PB 0x00000000c8100000| Untracked 
| 130|0x00000000c8200000, 0x00000000c8300000, 0x00000000c8300000|100%| O|  |TAMS 0x00000000c8200000| PB 0x00000000c8200000| Untracked 
| 131|0x00000000c8300000, 0x00000000c8400000, 0x00000000c8400000|100%| O|  |TAMS 0x00000000c8300000| PB 0x00000000c8300000| Untracked 
| 132|0x00000000c8400000, 0x00000000c8500000, 0x00000000c8500000|100%| O|  |TAMS 0x00000000c8400000| PB 0x00000000c8400000| Untracked 
| 133|0x00000000c8500000, 0x00000000c8600000, 0x00000000c8600000|100%| O|  |TAMS 0x00000000c8500000| PB 0x00000000c8500000| Untracked 
| 134|0x00000000c8600000, 0x00000000c8700000, 0x00000000c8700000|100%| O|  |TAMS 0x00000000c8600000| PB 0x00000000c8600000| Untracked 
| 135|0x00000000c8700000, 0x00000000c8800000, 0x00000000c8800000|100%| O|  |TAMS 0x00000000c8700000| PB 0x00000000c8700000| Untracked 
| 136|0x00000000c8800000, 0x00000000c8900000, 0x00000000c8900000|100%| O|  |TAMS 0x00000000c8800000| PB 0x00000000c8800000| Untracked 
| 137|0x00000000c8900000, 0x00000000c8a00000, 0x00000000c8a00000|100%| O|  |TAMS 0x00000000c8900000| PB 0x00000000c8900000| Untracked 
| 138|0x00000000c8a00000, 0x00000000c8b00000, 0x00000000c8b00000|100%| O|  |TAMS 0x00000000c8a00000| PB 0x00000000c8a00000| Untracked 
| 139|0x00000000c8b00000, 0x00000000c8c00000, 0x00000000c8c00000|100%| O|  |TAMS 0x00000000c8b00000| PB 0x00000000c8b00000| Untracked 
| 140|0x00000000c8c00000, 0x00000000c8d00000, 0x00000000c8d00000|100%| O|  |TAMS 0x00000000c8c00000| PB 0x00000000c8c00000| Untracked 
| 141|0x00000000c8d00000, 0x00000000c8e00000, 0x00000000c8e00000|100%| O|  |TAMS 0x00000000c8d00000| PB 0x00000000c8d00000| Untracked 
| 142|0x00000000c8e00000, 0x00000000c8f00000, 0x00000000c8f00000|100%| O|  |TAMS 0x00000000c8e00000| PB 0x00000000c8e00000| Untracked 
| 143|0x00000000c8f00000, 0x00000000c9000000, 0x00000000c9000000|100%| O|  |TAMS 0x00000000c8f00000| PB 0x00000000c8f00000| Untracked 
| 144|0x00000000c9000000, 0x00000000c9100000, 0x00000000c9100000|100%| O|  |TAMS 0x00000000c9000000| PB 0x00000000c9000000| Untracked 
| 145|0x00000000c9100000, 0x00000000c9100000, 0x00000000c9200000|  0%| F|  |TAMS 0x00000000c9100000| PB 0x00000000c9100000| Untracked 
| 146|0x00000000c9200000, 0x00000000c9200000, 0x00000000c9300000|  0%| F|  |TAMS 0x00000000c9200000| PB 0x00000000c9200000| Untracked 
| 147|0x00000000c9300000, 0x00000000c9300000, 0x00000000c9400000|  0%| F|  |TAMS 0x00000000c9300000| PB 0x00000000c9300000| Untracked 
| 148|0x00000000c9400000, 0x00000000c9400000, 0x00000000c9500000|  0%| F|  |TAMS 0x00000000c9400000| PB 0x00000000c9400000| Untracked 
| 149|0x00000000c9500000, 0x00000000c9500000, 0x00000000c9600000|  0%| F|  |TAMS 0x00000000c9500000| PB 0x00000000c9500000| Untracked 
| 150|0x00000000c9600000, 0x00000000c9600000, 0x00000000c9700000|  0%| F|  |TAMS 0x00000000c9600000| PB 0x00000000c9600000| Untracked 
| 151|0x00000000c9700000, 0x00000000c9700000, 0x00000000c9800000|  0%| F|  |TAMS 0x00000000c9700000| PB 0x00000000c9700000| Untracked 
| 152|0x00000000c9800000, 0x00000000c9800000, 0x00000000c9900000|  0%| F|  |TAMS 0x00000000c9800000| PB 0x00000000c9800000| Untracked 
| 153|0x00000000c9900000, 0x00000000c9900000, 0x00000000c9a00000|  0%| F|  |TAMS 0x00000000c9900000| PB 0x00000000c9900000| Untracked 
| 154|0x00000000c9a00000, 0x00000000c9a00000, 0x00000000c9b00000|  0%| F|  |TAMS 0x00000000c9a00000| PB 0x00000000c9a00000| Untracked 
| 155|0x00000000c9b00000, 0x00000000c9b00000, 0x00000000c9c00000|  0%| F|  |TAMS 0x00000000c9b00000| PB 0x00000000c9b00000| Untracked 
| 156|0x00000000c9c00000, 0x00000000c9c00000, 0x00000000c9d00000|  0%| F|  |TAMS 0x00000000c9c00000| PB 0x00000000c9c00000| Untracked 
| 157|0x00000000c9d00000, 0x00000000c9d00000, 0x00000000c9e00000|  0%| F|  |TAMS 0x00000000c9d00000| PB 0x00000000c9d00000| Untracked 
| 158|0x00000000c9e00000, 0x00000000c9e00000, 0x00000000c9f00000|  0%| F|  |TAMS 0x00000000c9e00000| PB 0x00000000c9e00000| Untracked 
| 159|0x00000000c9f00000, 0x00000000c9f00000, 0x00000000ca000000|  0%| F|  |TAMS 0x00000000c9f00000| PB 0x00000000c9f00000| Untracked 
| 160|0x00000000ca000000, 0x00000000ca000000, 0x00000000ca100000|  0%| F|  |TAMS 0x00000000ca000000| PB 0x00000000ca000000| Untracked 
| 161|0x00000000ca100000, 0x00000000ca100000, 0x00000000ca200000|  0%| F|  |TAMS 0x00000000ca100000| PB 0x00000000ca100000| Untracked 
| 162|0x00000000ca200000, 0x00000000ca200000, 0x00000000ca300000|  0%| F|  |TAMS 0x00000000ca200000| PB 0x00000000ca200000| Untracked 
| 163|0x00000000ca300000, 0x00000000ca300000, 0x00000000ca400000|  0%| F|  |TAMS 0x00000000ca300000| PB 0x00000000ca300000| Untracked 
| 164|0x00000000ca400000, 0x00000000ca500000, 0x00000000ca500000|100%| O|  |TAMS 0x00000000ca400000| PB 0x00000000ca400000| Untracked 
| 165|0x00000000ca500000, 0x00000000ca600000, 0x00000000ca600000|100%| O|  |TAMS 0x00000000ca500000| PB 0x00000000ca500000| Untracked 
| 166|0x00000000ca600000, 0x00000000ca700000, 0x00000000ca700000|100%| O|  |TAMS 0x00000000ca600000| PB 0x00000000ca600000| Untracked 
| 167|0x00000000ca700000, 0x00000000ca800000, 0x00000000ca800000|100%| O|  |TAMS 0x00000000ca700000| PB 0x00000000ca700000| Untracked 
| 168|0x00000000ca800000, 0x00000000ca900000, 0x00000000ca900000|100%| O|  |TAMS 0x00000000ca800000| PB 0x00000000ca800000| Untracked 
| 169|0x00000000ca900000, 0x00000000caa00000, 0x00000000caa00000|100%| O|  |TAMS 0x00000000ca900000| PB 0x00000000ca900000| Untracked 
| 170|0x00000000caa00000, 0x00000000cab00000, 0x00000000cab00000|100%| O|  |TAMS 0x00000000caa00000| PB 0x00000000caa00000| Untracked 
| 171|0x00000000cab00000, 0x00000000cac00000, 0x00000000cac00000|100%| O|  |TAMS 0x00000000cab00000| PB 0x00000000cab00000| Untracked 
| 172|0x00000000cac00000, 0x00000000cad00000, 0x00000000cad00000|100%| O|  |TAMS 0x00000000cac00000| PB 0x00000000cac00000| Untracked 
| 173|0x00000000cad00000, 0x00000000cae00000, 0x00000000cae00000|100%| O|  |TAMS 0x00000000cad00000| PB 0x00000000cad00000| Untracked 
| 174|0x00000000cae00000, 0x00000000caf00000, 0x00000000caf00000|100%| O|  |TAMS 0x00000000cae00000| PB 0x00000000cae00000| Untracked 
| 175|0x00000000caf00000, 0x00000000cb000000, 0x00000000cb000000|100%| O|  |TAMS 0x00000000caf00000| PB 0x00000000caf00000| Untracked 
| 176|0x00000000cb000000, 0x00000000cb100000, 0x00000000cb100000|100%| O|  |TAMS 0x00000000cb000000| PB 0x00000000cb000000| Untracked 
| 177|0x00000000cb100000, 0x00000000cb200000, 0x00000000cb200000|100%| O|  |TAMS 0x00000000cb100000| PB 0x00000000cb100000| Untracked 
| 178|0x00000000cb200000, 0x00000000cb300000, 0x00000000cb300000|100%| O|  |TAMS 0x00000000cb200000| PB 0x00000000cb200000| Untracked 
| 179|0x00000000cb300000, 0x00000000cb400000, 0x00000000cb400000|100%| O|  |TAMS 0x00000000cb300000| PB 0x00000000cb300000| Untracked 
| 180|0x00000000cb400000, 0x00000000cb500000, 0x00000000cb500000|100%| S|CS|TAMS 0x00000000cb400000| PB 0x00000000cb400000| Complete 
| 181|0x00000000cb500000, 0x00000000cb600000, 0x00000000cb600000|100%| S|CS|TAMS 0x00000000cb500000| PB 0x00000000cb500000| Complete 
| 182|0x00000000cb600000, 0x00000000cb700000, 0x00000000cb700000|100%| S|CS|TAMS 0x00000000cb600000| PB 0x00000000cb600000| Complete 
| 183|0x00000000cb700000, 0x00000000cb800000, 0x00000000cb800000|100%| S|CS|TAMS 0x00000000cb700000| PB 0x00000000cb700000| Complete 
| 184|0x00000000cb800000, 0x00000000cb900000, 0x00000000cb900000|100%| S|CS|TAMS 0x00000000cb800000| PB 0x00000000cb800000| Complete 
| 185|0x00000000cb900000, 0x00000000cba00000, 0x00000000cba00000|100%| S|CS|TAMS 0x00000000cb900000| PB 0x00000000cb900000| Complete 
| 186|0x00000000cba00000, 0x00000000cbb00000, 0x00000000cbb00000|100%| S|CS|TAMS 0x00000000cba00000| PB 0x00000000cba00000| Complete 
| 187|0x00000000cbb00000, 0x00000000cbc00000, 0x00000000cbc00000|100%| S|CS|TAMS 0x00000000cbb00000| PB 0x00000000cbb00000| Complete 
| 188|0x00000000cbc00000, 0x00000000cbd00000, 0x00000000cbd00000|100%| S|CS|TAMS 0x00000000cbc00000| PB 0x00000000cbc00000| Complete 
| 189|0x00000000cbd00000, 0x00000000cbe00000, 0x00000000cbe00000|100%| S|CS|TAMS 0x00000000cbd00000| PB 0x00000000cbd00000| Complete 
| 190|0x00000000cbe00000, 0x00000000cbf00000, 0x00000000cbf00000|100%| S|CS|TAMS 0x00000000cbe00000| PB 0x00000000cbe00000| Complete 
| 191|0x00000000cbf00000, 0x00000000cc000000, 0x00000000cc000000|100%| S|CS|TAMS 0x00000000cbf00000| PB 0x00000000cbf00000| Complete 
| 192|0x00000000cc000000, 0x00000000cc100000, 0x00000000cc100000|100%| S|CS|TAMS 0x00000000cc000000| PB 0x00000000cc000000| Complete 
| 193|0x00000000cc100000, 0x00000000cc200000, 0x00000000cc200000|100%| S|CS|TAMS 0x00000000cc100000| PB 0x00000000cc100000| Complete 
| 194|0x00000000cc200000, 0x00000000cc300000, 0x00000000cc300000|100%| S|CS|TAMS 0x00000000cc200000| PB 0x00000000cc200000| Complete 
| 195|0x00000000cc300000, 0x00000000cc400000, 0x00000000cc400000|100%| S|CS|TAMS 0x00000000cc300000| PB 0x00000000cc300000| Complete 
| 196|0x00000000cc400000, 0x00000000cc500000, 0x00000000cc500000|100%| S|CS|TAMS 0x00000000cc400000| PB 0x00000000cc400000| Complete 
| 197|0x00000000cc500000, 0x00000000cc600000, 0x00000000cc600000|100%| S|CS|TAMS 0x00000000cc500000| PB 0x00000000cc500000| Complete 
| 198|0x00000000cc600000, 0x00000000cc600000, 0x00000000cc700000|  0%| F|  |TAMS 0x00000000cc600000| PB 0x00000000cc600000| Untracked 
| 199|0x00000000cc700000, 0x00000000cc700000, 0x00000000cc800000|  0%| F|  |TAMS 0x00000000cc700000| PB 0x00000000cc700000| Untracked 
| 200|0x00000000cc800000, 0x00000000cc800000, 0x00000000cc900000|  0%| F|  |TAMS 0x00000000cc800000| PB 0x00000000cc800000| Untracked 
| 201|0x00000000cc900000, 0x00000000cc900000, 0x00000000cca00000|  0%| F|  |TAMS 0x00000000cc900000| PB 0x00000000cc900000| Untracked 
| 202|0x00000000cca00000, 0x00000000cca00000, 0x00000000ccb00000|  0%| F|  |TAMS 0x00000000cca00000| PB 0x00000000cca00000| Untracked 
| 203|0x00000000ccb00000, 0x00000000ccb00000, 0x00000000ccc00000|  0%| F|  |TAMS 0x00000000ccb00000| PB 0x00000000ccb00000| Untracked 
| 204|0x00000000ccc00000, 0x00000000ccc00000, 0x00000000ccd00000|  0%| F|  |TAMS 0x00000000ccc00000| PB 0x00000000ccc00000| Untracked 
| 205|0x00000000ccd00000, 0x00000000ccd00000, 0x00000000cce00000|  0%| F|  |TAMS 0x00000000ccd00000| PB 0x00000000ccd00000| Untracked 
| 206|0x00000000cce00000, 0x00000000cce00000, 0x00000000ccf00000|  0%| F|  |TAMS 0x00000000cce00000| PB 0x00000000cce00000| Untracked 
| 207|0x00000000ccf00000, 0x00000000ccf00000, 0x00000000cd000000|  0%| F|  |TAMS 0x00000000ccf00000| PB 0x00000000ccf00000| Untracked 
| 208|0x00000000cd000000, 0x00000000cd000000, 0x00000000cd100000|  0%| F|  |TAMS 0x00000000cd000000| PB 0x00000000cd000000| Untracked 
| 209|0x00000000cd100000, 0x00000000cd100000, 0x00000000cd200000|  0%| F|  |TAMS 0x00000000cd100000| PB 0x00000000cd100000| Untracked 
| 210|0x00000000cd200000, 0x00000000cd200000, 0x00000000cd300000|  0%| F|  |TAMS 0x00000000cd200000| PB 0x00000000cd200000| Untracked 
| 211|0x00000000cd300000, 0x00000000cd300000, 0x00000000cd400000|  0%| F|  |TAMS 0x00000000cd300000| PB 0x00000000cd300000| Untracked 
| 212|0x00000000cd400000, 0x00000000cd400000, 0x00000000cd500000|  0%| F|  |TAMS 0x00000000cd400000| PB 0x00000000cd400000| Untracked 
| 213|0x00000000cd500000, 0x00000000cd500000, 0x00000000cd600000|  0%| F|  |TAMS 0x00000000cd500000| PB 0x00000000cd500000| Untracked 
| 214|0x00000000cd600000, 0x00000000cd600000, 0x00000000cd700000|  0%| F|  |TAMS 0x00000000cd600000| PB 0x00000000cd600000| Untracked 
| 215|0x00000000cd700000, 0x00000000cd700000, 0x00000000cd800000|  0%| F|  |TAMS 0x00000000cd700000| PB 0x00000000cd700000| Untracked 
| 216|0x00000000cd800000, 0x00000000cd800000, 0x00000000cd900000|  0%| F|  |TAMS 0x00000000cd800000| PB 0x00000000cd800000| Untracked 
| 217|0x00000000cd900000, 0x00000000cd900000, 0x00000000cda00000|  0%| F|  |TAMS 0x00000000cd900000| PB 0x00000000cd900000| Untracked 
| 218|0x00000000cda00000, 0x00000000cda00000, 0x00000000cdb00000|  0%| F|  |TAMS 0x00000000cda00000| PB 0x00000000cda00000| Untracked 
| 219|0x00000000cdb00000, 0x00000000cdb00000, 0x00000000cdc00000|  0%| F|  |TAMS 0x00000000cdb00000| PB 0x00000000cdb00000| Untracked 
| 220|0x00000000cdc00000, 0x00000000cdc00000, 0x00000000cdd00000|  0%| F|  |TAMS 0x00000000cdc00000| PB 0x00000000cdc00000| Untracked 
| 221|0x00000000cdd00000, 0x00000000cdd00000, 0x00000000cde00000|  0%| F|  |TAMS 0x00000000cdd00000| PB 0x00000000cdd00000| Untracked 
| 222|0x00000000cde00000, 0x00000000cde00000, 0x00000000cdf00000|  0%| F|  |TAMS 0x00000000cde00000| PB 0x00000000cde00000| Untracked 
| 223|0x00000000cdf00000, 0x00000000cdf00000, 0x00000000ce000000|  0%| F|  |TAMS 0x00000000cdf00000| PB 0x00000000cdf00000| Untracked 
| 224|0x00000000ce000000, 0x00000000ce000000, 0x00000000ce100000|  0%| F|  |TAMS 0x00000000ce000000| PB 0x00000000ce000000| Untracked 
| 225|0x00000000ce100000, 0x00000000ce100000, 0x00000000ce200000|  0%| F|  |TAMS 0x00000000ce100000| PB 0x00000000ce100000| Untracked 
| 226|0x00000000ce200000, 0x00000000ce200000, 0x00000000ce300000|  0%| F|  |TAMS 0x00000000ce200000| PB 0x00000000ce200000| Untracked 
| 227|0x00000000ce300000, 0x00000000ce300000, 0x00000000ce400000|  0%| F|  |TAMS 0x00000000ce300000| PB 0x00000000ce300000| Untracked 
| 228|0x00000000ce400000, 0x00000000ce400000, 0x00000000ce500000|  0%| F|  |TAMS 0x00000000ce400000| PB 0x00000000ce400000| Untracked 
| 229|0x00000000ce500000, 0x00000000ce500000, 0x00000000ce600000|  0%| F|  |TAMS 0x00000000ce500000| PB 0x00000000ce500000| Untracked 
| 230|0x00000000ce600000, 0x00000000ce600000, 0x00000000ce700000|  0%| F|  |TAMS 0x00000000ce600000| PB 0x00000000ce600000| Untracked 
| 231|0x00000000ce700000, 0x00000000ce700000, 0x00000000ce800000|  0%| F|  |TAMS 0x00000000ce700000| PB 0x00000000ce700000| Untracked 
| 232|0x00000000ce800000, 0x00000000ce800000, 0x00000000ce900000|  0%| F|  |TAMS 0x00000000ce800000| PB 0x00000000ce800000| Untracked 
| 233|0x00000000ce900000, 0x00000000ce900000, 0x00000000cea00000|  0%| F|  |TAMS 0x00000000ce900000| PB 0x00000000ce900000| Untracked 
| 234|0x00000000cea00000, 0x00000000cea00000, 0x00000000ceb00000|  0%| F|  |TAMS 0x00000000cea00000| PB 0x00000000cea00000| Untracked 
| 235|0x00000000ceb00000, 0x00000000ceb00000, 0x00000000cec00000|  0%| F|  |TAMS 0x00000000ceb00000| PB 0x00000000ceb00000| Untracked 
| 236|0x00000000cec00000, 0x00000000cec00000, 0x00000000ced00000|  0%| F|  |TAMS 0x00000000cec00000| PB 0x00000000cec00000| Untracked 
| 237|0x00000000ced00000, 0x00000000ced00000, 0x00000000cee00000|  0%| F|  |TAMS 0x00000000ced00000| PB 0x00000000ced00000| Untracked 
| 238|0x00000000cee00000, 0x00000000cee00000, 0x00000000cef00000|  0%| F|  |TAMS 0x00000000cee00000| PB 0x00000000cee00000| Untracked 
| 239|0x00000000cef00000, 0x00000000cef00000, 0x00000000cf000000|  0%| F|  |TAMS 0x00000000cef00000| PB 0x00000000cef00000| Untracked 
| 240|0x00000000cf000000, 0x00000000cf000000, 0x00000000cf100000|  0%| F|  |TAMS 0x00000000cf000000| PB 0x00000000cf000000| Untracked 
| 241|0x00000000cf100000, 0x00000000cf100000, 0x00000000cf200000|  0%| F|  |TAMS 0x00000000cf100000| PB 0x00000000cf100000| Untracked 
| 242|0x00000000cf200000, 0x00000000cf200000, 0x00000000cf300000|  0%| F|  |TAMS 0x00000000cf200000| PB 0x00000000cf200000| Untracked 
| 243|0x00000000cf300000, 0x00000000cf300000, 0x00000000cf400000|  0%| F|  |TAMS 0x00000000cf300000| PB 0x00000000cf300000| Untracked 
| 244|0x00000000cf400000, 0x00000000cf400000, 0x00000000cf500000|  0%| F|  |TAMS 0x00000000cf400000| PB 0x00000000cf400000| Untracked 
| 245|0x00000000cf500000, 0x00000000cf500000, 0x00000000cf600000|  0%| F|  |TAMS 0x00000000cf500000| PB 0x00000000cf500000| Untracked 
| 246|0x00000000cf600000, 0x00000000cf600000, 0x00000000cf700000|  0%| F|  |TAMS 0x00000000cf600000| PB 0x00000000cf600000| Untracked 
| 247|0x00000000cf700000, 0x00000000cf700000, 0x00000000cf800000|  0%| F|  |TAMS 0x00000000cf700000| PB 0x00000000cf700000| Untracked 
| 248|0x00000000cf800000, 0x00000000cf800000, 0x00000000cf900000|  0%| F|  |TAMS 0x00000000cf800000| PB 0x00000000cf800000| Untracked 
| 249|0x00000000cf900000, 0x00000000cf900000, 0x00000000cfa00000|  0%| F|  |TAMS 0x00000000cf900000| PB 0x00000000cf900000| Untracked 
| 250|0x00000000cfa00000, 0x00000000cfa00000, 0x00000000cfb00000|  0%| F|  |TAMS 0x00000000cfa00000| PB 0x00000000cfa00000| Untracked 
| 251|0x00000000cfb00000, 0x00000000cfb00000, 0x00000000cfc00000|  0%| F|  |TAMS 0x00000000cfb00000| PB 0x00000000cfb00000| Untracked 
| 252|0x00000000cfc00000, 0x00000000cfc00000, 0x00000000cfd00000|  0%| F|  |TAMS 0x00000000cfc00000| PB 0x00000000cfc00000| Untracked 
| 253|0x00000000cfd00000, 0x00000000cfd00000, 0x00000000cfe00000|  0%| F|  |TAMS 0x00000000cfd00000| PB 0x00000000cfd00000| Untracked 
| 254|0x00000000cfe00000, 0x00000000cfe00000, 0x00000000cff00000|  0%| F|  |TAMS 0x00000000cfe00000| PB 0x00000000cfe00000| Untracked 
| 255|0x00000000cff00000, 0x00000000cff00000, 0x00000000d0000000|  0%| F|  |TAMS 0x00000000cff00000| PB 0x00000000cff00000| Untracked 
| 256|0x00000000d0000000, 0x00000000d0000000, 0x00000000d0100000|  0%| F|  |TAMS 0x00000000d0000000| PB 0x00000000d0000000| Untracked 
| 257|0x00000000d0100000, 0x00000000d0100000, 0x00000000d0200000|  0%| F|  |TAMS 0x00000000d0100000| PB 0x00000000d0100000| Untracked 
| 258|0x00000000d0200000, 0x00000000d0200000, 0x00000000d0300000|  0%| F|  |TAMS 0x00000000d0200000| PB 0x00000000d0200000| Untracked 
| 259|0x00000000d0300000, 0x00000000d0300000, 0x00000000d0400000|  0%| F|  |TAMS 0x00000000d0300000| PB 0x00000000d0300000| Untracked 
| 260|0x00000000d0400000, 0x00000000d0400000, 0x00000000d0500000|  0%| F|  |TAMS 0x00000000d0400000| PB 0x00000000d0400000| Untracked 
| 261|0x00000000d0500000, 0x00000000d0500000, 0x00000000d0600000|  0%| F|  |TAMS 0x00000000d0500000| PB 0x00000000d0500000| Untracked 
| 262|0x00000000d0600000, 0x00000000d0600000, 0x00000000d0700000|  0%| F|  |TAMS 0x00000000d0600000| PB 0x00000000d0600000| Untracked 
| 263|0x00000000d0700000, 0x00000000d0700000, 0x00000000d0800000|  0%| F|  |TAMS 0x00000000d0700000| PB 0x00000000d0700000| Untracked 
| 264|0x00000000d0800000, 0x00000000d0800000, 0x00000000d0900000|  0%| F|  |TAMS 0x00000000d0800000| PB 0x00000000d0800000| Untracked 
| 265|0x00000000d0900000, 0x00000000d0900000, 0x00000000d0a00000|  0%| F|  |TAMS 0x00000000d0900000| PB 0x00000000d0900000| Untracked 
| 266|0x00000000d0a00000, 0x00000000d0a00000, 0x00000000d0b00000|  0%| F|  |TAMS 0x00000000d0a00000| PB 0x00000000d0a00000| Untracked 
| 267|0x00000000d0b00000, 0x00000000d0b00000, 0x00000000d0c00000|  0%| F|  |TAMS 0x00000000d0b00000| PB 0x00000000d0b00000| Untracked 
| 268|0x00000000d0c00000, 0x00000000d0c00000, 0x00000000d0d00000|  0%| F|  |TAMS 0x00000000d0c00000| PB 0x00000000d0c00000| Untracked 
| 269|0x00000000d0d00000, 0x00000000d0d00000, 0x00000000d0e00000|  0%| F|  |TAMS 0x00000000d0d00000| PB 0x00000000d0d00000| Untracked 
| 270|0x00000000d0e00000, 0x00000000d0e00000, 0x00000000d0f00000|  0%| F|  |TAMS 0x00000000d0e00000| PB 0x00000000d0e00000| Untracked 
| 271|0x00000000d0f00000, 0x00000000d0f00000, 0x00000000d1000000|  0%| F|  |TAMS 0x00000000d0f00000| PB 0x00000000d0f00000| Untracked 
| 272|0x00000000d1000000, 0x00000000d1000000, 0x00000000d1100000|  0%| F|  |TAMS 0x00000000d1000000| PB 0x00000000d1000000| Untracked 
| 273|0x00000000d1100000, 0x00000000d1100000, 0x00000000d1200000|  0%| F|  |TAMS 0x00000000d1100000| PB 0x00000000d1100000| Untracked 
| 274|0x00000000d1200000, 0x00000000d1200000, 0x00000000d1300000|  0%| F|  |TAMS 0x00000000d1200000| PB 0x00000000d1200000| Untracked 
| 275|0x00000000d1300000, 0x00000000d1300000, 0x00000000d1400000|  0%| F|  |TAMS 0x00000000d1300000| PB 0x00000000d1300000| Untracked 
| 276|0x00000000d1400000, 0x00000000d1400000, 0x00000000d1500000|  0%| F|  |TAMS 0x00000000d1400000| PB 0x00000000d1400000| Untracked 
| 277|0x00000000d1500000, 0x00000000d1500000, 0x00000000d1600000|  0%| F|  |TAMS 0x00000000d1500000| PB 0x00000000d1500000| Untracked 
| 278|0x00000000d1600000, 0x00000000d1600000, 0x00000000d1700000|  0%| F|  |TAMS 0x00000000d1600000| PB 0x00000000d1600000| Untracked 
| 279|0x00000000d1700000, 0x00000000d1700000, 0x00000000d1800000|  0%| F|  |TAMS 0x00000000d1700000| PB 0x00000000d1700000| Untracked 
| 280|0x00000000d1800000, 0x00000000d1800000, 0x00000000d1900000|  0%| F|  |TAMS 0x00000000d1800000| PB 0x00000000d1800000| Untracked 
| 281|0x00000000d1900000, 0x00000000d1900000, 0x00000000d1a00000|  0%| F|  |TAMS 0x00000000d1900000| PB 0x00000000d1900000| Untracked 
| 282|0x00000000d1a00000, 0x00000000d1a00000, 0x00000000d1b00000|  0%| F|  |TAMS 0x00000000d1a00000| PB 0x00000000d1a00000| Untracked 
| 283|0x00000000d1b00000, 0x00000000d1b00000, 0x00000000d1c00000|  0%| F|  |TAMS 0x00000000d1b00000| PB 0x00000000d1b00000| Untracked 
| 284|0x00000000d1c00000, 0x00000000d1c00000, 0x00000000d1d00000|  0%| F|  |TAMS 0x00000000d1c00000| PB 0x00000000d1c00000| Untracked 
| 285|0x00000000d1d00000, 0x00000000d1d00000, 0x00000000d1e00000|  0%| F|  |TAMS 0x00000000d1d00000| PB 0x00000000d1d00000| Untracked 
| 286|0x00000000d1e00000, 0x00000000d1e00000, 0x00000000d1f00000|  0%| F|  |TAMS 0x00000000d1e00000| PB 0x00000000d1e00000| Untracked 
| 287|0x00000000d1f00000, 0x00000000d1f00000, 0x00000000d2000000|  0%| F|  |TAMS 0x00000000d1f00000| PB 0x00000000d1f00000| Untracked 
| 288|0x00000000d2000000, 0x00000000d2000000, 0x00000000d2100000|  0%| F|  |TAMS 0x00000000d2000000| PB 0x00000000d2000000| Untracked 
| 289|0x00000000d2100000, 0x00000000d2100000, 0x00000000d2200000|  0%| F|  |TAMS 0x00000000d2100000| PB 0x00000000d2100000| Untracked 
| 290|0x00000000d2200000, 0x00000000d2200000, 0x00000000d2300000|  0%| F|  |TAMS 0x00000000d2200000| PB 0x00000000d2200000| Untracked 
| 291|0x00000000d2300000, 0x00000000d2300000, 0x00000000d2400000|  0%| F|  |TAMS 0x00000000d2300000| PB 0x00000000d2300000| Untracked 
| 292|0x00000000d2400000, 0x00000000d2400000, 0x00000000d2500000|  0%| F|  |TAMS 0x00000000d2400000| PB 0x00000000d2400000| Untracked 
| 293|0x00000000d2500000, 0x00000000d2500000, 0x00000000d2600000|  0%| F|  |TAMS 0x00000000d2500000| PB 0x00000000d2500000| Untracked 
| 294|0x00000000d2600000, 0x00000000d2600000, 0x00000000d2700000|  0%| F|  |TAMS 0x00000000d2600000| PB 0x00000000d2600000| Untracked 
| 295|0x00000000d2700000, 0x00000000d2700000, 0x00000000d2800000|  0%| F|  |TAMS 0x00000000d2700000| PB 0x00000000d2700000| Untracked 
| 296|0x00000000d2800000, 0x00000000d2800000, 0x00000000d2900000|  0%| F|  |TAMS 0x00000000d2800000| PB 0x00000000d2800000| Untracked 
| 297|0x00000000d2900000, 0x00000000d2900000, 0x00000000d2a00000|  0%| F|  |TAMS 0x00000000d2900000| PB 0x00000000d2900000| Untracked 
| 298|0x00000000d2a00000, 0x00000000d2a8f988, 0x00000000d2b00000| 56%| E|  |TAMS 0x00000000d2a00000| PB 0x00000000d2a00000| Complete 
| 299|0x00000000d2b00000, 0x00000000d2c00000, 0x00000000d2c00000|100%| E|CS|TAMS 0x00000000d2b00000| PB 0x00000000d2b00000| Complete 
| 300|0x00000000d2c00000, 0x00000000d2d00000, 0x00000000d2d00000|100%| E|CS|TAMS 0x00000000d2c00000| PB 0x00000000d2c00000| Complete 
| 301|0x00000000d2d00000, 0x00000000d2e00000, 0x00000000d2e00000|100%| E|CS|TAMS 0x00000000d2d00000| PB 0x00000000d2d00000| Complete 
| 302|0x00000000d2e00000, 0x00000000d2f00000, 0x00000000d2f00000|100%| E|CS|TAMS 0x00000000d2e00000| PB 0x00000000d2e00000| Complete 
| 303|0x00000000d2f00000, 0x00000000d3000000, 0x00000000d3000000|100%| E|CS|TAMS 0x00000000d2f00000| PB 0x00000000d2f00000| Complete 
| 304|0x00000000d3000000, 0x00000000d3100000, 0x00000000d3100000|100%| E|CS|TAMS 0x00000000d3000000| PB 0x00000000d3000000| Complete 
| 305|0x00000000d3100000, 0x00000000d3200000, 0x00000000d3200000|100%| E|CS|TAMS 0x00000000d3100000| PB 0x00000000d3100000| Complete 
| 306|0x00000000d3200000, 0x00000000d3300000, 0x00000000d3300000|100%| E|CS|TAMS 0x00000000d3200000| PB 0x00000000d3200000| Complete 
| 307|0x00000000d3300000, 0x00000000d3400000, 0x00000000d3400000|100%| E|CS|TAMS 0x00000000d3300000| PB 0x00000000d3300000| Complete 
| 308|0x00000000d3400000, 0x00000000d3500000, 0x00000000d3500000|100%| E|CS|TAMS 0x00000000d3400000| PB 0x00000000d3400000| Complete 
| 309|0x00000000d3500000, 0x00000000d3600000, 0x00000000d3600000|100%| E|CS|TAMS 0x00000000d3500000| PB 0x00000000d3500000| Complete 
| 310|0x00000000d3600000, 0x00000000d3700000, 0x00000000d3700000|100%| E|CS|TAMS 0x00000000d3600000| PB 0x00000000d3600000| Complete 
| 311|0x00000000d3700000, 0x00000000d3800000, 0x00000000d3800000|100%| E|CS|TAMS 0x00000000d3700000| PB 0x00000000d3700000| Complete 
| 312|0x00000000d3800000, 0x00000000d3900000, 0x00000000d3900000|100%| E|CS|TAMS 0x00000000d3800000| PB 0x00000000d3800000| Complete 
| 313|0x00000000d3900000, 0x00000000d3a00000, 0x00000000d3a00000|100%| E|CS|TAMS 0x00000000d3900000| PB 0x00000000d3900000| Complete 
| 314|0x00000000d3a00000, 0x00000000d3b00000, 0x00000000d3b00000|100%| E|CS|TAMS 0x00000000d3a00000| PB 0x00000000d3a00000| Complete 
| 315|0x00000000d3b00000, 0x00000000d3c00000, 0x00000000d3c00000|100%| E|CS|TAMS 0x00000000d3b00000| PB 0x00000000d3b00000| Complete 
| 316|0x00000000d3c00000, 0x00000000d3d00000, 0x00000000d3d00000|100%| E|CS|TAMS 0x00000000d3c00000| PB 0x00000000d3c00000| Complete 
| 317|0x00000000d3d00000, 0x00000000d3e00000, 0x00000000d3e00000|100%| E|CS|TAMS 0x00000000d3d00000| PB 0x00000000d3d00000| Complete 
| 318|0x00000000d3e00000, 0x00000000d3f00000, 0x00000000d3f00000|100%| E|CS|TAMS 0x00000000d3e00000| PB 0x00000000d3e00000| Complete 
| 319|0x00000000d3f00000, 0x00000000d4000000, 0x00000000d4000000|100%| E|CS|TAMS 0x00000000d3f00000| PB 0x00000000d3f00000| Complete 
| 320|0x00000000d4000000, 0x00000000d4100000, 0x00000000d4100000|100%| E|CS|TAMS 0x00000000d4000000| PB 0x00000000d4000000| Complete 
| 321|0x00000000d4100000, 0x00000000d4200000, 0x00000000d4200000|100%| E|CS|TAMS 0x00000000d4100000| PB 0x00000000d4100000| Complete 
| 322|0x00000000d4200000, 0x00000000d4300000, 0x00000000d4300000|100%| E|CS|TAMS 0x00000000d4200000| PB 0x00000000d4200000| Complete 
| 323|0x00000000d4300000, 0x00000000d4400000, 0x00000000d4400000|100%| E|CS|TAMS 0x00000000d4300000| PB 0x00000000d4300000| Complete 
| 324|0x00000000d4400000, 0x00000000d4500000, 0x00000000d4500000|100%| S|CS|TAMS 0x00000000d4400000| PB 0x00000000d4400000| Complete 
|1019|0x00000000ffb00000, 0x00000000ffb51460, 0x00000000ffc00000| 31%| O|  |TAMS 0x00000000ffb00000| PB 0x00000000ffb00000| Untracked 
|1020|0x00000000ffc00000, 0x00000000ffd00000, 0x00000000ffd00000|100%| O|  |TAMS 0x00000000ffc00000| PB 0x00000000ffc00000| Untracked 
|1021|0x00000000ffd00000, 0x00000000ffe00000, 0x00000000ffe00000|100%| E|CS|TAMS 0x00000000ffd00000| PB 0x00000000ffd00000| Complete 
|1022|0x00000000ffe00000, 0x00000000fff00000, 0x00000000fff00000|100%| E|CS|TAMS 0x00000000ffe00000| PB 0x00000000ffe00000| Complete 
|1023|0x00000000fff00000, 0x0000000100000000, 0x0000000100000000|100%| O|  |TAMS 0x00000000fff00000| PB 0x00000000fff00000| Untracked 

Card table byte_map: [0x00000279680e0000,0x00000279682e0000] _byte_map_base: 0x0000027967ae0000

Marking Bits: (CMBitMap*) 0x000002794427d090
 Bits: [0x00000279682e0000, 0x00000279692e0000)

Polling page: 0x0000027942010000

Metaspace:

Usage:
  Non-class:     90.17 MB used.
      Class:     14.85 MB used.
       Both:    105.02 MB used.

Virtual space:
  Non-class space:      128.00 MB reserved,      91.44 MB ( 71%) committed,  2 nodes.
      Class space:        1.00 GB reserved,      16.06 MB (  2%) committed,  1 nodes.
             Both:        1.12 GB reserved,     107.50 MB (  9%) committed. 

Chunk freelists:
   Non-Class:  4.48 MB
       Class:  15.88 MB
        Both:  20.36 MB

MaxMetaspaceSize: 2.00 GB
CompressedClassSpaceSize: 1.00 GB
Initial GC threshold: 21.00 MB
Current GC threshold: 127.19 MB
CDS: on
 - commit_granule_bytes: 65536.
 - commit_granule_words: 8192.
 - virtual_space_node_default_size: 8388608.
 - enlarge_chunks_in_place: 1.
 - use_allocation_guard: 0.


Internal statistics:

num_allocs_failed_limit: 6.
num_arena_births: 4766.
num_arena_deaths: 2.
num_vsnodes_births: 3.
num_vsnodes_deaths: 0.
num_space_committed: 1718.
num_space_uncommitted: 0.
num_chunks_returned_to_freelist: 9.
num_chunks_taken_from_freelist: 9775.
num_chunk_merges: 6.
num_chunk_splits: 6514.
num_chunks_enlarged: 4149.
num_inconsistent_stats: 0.

CodeHeap 'non-profiled nmethods': size=258432Kb used=6593Kb max_used=6593Kb free=251838Kb
 bounds [0x00000279577d0000, 0x0000027957e50000, 0x0000027967430000]
CodeHeap 'profiled nmethods': size=258368Kb used=22956Kb max_used=22956Kb free=235411Kb
 bounds [0x0000027947430000, 0x0000027948aa0000, 0x0000027957080000]
CodeHeap 'non-nmethods': size=7488Kb used=3886Kb max_used=4469Kb free=3602Kb
 bounds [0x0000027957080000, 0x00000279574f0000, 0x00000279577d0000]
CodeCache: size=524288Kb, used=33435Kb, max_used=34018Kb, free=490851Kb
 total_blobs=12961, nmethods=11944, adapters=919, full_count=0
Compilation: enabled, stopped_count=0, restarted_count=0

Compilation events (20 events):
Event: 33.348 Thread 0x0000027977bf95f0 nmethod 13633 0x0000027948a95290 code [0x0000027948a954e0, 0x0000027948a95dd8]
Event: 33.348 Thread 0x0000027977bf6640 13636       3       org.jetbrains.kotlin.it.unimi.dsi.fastutil.ints.Int2ObjectOpenHashMap::insert (63 bytes)
Event: 33.348 Thread 0x000002796c27f2c0 13637       3       java.security.SecureClassLoader::defineClass (16 bytes)
Event: 33.349 Thread 0x000002796c27f2c0 nmethod 13637 0x0000027948a96190 code [0x0000027948a96340, 0x0000027948a964e8]
Event: 33.349 Thread 0x0000027977bf6640 nmethod 13636 0x0000027948a96610 code [0x0000027948a967e0, 0x0000027948a96c38]
Event: 33.349 Thread 0x0000027977bf95f0 13638       3       java.lang.StringConcatHelper::newString (67 bytes)
Event: 33.349 Thread 0x0000027977bf95f0 nmethod 13638 0x0000027948a96e10 code [0x0000027948a97080, 0x0000027948a97a28]
Event: 33.349 Thread 0x0000027977bf6640 13639       3       java.util.concurrent.atomic.AtomicInteger::getAndIncrement (12 bytes)
Event: 33.349 Thread 0x0000027977bf6640 nmethod 13639 0x0000027948a97d90 code [0x0000027948a97f20, 0x0000027948a98038]
Event: 33.351 Thread 0x0000027977bf6640 13640   !   3       org.jetbrains.kotlin.com.intellij.openapi.util.Key::<init> (58 bytes)
Event: 33.351 Thread 0x0000027977bf95f0 13641       3       org.jetbrains.kotlin.com.intellij.util.containers.IntKeyWeakValueHashMap::put (49 bytes)
Event: 33.351 Thread 0x000002796c27f2c0 13642       3       org.jetbrains.kotlin.com.intellij.util.containers.IntKeyWeakValueHashMap::processQueue (35 bytes)
Event: 33.351 Thread 0x000002796c27f2c0 nmethod 13642 0x0000027948a98110 code [0x0000027948a982e0, 0x0000027948a98770]
Event: 33.351 Thread 0x000002796c27f2c0 13643       3       org.jetbrains.kotlin.com.intellij.util.containers.IntKeyWeakValueHashMap$MyReference::<init> (8 bytes)
Event: 33.351 Thread 0x0000027977bf6640 nmethod 13640 0x0000027948a98910 code [0x0000027948a98b00, 0x0000027948a98ee8]
Event: 33.351 Thread 0x0000027977bf6640 13644       3       org.jetbrains.kotlin.com.intellij.util.containers.IntKeyWeakValueHashMap$MyReference::<init> (20 bytes)
Event: 33.351 Thread 0x000002796c27f2c0 nmethod 13643 0x0000027948a99090 code [0x0000027948a99260, 0x0000027948a996a0]
Event: 33.351 Thread 0x0000027977bf95f0 nmethod 13641 0x0000027948a99810 code [0x0000027948a99a80, 0x0000027948a9a5e8]
Event: 33.351 Thread 0x0000027977bf6640 nmethod 13644 0x0000027948a9aa10 code [0x0000027948a9abe0, 0x0000027948a9afa8]
Event: 33.351 Thread 0x0000027977bf73e0 13645       4       jdk.internal.loader.BuiltinClassLoader::loadClassOrNull (7 bytes)

GC Heap History (20 events):
Event: 28.585 GC heap before
{Heap before GC invocations=30 (full 0):
 garbage-first heap   total 111616K, used 99337K [0x00000000c0000000, 0x0000000100000000)
  region size 1024K, 31 young (31744K), 4 survivors (4096K)
 Metaspace       used 75365K, committed 77504K, reserved 1179648K
  class space    used 10969K, committed 12032K, reserved 1048576K
}
Event: 28.588 GC heap after
{Heap after GC invocations=31 (full 0):
 garbage-first heap   total 111616K, used 74298K [0x00000000c0000000, 0x0000000100000000)
  region size 1024K, 4 young (4096K), 4 survivors (4096K)
 Metaspace       used 75365K, committed 77504K, reserved 1179648K
  class space    used 10969K, committed 12032K, reserved 1048576K
}
Event: 28.671 GC heap before
{Heap before GC invocations=32 (full 0):
 garbage-first heap   total 126976K, used 99898K [0x00000000c0000000, 0x0000000100000000)
  region size 1024K, 30 young (30720K), 4 survivors (4096K)
 Metaspace       used 75965K, committed 78080K, reserved 1179648K
  class space    used 11145K, committed 12224K, reserved 1048576K
}
Event: 28.674 GC heap after
{Heap after GC invocations=33 (full 0):
 garbage-first heap   total 126976K, used 77679K [0x00000000c0000000, 0x0000000100000000)
  region size 1024K, 4 young (4096K), 4 survivors (4096K)
 Metaspace       used 75965K, committed 78080K, reserved 1179648K
  class space    used 11145K, committed 12224K, reserved 1048576K
}
Event: 28.733 GC heap before
{Heap before GC invocations=33 (full 0):
 garbage-first heap   total 126976K, used 113519K [0x00000000c0000000, 0x0000000100000000)
  region size 1024K, 39 young (39936K), 4 survivors (4096K)
 Metaspace       used 75973K, committed 78144K, reserved 1179648K
  class space    used 11145K, committed 12224K, reserved 1048576K
}
Event: 28.739 GC heap after
{Heap after GC invocations=34 (full 0):
 garbage-first heap   total 129024K, used 85508K [0x00000000c0000000, 0x0000000100000000)
  region size 1024K, 5 young (5120K), 5 survivors (5120K)
 Metaspace       used 75973K, committed 78144K, reserved 1179648K
  class space    used 11145K, committed 12224K, reserved 1048576K
}
Event: 28.794 GC heap before
{Heap before GC invocations=34 (full 0):
 garbage-first heap   total 129024K, used 114180K [0x00000000c0000000, 0x0000000100000000)
  region size 1024K, 33 young (33792K), 5 survivors (5120K)
 Metaspace       used 75974K, committed 78144K, reserved 1179648K
  class space    used 11145K, committed 12224K, reserved 1048576K
}
Event: 28.800 GC heap after
{Heap after GC invocations=35 (full 0):
 garbage-first heap   total 129024K, used 93296K [0x00000000c0000000, 0x0000000100000000)
  region size 1024K, 5 young (5120K), 5 survivors (5120K)
 Metaspace       used 75974K, committed 78144K, reserved 1179648K
  class space    used 11145K, committed 12224K, reserved 1048576K
}
Event: 28.862 GC heap before
{Heap before GC invocations=36 (full 0):
 garbage-first heap   total 157696K, used 113776K [0x00000000c0000000, 0x0000000100000000)
  region size 1024K, 26 young (26624K), 5 survivors (5120K)
 Metaspace       used 76024K, committed 78144K, reserved 1179648K
  class space    used 11156K, committed 12224K, reserved 1048576K
}
Event: 28.867 GC heap after
{Heap after GC invocations=37 (full 0):
 garbage-first heap   total 157696K, used 99845K [0x00000000c0000000, 0x0000000100000000)
  region size 1024K, 4 young (4096K), 4 survivors (4096K)
 Metaspace       used 76024K, committed 78144K, reserved 1179648K
  class space    used 11156K, committed 12224K, reserved 1048576K
}
Event: 28.943 GC heap before
{Heap before GC invocations=37 (full 0):
 garbage-first heap   total 157696K, used 133637K [0x00000000c0000000, 0x0000000100000000)
  region size 1024K, 38 young (38912K), 4 survivors (4096K)
 Metaspace       used 76059K, committed 78208K, reserved 1179648K
  class space    used 11156K, committed 12224K, reserved 1048576K
}
Event: 28.949 GC heap after
{Heap after GC invocations=38 (full 0):
 garbage-first heap   total 157696K, used 108742K [0x00000000c0000000, 0x0000000100000000)
  region size 1024K, 5 young (5120K), 5 survivors (5120K)
 Metaspace       used 76059K, committed 78208K, reserved 1179648K
  class space    used 11156K, committed 12224K, reserved 1048576K
}
Event: 28.999 GC heap before
{Heap before GC invocations=38 (full 0):
 garbage-first heap   total 157696K, used 136390K [0x00000000c0000000, 0x0000000100000000)
  region size 1024K, 33 young (33792K), 5 survivors (5120K)
 Metaspace       used 76088K, committed 78272K, reserved 1179648K
  class space    used 11156K, committed 12224K, reserved 1048576K
}
Event: 29.004 GC heap after
{Heap after GC invocations=39 (full 0):
 garbage-first heap   total 335872K, used 114058K [0x00000000c0000000, 0x0000000100000000)
  region size 1024K, 5 young (5120K), 5 survivors (5120K)
 Metaspace       used 76088K, committed 78272K, reserved 1179648K
  class space    used 11156K, committed 12224K, reserved 1048576K
}
Event: 29.792 GC heap before
{Heap before GC invocations=40 (full 0):
 garbage-first heap   total 335872K, used 264586K [0x00000000c0000000, 0x0000000100000000)
  region size 1024K, 148 young (151552K), 5 survivors (5120K)
 Metaspace       used 77615K, committed 79808K, reserved 1179648K
  class space    used 11313K, committed 12416K, reserved 1048576K
}
Event: 29.800 GC heap after
{Heap after GC invocations=41 (full 0):
 garbage-first heap   total 335872K, used 130703K [0x00000000c0000000, 0x0000000100000000)
  region size 1024K, 17 young (17408K), 17 survivors (17408K)
 Metaspace       used 77615K, committed 79808K, reserved 1179648K
  class space    used 11313K, committed 12416K, reserved 1048576K
}
Event: 31.351 GC heap before
{Heap before GC invocations=41 (full 0):
 garbage-first heap   total 335872K, used 294543K [0x00000000c0000000, 0x0000000100000000)
  region size 1024K, 161 young (164864K), 17 survivors (17408K)
 Metaspace       used 95038K, committed 97280K, reserved 1179648K
  class space    used 13841K, committed 14912K, reserved 1048576K
}
Event: 31.363 GC heap after
{Heap after GC invocations=42 (full 0):
 garbage-first heap   total 335872K, used 158228K [0x00000000c0000000, 0x0000000100000000)
  region size 1024K, 19 young (19456K), 19 survivors (19456K)
 Metaspace       used 95038K, committed 97280K, reserved 1179648K
  class space    used 13841K, committed 14912K, reserved 1048576K
}
Event: 32.121 GC heap before
{Heap before GC invocations=42 (full 0):
 garbage-first heap   total 335872K, used 295444K [0x00000000c0000000, 0x0000000100000000)
  region size 1024K, 146 young (149504K), 19 survivors (19456K)
 Metaspace       used 104409K, committed 106688K, reserved 1179648K
  class space    used 14761K, committed 15872K, reserved 1048576K
}
Event: 32.133 GC heap after
{Heap after GC invocations=43 (full 0):
 garbage-first heap   total 337920K, used 176453K [0x00000000c0000000, 0x0000000100000000)
  region size 1024K, 19 young (19456K), 19 survivors (19456K)
 Metaspace       used 104409K, committed 106688K, reserved 1179648K
  class space    used 14761K, committed 15872K, reserved 1048576K
}

Dll operation events (14 events):
Event: 0.016 Loaded shared library C:\Users\berro\.vscode\extensions\redhat.java-1.55.0-win32-x64\jre\21.0.11-win32-x86_64\bin\java.dll
Event: 0.104 Loaded shared library C:\Users\berro\.vscode\extensions\redhat.java-1.55.0-win32-x64\jre\21.0.11-win32-x86_64\bin\zip.dll
Event: 0.159 Loaded shared library C:\Users\berro\.vscode\extensions\redhat.java-1.55.0-win32-x64\jre\21.0.11-win32-x86_64\bin\instrument.dll
Event: 0.167 Loaded shared library C:\Users\berro\.vscode\extensions\redhat.java-1.55.0-win32-x64\jre\21.0.11-win32-x86_64\bin\net.dll
Event: 0.171 Loaded shared library C:\Users\berro\.vscode\extensions\redhat.java-1.55.0-win32-x64\jre\21.0.11-win32-x86_64\bin\nio.dll
Event: 0.175 Loaded shared library C:\Users\berro\.vscode\extensions\redhat.java-1.55.0-win32-x64\jre\21.0.11-win32-x86_64\bin\zip.dll
Event: 0.433 Loaded shared library C:\Users\berro\.vscode\extensions\redhat.java-1.55.0-win32-x64\jre\21.0.11-win32-x86_64\bin\jimage.dll
Event: 0.572 Loaded shared library C:\Users\berro\.vscode\extensions\redhat.java-1.55.0-win32-x64\jre\21.0.11-win32-x86_64\bin\verify.dll
Event: 0.695 Loaded shared library C:\Users\berro\.gradle\native\1def1411415f61bf3af743bc5b6707747c0891f09f0c88961ee8f79bc544acac\windows-amd64\native-platform.dll
Event: 0.709 Loaded shared library C:\Users\berro\.gradle\native\0.2.7\x86_64-windows-gnu\gradle-fileevents.dll
Event: 1.782 Loaded shared library C:\Users\berro\.vscode\extensions\redhat.java-1.55.0-win32-x64\jre\21.0.11-win32-x86_64\bin\management.dll
Event: 1.785 Loaded shared library C:\Users\berro\.vscode\extensions\redhat.java-1.55.0-win32-x64\jre\21.0.11-win32-x86_64\bin\management_ext.dll
Event: 1.895 Loaded shared library C:\Users\berro\.vscode\extensions\redhat.java-1.55.0-win32-x64\jre\21.0.11-win32-x86_64\bin\extnet.dll
Event: 2.128 Loaded shared library C:\Users\berro\.vscode\extensions\redhat.java-1.55.0-win32-x64\jre\21.0.11-win32-x86_64\bin\sunmscapi.dll

Deoptimization events (20 events):
Event: 32.311 Thread 0x00000279720efdb0 Uncommon trap: trap_request=0xffffff45 fr.pc=0x00000279579c41d4 relative=0x0000000000000474
Event: 32.311 Thread 0x00000279720efdb0 Uncommon trap: reason=unstable_if action=reinterpret pc=0x00000279579c41d4 method=java.lang.String.getBytesNoRepl1(Ljava/lang/String;Ljava/nio/charset/Charset;)[B @ 18 c2
Event: 32.311 Thread 0x00000279720efdb0 DEOPT PACKING pc=0x00000279579c41d4 sp=0x000000bb3bfedda0
Event: 32.311 Thread 0x00000279720efdb0 DEOPT UNPACKING pc=0x00000279570d4422 sp=0x000000bb3bfedc00 mode 2
Event: 32.311 Thread 0x00000279720efdb0 Uncommon trap: trap_request=0xffffff45 fr.pc=0x0000027957a87f00 relative=0x0000000000000240
Event: 32.311 Thread 0x00000279720efdb0 Uncommon trap: reason=unstable_if action=reinterpret pc=0x0000027957a87f00 method=sun.net.www.ParseUtil.firstEncodeIndex(Ljava/lang/String;)I @ 27 c2
Event: 32.311 Thread 0x00000279720efdb0 DEOPT PACKING pc=0x0000027957a87f00 sp=0x000000bb3bfede50
Event: 32.311 Thread 0x00000279720efdb0 DEOPT UNPACKING pc=0x00000279570d4422 sp=0x000000bb3bfedd00 mode 2
Event: 32.311 Thread 0x00000279720efdb0 Uncommon trap: trap_request=0xffffff45 fr.pc=0x00000279578c1fc4 relative=0x0000000000001f04
Event: 32.311 Thread 0x00000279720efdb0 Uncommon trap: reason=unstable_if action=reinterpret pc=0x00000279578c1fc4 method=java.lang.String.indexOf(II)I @ 4 c2
Event: 32.311 Thread 0x00000279720efdb0 DEOPT PACKING pc=0x00000279578c1fc4 sp=0x000000bb3bfedd90
Event: 32.311 Thread 0x00000279720efdb0 DEOPT UNPACKING pc=0x00000279570d4422 sp=0x000000bb3bfedb50 mode 2
Event: 32.311 Thread 0x00000279720efdb0 Uncommon trap: trap_request=0xffffff45 fr.pc=0x0000027957a83df8 relative=0x0000000000001138
Event: 32.311 Thread 0x00000279720efdb0 Uncommon trap: reason=unstable_if action=reinterpret pc=0x0000027957a83df8 method=java.lang.String.lastIndexOf(II)I @ 4 c2
Event: 32.311 Thread 0x00000279720efdb0 DEOPT PACKING pc=0x0000027957a83df8 sp=0x000000bb3bfedc60
Event: 32.311 Thread 0x00000279720efdb0 DEOPT UNPACKING pc=0x00000279570d4422 sp=0x000000bb3bfedb18 mode 2
Event: 33.351 Thread 0x00000279720efdb0 Uncommon trap: trap_request=0xffffff45 fr.pc=0x0000027957e32570 relative=0x0000000000000cd0
Event: 33.351 Thread 0x00000279720efdb0 Uncommon trap: reason=unstable_if action=reinterpret pc=0x0000027957e32570 method=sun.invoke.util.VerifyType.isNullType(Ljava/lang/Class;)Z @ 3 c2
Event: 33.351 Thread 0x00000279720efdb0 DEOPT PACKING pc=0x0000027957e32570 sp=0x000000bb3bff45d0
Event: 33.351 Thread 0x00000279720efdb0 DEOPT UNPACKING pc=0x00000279570d4422 sp=0x000000bb3bff44a8 mode 2

Classes loaded (20 events):
Event: 31.081 Loading class java/nio/charset/UnsupportedCharsetException
Event: 31.081 Loading class java/nio/charset/UnsupportedCharsetException done
Event: 31.081 Loading class sun/nio/cs/UTF_32BE
Event: 31.082 Loading class sun/nio/cs/UTF_32BE done
Event: 31.082 Loading class sun/nio/cs/UTF_32LE
Event: 31.082 Loading class sun/nio/cs/UTF_32LE done
Event: 31.082 Loading class sun/nio/cs/MS1251
Event: 31.082 Loading class sun/nio/cs/MS1251 done
Event: 31.213 Loading class java/beans/PropertyChangeSupport
Event: 31.213 Loading class java/beans/PropertyChangeSupport done
Event: 31.213 Loading class java/beans/PropertyChangeSupport$PropertyChangeListenerMap
Event: 31.213 Loading class java/beans/ChangeListenerMap
Event: 31.213 Loading class java/beans/ChangeListenerMap done
Event: 31.213 Loading class java/beans/PropertyChangeSupport$PropertyChangeListenerMap done
Event: 31.487 Loading class java/util/regex/Pattern$Bound
Event: 31.487 Loading class java/util/regex/Pattern$Bound done
Event: 31.487 Loading class java/util/regex/Pattern$LookBehindEndNode
Event: 31.487 Loading class java/util/regex/Pattern$LookBehindEndNode done
Event: 31.487 Loading class java/util/regex/Pattern$NotBehind
Event: 31.487 Loading class java/util/regex/Pattern$NotBehind done

Classes unloaded (1 events):
Event: 9.959 Thread 0x000002796c242390 Unloading class 0x0000027901804400 'java/lang/invoke/LambdaForm$DMH+0x0000027901804400'

Classes redefined (0 events):
No events

Internal exceptions (20 events):
Event: 30.625 Thread 0x00000279720efdb0 Exception <a 'java/lang/NoSuchMethodError'{0x00000000d0a81ec0}: 'int java.lang.invoke.DelegatingMethodHandle$Holder.reinvoke_L(java.lang.Object, java.lang.Object, java.lang.Object, long, long, long)'> (0x00000000d0a81ec0) 
thrown [s\src\hotspot\share\interpreter\linkResolver.cpp, line 773]
Event: 30.625 Thread 0x00000279720efdb0 Exception <a 'java/lang/NoSuchMethodError'{0x00000000d0a90dd8}: 'int java.lang.invoke.DelegatingMethodHandle$Holder.reinvoke_L(java.lang.Object, java.lang.Object, java.lang.Object, long, int)'> (0x00000000d0a90dd8) 
thrown [s\src\hotspot\share\interpreter\linkResolver.cpp, line 773]
Event: 30.626 Thread 0x00000279720efdb0 Exception <a 'java/lang/NoSuchMethodError'{0x00000000d0aa6eb8}: 'void java.lang.invoke.DelegatingMethodHandle$Holder.reinvoke_L(java.lang.Object, java.lang.Object, java.lang.Object, long, java.lang.Object, long, long)'> (0x00000000d0aa6eb8) 
thrown [s\src\hotspot\share\interpreter\linkResolver.cpp, line 773]
Event: 30.627 Thread 0x00000279720efdb0 Exception <a 'java/lang/NoSuchMethodError'{0x00000000d0aaea80}: 'long java.lang.invoke.Invokers$Holder.invokeExact_MT(java.lang.Object, java.lang.Object, java.lang.Object)'> (0x00000000d0aaea80) 
thrown [s\src\hotspot\share\interpreter\linkResolver.cpp, line 773]
Event: 30.627 Thread 0x00000279720efdb0 Exception <a 'java/lang/NoSuchMethodError'{0x00000000d0ab3558}: 'int java.lang.invoke.Invokers$Holder.invokeExact_MT(java.lang.Object, java.lang.Object, java.lang.Object)'> (0x00000000d0ab3558) 
thrown [s\src\hotspot\share\interpreter\linkResolver.cpp, line 773]
Event: 30.965 Thread 0x00000279720efdb0 Exception <a 'java/lang/NoSuchMethodError'{0x00000000cebc8eb8}: 'java.lang.Object java.lang.invoke.DirectMethodHandle$Holder.invokeStatic(java.lang.Object, java.lang.Object, java.lang.Object, java.lang.Object, int, java.lang.Object)'> (0x00000000cebc8eb8) 
thrown [s\src\hotspot\share\interpreter\linkResolver.cpp, line 773]
Event: 30.977 Thread 0x00000279720efdb0 Exception <a 'java/lang/NoSuchMethodError'{0x00000000ceac3f78}: 'long java.lang.invoke.DirectMethodHandle$Holder.invokeStatic(java.lang.Object, java.lang.Object, int)'> (0x00000000ceac3f78) 
thrown [s\src\hotspot\share\interpreter\linkResolver.cpp, line 773]
Event: 30.977 Thread 0x00000279720efdb0 Exception <a 'java/lang/NoSuchMethodError'{0x00000000cead06c8}: 'java.lang.Object java.lang.invoke.DelegatingMethodHandle$Holder.reinvoke_L(java.lang.Object, int, long, java.lang.Object, java.lang.Object, int, java.lang.Object)'> (0x00000000cead06c8) 
thrown [s\src\hotspot\share\interpreter\linkResolver.cpp, line 773]
Event: 31.169 Thread 0x00000279720efdb0 Exception <a 'java/lang/NoSuchMethodError'{0x00000000cd8337f8}: 'java.lang.Object java.lang.invoke.Invokers$Holder.invokeExact_MT(java.lang.Object, java.lang.Object, long, java.lang.Object)'> (0x00000000cd8337f8) 
thrown [s\src\hotspot\share\interpreter\linkResolver.cpp, line 773]
Event: 31.171 Thread 0x00000279720efdb0 Exception <a 'java/lang/NoSuchMethodError'{0x00000000cd8476c0}: 'void java.lang.invoke.Invokers$Holder.invokeExact_MT(java.lang.Object, java.lang.Object, long, java.lang.Object, java.lang.Object)'> (0x00000000cd8476c0) 
thrown [s\src\hotspot\share\interpreter\linkResolver.cpp, line 773]
Event: 31.386 Thread 0x00000279720efdb0 Implicit null exception at 0x0000027957dc7653 to 0x0000027957dc9648
Event: 32.192 Thread 0x00000279720efdb0 Exception <a 'java/lang/NoSuchMethodError'{0x00000000d3f5ddc8}: 'java.lang.Object java.lang.invoke.DirectMethodHandle$Holder.newInvokeSpecial(java.lang.Object, java.lang.Object, java.lang.Object, java.lang.Object, java.lang.Object, java.lang.Object, java.lang.Object, java.lang.Object, java.lang.Object, java.lang.Object, java.lang.Object, java.lang.Object, java.lang.Object, java.lang.Object)'> (0x00000000d3f5ddc8) 
thrown [s\src\hotspot\share\interpreter\linkResolver.cpp, line 773]
Event: 32.199 Thread 0x00000279720efdb0 Exception <a 'java/lang/NoSuchMethodError'{0x00000000d3e81670}: 'java.lang.Object java.lang.invoke.DirectMethodHandle$Holder.newInvokeSpecial(java.lang.Object, java.lang.Object, java.lang.Object, java.lang.Object, java.lang.Object, java.lang.Object, java.lang.Object, java.lang.Object, java.lang.Object, java.lang.Object, java.lang.Object, java.lang.Object, java.lang.Object, java.lang.Object, java.lang.Object, java.lang.Object, java.lang.Object, java.lang.Object, java.lang.Object, java.lang.Object, java.lang
Event: 32.199 Thread 0x00000279720efdb0 Exception <a 'java/lang/NoSuchMethodError'{0x00000000d3e88e20}: 'java.lang.Object java.lang.invoke.DelegatingMethodHandle$Holder.reinvoke_L(java.lang.Object, java.lang.Object, java.lang.Object, java.lang.Object, java.lang.Object, java.lang.Object, java.lang.Object, java.lang.Object, java.lang.Object, java.lang.Object, java.lang.Object, java.lang.Object, java.lang.Object, java.lang.Object, java.lang.Object, java.lang.Object, java.lang.Object, java.lang.Object, java.lang.Object, java.lang.Object, java.lang.O
Event: 32.208 Thread 0x00000279720efdb0 Exception <a 'java/lang/NoSuchMethodError'{0x00000000d3cf5308}: 'java.lang.Object java.lang.invoke.DirectMethodHandle$Holder.newInvokeSpecial(java.lang.Object, java.lang.Object, java.lang.Object, java.lang.Object, java.lang.Object, java.lang.Object, java.lang.Object, java.lang.Object, java.lang.Object, java.lang.Object, java.lang.Object, java.lang.Object, java.lang.Object, java.lang.Object, java.lang.Object, java.lang.Object, java.lang.Object, java.lang.Object, java.lang.Object, java.lang.Object)'> (0x0000
Event: 32.208 Thread 0x00000279720efdb0 Exception <a 'java/lang/NoSuchMethodError'{0x00000000d3cfc9f8}: 'java.lang.Object java.lang.invoke.DirectMethodHandle$Holder.invokeSpecial(java.lang.Object, java.lang.Object, java.lang.Object, java.lang.Object, java.lang.Object, java.lang.Object, java.lang.Object, java.lang.Object, java.lang.Object, java.lang.Object, java.lang.Object, java.lang.Object, java.lang.Object, java.lang.Object, java.lang.Object, java.lang.Object, java.lang.Object, java.lang.Object, java.lang.Object, java.lang.Object, java.lang.Ob
Event: 32.208 Thread 0x00000279720efdb0 Exception <a 'java/lang/NoSuchMethodError'{0x00000000d3b02f38}: 'java.lang.Object java.lang.invoke.DelegatingMethodHandle$Holder.reinvoke_L(java.lang.Object, java.lang.Object, java.lang.Object, java.lang.Object, java.lang.Object, java.lang.Object, java.lang.Object, java.lang.Object, java.lang.Object, java.lang.Object, java.lang.Object, java.lang.Object, java.lang.Object, java.lang.Object, java.lang.Object, java.lang.Object, java.lang.Object, java.lang.Object, java.lang.Object, java.lang.Object)'> (0x000000
Event: 32.266 Thread 0x00000279720efdb0 Exception <a 'java/lang/NoSuchMethodError'{0x00000000d3348ac8}: 'java.lang.Object java.lang.invoke.DirectMethodHandle$Holder.newInvokeSpecial(java.lang.Object, java.lang.Object, java.lang.Object, java.lang.Object, java.lang.Object, java.lang.Object, java.lang.Object, java.lang.Object, java.lang.Object, java.lang.Object, java.lang.Object, java.lang.Object, java.lang.Object, java.lang.Object, java.lang.Object, java.lang.Object, java.lang.Object, java.lang.Object)'> (0x00000000d3348ac8) 
thrown [s\src\hotspot
Event: 32.266 Thread 0x00000279720efdb0 Exception <a 'java/lang/NoSuchMethodError'{0x00000000d334fb20}: 'java.lang.Object java.lang.invoke.DirectMethodHandle$Holder.invokeSpecial(java.lang.Object, java.lang.Object, java.lang.Object, java.lang.Object, java.lang.Object, java.lang.Object, java.lang.Object, java.lang.Object, java.lang.Object, java.lang.Object, java.lang.Object, java.lang.Object, java.lang.Object, java.lang.Object, java.lang.Object, java.lang.Object, java.lang.Object, java.lang.Object, java.lang.Object)'> (0x00000000d334fb20) 
thrown
Event: 32.266 Thread 0x00000279720efdb0 Exception <a 'java/lang/NoSuchMethodError'{0x00000000d33559e8}: 'java.lang.Object java.lang.invoke.DelegatingMethodHandle$Holder.reinvoke_L(java.lang.Object, java.lang.Object, java.lang.Object, java.lang.Object, java.lang.Object, java.lang.Object, java.lang.Object, java.lang.Object, java.lang.Object, java.lang.Object, java.lang.Object, java.lang.Object, java.lang.Object, java.lang.Object, java.lang.Object, java.lang.Object, java.lang.Object, java.lang.Object)'> (0x00000000d33559e8) 
thrown [s\src\hotspot\s

ZGC Phase Switch (0 events):
No events

VM Operations (20 events):
Event: 30.668 Executing non-safepoint VM operation: HandshakeAllThreads (Deoptimize)
Event: 30.668 Executing non-safepoint VM operation: HandshakeAllThreads (Deoptimize) done
Event: 30.994 Executing non-safepoint VM operation: HandshakeAllThreads (Deoptimize)
Event: 30.994 Executing non-safepoint VM operation: HandshakeAllThreads (Deoptimize) done
Event: 30.994 Executing safepoint VM operation: Cleanup
Event: 30.995 Executing safepoint VM operation: Cleanup done
Event: 31.131 Executing non-safepoint VM operation: HandshakeAllThreads (Deoptimize)
Event: 31.131 Executing non-safepoint VM operation: HandshakeAllThreads (Deoptimize) done
Event: 31.208 Executing non-safepoint VM operation: HandshakeAllThreads (Deoptimize)
Event: 31.209 Executing non-safepoint VM operation: HandshakeAllThreads (Deoptimize) done
Event: 31.317 Executing non-safepoint VM operation: HandshakeAllThreads (Deoptimize)
Event: 31.317 Executing non-safepoint VM operation: HandshakeAllThreads (Deoptimize) done
Event: 31.351 Executing safepoint VM operation: G1CollectForAllocation (G1 Evacuation Pause)
Event: 31.363 Executing safepoint VM operation: G1CollectForAllocation (G1 Evacuation Pause) done
Event: 32.121 Executing safepoint VM operation: G1CollectForAllocation (G1 Evacuation Pause)
Event: 32.133 Executing safepoint VM operation: G1CollectForAllocation (G1 Evacuation Pause) done
Event: 33.140 Executing safepoint VM operation: Cleanup
Event: 33.140 Executing safepoint VM operation: Cleanup done
Event: 34.152 Executing safepoint VM operation: Cleanup
Event: 34.153 Executing safepoint VM operation: Cleanup done

Memory protections (0 events):
No events

Nmethod flushes (20 events):
Event: 29.068 Thread 0x000002796c242390 flushing  nmethod 0x000002794750fb90
Event: 29.068 Thread 0x000002796c242390 flushing  nmethod 0x0000027947c85b10
Event: 29.068 Thread 0x000002796c242390 flushing  nmethod 0x00000279578b0210
Event: 29.068 Thread 0x000002796c242390 flushing  nmethod 0x0000027957b19a10
Event: 29.068 Thread 0x000002796c242390 flushing  nmethod 0x0000027947616510
Event: 29.068 Thread 0x000002796c242390 flushing  nmethod 0x00000279477a1190
Event: 29.068 Thread 0x000002796c242390 flushing  nmethod 0x00000279477a3990
Event: 29.068 Thread 0x000002796c242390 flushing  nmethod 0x0000027947e95d90
Event: 29.068 Thread 0x000002796c242390 flushing  nmethod 0x0000027957ac9710
Event: 29.068 Thread 0x000002796c242390 flushing  nmethod 0x0000027957ad0290
Event: 29.068 Thread 0x000002796c242390 flushing  nmethod 0x0000027957c4d390
Event: 29.068 Thread 0x000002796c242390 flushing  nmethod 0x000002794762bd10
Event: 29.068 Thread 0x000002796c242390 flushing  nmethod 0x0000027947902110
Event: 29.068 Thread 0x000002796c242390 flushing  nmethod 0x0000027947ba2190
Event: 29.068 Thread 0x000002796c242390 flushing  nmethod 0x0000027947f6a410
Event: 29.068 Thread 0x000002796c242390 flushing  nmethod 0x00000279476a1390
Event: 29.068 Thread 0x000002796c242390 flushing  nmethod 0x000002794775fe10
Event: 29.068 Thread 0x000002796c242390 flushing  nmethod 0x00000279478e2e90
Event: 29.068 Thread 0x000002796c242390 flushing osr nmethod 0x0000027947de9a90
Event: 29.068 Thread 0x000002796c242390 flushing  nmethod 0x00000279485c2410

Events (20 events):
Event: 28.532 Thread 0x00000279720efdb0 Thread added: 0x0000027977ccb240
Event: 28.532 Thread 0x00000279720efdb0 Thread added: 0x0000027977cc9800
Event: 28.533 Thread 0x00000279720efdb0 Thread added: 0x0000027977cc7dc0
Event: 28.533 Thread 0x00000279720efdb0 Thread added: 0x0000027977ccb8d0
Event: 28.533 Thread 0x00000279720efdb0 Thread added: 0x0000027977ccbf60
Event: 28.534 Thread 0x00000279720efdb0 Thread added: 0x0000027977cc8ae0
Event: 29.830 Thread 0x0000027977bf73e0 Thread exited: 0x0000027977bf73e0
Event: 30.047 Thread 0x00000279720efdb0 Thread added: 0x00000279755a41b0
Event: 30.247 Thread 0x0000027977bf8f20 Thread exited: 0x0000027977bf8f20
Event: 30.372 Thread 0x0000027977bf6d10 Thread added: 0x0000027977bf9cc0
Event: 30.796 Thread 0x0000027977bf9cc0 Thread exited: 0x0000027977bf9cc0
Event: 30.811 Thread 0x0000027977bf6d10 Thread exited: 0x0000027977bf6d10
Event: 31.015 Thread 0x0000027977bf6640 Thread added: 0x0000027977bf9cc0
Event: 31.159 Thread 0x0000027977bf9cc0 Thread exited: 0x0000027977bf9cc0
Event: 31.197 Thread 0x0000027977bf6640 Thread added: 0x0000027977bf9cc0
Event: 31.619 Thread 0x0000027977bf9cc0 Thread exited: 0x0000027977bf9cc0
Event: 31.689 Thread 0x000002796c27f2c0 Thread added: 0x0000027977bf73e0
Event: 31.887 Thread 0x0000027977bf73e0 Thread exited: 0x0000027977bf73e0
Event: 31.893 Thread 0x000002796c27f2c0 Thread added: 0x0000027977bf73e0
Event: 32.828 Thread 0x0000027977bf5f70 Thread exited: 0x0000027977bf5f70


Dynamic libraries:
0x00007ff743a10000 - 0x00007ff743a1e000 	C:\Users\berro\.vscode\extensions\redhat.java-1.55.0-win32-x64\jre\21.0.11-win32-x86_64\bin\java.exe
0x00007ff9d4be0000 - 0x00007ff9d4e46000 	C:\WINDOWS\SYSTEM32\ntdll.dll
0x00007ff9d3db0000 - 0x00007ff9d3e79000 	C:\WINDOWS\System32\KERNEL32.DLL
0x00007ff9d20e0000 - 0x00007ff9d24df000 	C:\WINDOWS\System32\KERNELBASE.dll
0x00007ff9ce7d0000 - 0x00007ff9ce86f000 	C:\WINDOWS\SYSTEM32\apphelp.dll
0x00007ff9d2580000 - 0x00007ff9d26cc000 	C:\WINDOWS\System32\ucrtbase.dll
0x00007ff9c4720000 - 0x00007ff9c4738000 	C:\Users\berro\.vscode\extensions\redhat.java-1.55.0-win32-x64\jre\21.0.11-win32-x86_64\bin\jli.dll
0x00007ff9d38e0000 - 0x00007ff9d3aa6000 	C:\WINDOWS\System32\USER32.dll
0x00007ff9c01b0000 - 0x00007ff9c01ce000 	C:\Users\berro\.vscode\extensions\redhat.java-1.55.0-win32-x64\jre\21.0.11-win32-x86_64\bin\VCRUNTIME140.dll
0x00007ff9d1df0000 - 0x00007ff9d1e17000 	C:\WINDOWS\System32\win32u.dll
0x00007ff9d4030000 - 0x00007ff9d405b000 	C:\WINDOWS\System32\GDI32.dll
0x00007ff9d1e20000 - 0x00007ff9d1f49000 	C:\WINDOWS\System32\gdi32full.dll
0x00007ff9d2860000 - 0x00007ff9d2903000 	C:\WINDOWS\System32\msvcp_win.dll
0x00007ff9859d0000 - 0x00007ff985c61000 	C:\WINDOWS\WinSxS\amd64_microsoft.windows.common-controls_6595b64144ccf1df_6.0.26100.8972_none_3e0da176e32f9d4b\COMCTL32.dll
0x00007ff9d4630000 - 0x00007ff9d46d9000 	C:\WINDOWS\System32\msvcrt.dll
0x00007ff9d3110000 - 0x00007ff9d3142000 	C:\WINDOWS\System32\IMM32.DLL
0x00007ff9cc330000 - 0x00007ff9cc33c000 	C:\Users\berro\.vscode\extensions\redhat.java-1.55.0-win32-x64\jre\21.0.11-win32-x86_64\bin\vcruntime140_1.dll
0x00007ff9afab0000 - 0x00007ff9afb3d000 	C:\Users\berro\.vscode\extensions\redhat.java-1.55.0-win32-x64\jre\21.0.11-win32-x86_64\bin\msvcp140.dll
0x00007ff95bf80000 - 0x00007ff95cd22000 	C:\Users\berro\.vscode\extensions\redhat.java-1.55.0-win32-x64\jre\21.0.11-win32-x86_64\bin\server\jvm.dll
0x00007ff9d2910000 - 0x00007ff9d29cc000 	C:\WINDOWS\System32\ADVAPI32.dll
0x00007ff9d4080000 - 0x00007ff9d412a000 	C:\WINDOWS\System32\sechost.dll
0x00007ff9d3c90000 - 0x00007ff9d3da8000 	C:\WINDOWS\System32\RPCRT4.dll
0x00007ff9d4130000 - 0x00007ff9d41b2000 	C:\WINDOWS\System32\WS2_32.dll
0x00007ff9d1c50000 - 0x00007ff9d1cae000 	C:\WINDOWS\SYSTEM32\POWRPROF.dll
0x00007ff9c6210000 - 0x00007ff9c6246000 	C:\WINDOWS\SYSTEM32\WINMM.dll
0x00007ff9c9e10000 - 0x00007ff9c9e1b000 	C:\WINDOWS\SYSTEM32\VERSION.dll
0x00007ff9d1c30000 - 0x00007ff9d1c45000 	C:\WINDOWS\SYSTEM32\UMPDC.dll
0x00007ff9d0aa0000 - 0x00007ff9d0abb000 	C:\WINDOWS\SYSTEM32\kernel.appcore.dll
0x00007ff9cc2e0000 - 0x00007ff9cc2ea000 	C:\Users\berro\.vscode\extensions\redhat.java-1.55.0-win32-x64\jre\21.0.11-win32-x86_64\bin\jimage.dll
0x00007ff9cf300000 - 0x00007ff9cf542000 	C:\WINDOWS\SYSTEM32\DBGHELP.DLL
0x00007ff9d42a0000 - 0x00007ff9d4625000 	C:\WINDOWS\System32\combase.dll
0x00007ff9d41c0000 - 0x00007ff9d4299000 	C:\WINDOWS\System32\OLEAUT32.dll
0x00007ff9be130000 - 0x00007ff9be16b000 	C:\WINDOWS\SYSTEM32\dbgcore.DLL
0x00007ff9d27a0000 - 0x00007ff9d284c000 	C:\WINDOWS\System32\bcryptPrimitives.dll
0x00007ff9ce760000 - 0x00007ff9ce76f000 	C:\Users\berro\.vscode\extensions\redhat.java-1.55.0-win32-x64\jre\21.0.11-win32-x86_64\bin\instrument.dll
0x00007ff9bff70000 - 0x00007ff9bff90000 	C:\Users\berro\.vscode\extensions\redhat.java-1.55.0-win32-x64\jre\21.0.11-win32-x86_64\bin\java.dll
0x00007ff9d3150000 - 0x00007ff9d38d8000 	C:\WINDOWS\System32\SHELL32.dll
0x00007ff9cf880000 - 0x00007ff9d011b000 	C:\WINDOWS\SYSTEM32\windows.storage.dll
0x00007ff9d3ab0000 - 0x00007ff9d3ba9000 	C:\WINDOWS\System32\SHCORE.dll
0x00007ff9d29e0000 - 0x00007ff9d2a46000 	C:\WINDOWS\System32\shlwapi.dll
0x00007ff9d1d10000 - 0x00007ff9d1d39000 	C:\WINDOWS\SYSTEM32\profapi.dll
0x00007ff9bfd50000 - 0x00007ff9bfd68000 	C:\Users\berro\.vscode\extensions\redhat.java-1.55.0-win32-x64\jre\21.0.11-win32-x86_64\bin\zip.dll
0x00007ff9c9b50000 - 0x00007ff9c9b60000 	C:\Users\berro\.vscode\extensions\redhat.java-1.55.0-win32-x64\jre\21.0.11-win32-x86_64\bin\net.dll
0x00007ff9ca2f0000 - 0x00007ff9ca418000 	C:\WINDOWS\SYSTEM32\WINHTTP.dll
0x00007ff9d1030000 - 0x00007ff9d109c000 	C:\WINDOWS\system32\mswsock.dll
0x00007ff9bf810000 - 0x00007ff9bf826000 	C:\Users\berro\.vscode\extensions\redhat.java-1.55.0-win32-x64\jre\21.0.11-win32-x86_64\bin\nio.dll
0x00007ff9c8a40000 - 0x00007ff9c8a50000 	C:\Users\berro\.vscode\extensions\redhat.java-1.55.0-win32-x64\jre\21.0.11-win32-x86_64\bin\verify.dll
0x00007ff9b68e0000 - 0x00007ff9b6907000 	C:\Users\berro\.gradle\native\1def1411415f61bf3af743bc5b6707747c0891f09f0c88961ee8f79bc544acac\windows-amd64\native-platform.dll
0x00007ff9aaac0000 - 0x00007ff9aab38000 	C:\Users\berro\.gradle\native\0.2.7\x86_64-windows-gnu\gradle-fileevents.dll
0x00007ff9c0370000 - 0x00007ff9c037a000 	C:\Users\berro\.vscode\extensions\redhat.java-1.55.0-win32-x64\jre\21.0.11-win32-x86_64\bin\management.dll
0x00007ff9c0120000 - 0x00007ff9c012c000 	C:\Users\berro\.vscode\extensions\redhat.java-1.55.0-win32-x64\jre\21.0.11-win32-x86_64\bin\management_ext.dll
0x00007ff9d4b30000 - 0x00007ff9d4b38000 	C:\WINDOWS\System32\PSAPI.DLL
0x00007ff9d0450000 - 0x00007ff9d0483000 	C:\WINDOWS\SYSTEM32\IPHLPAPI.DLL
0x00007ff9d4b20000 - 0x00007ff9d4b2a000 	C:\WINDOWS\System32\NSI.dll
0x00007ff9c00a0000 - 0x00007ff9c00a9000 	C:\Users\berro\.vscode\extensions\redhat.java-1.55.0-win32-x64\jre\21.0.11-win32-x86_64\bin\extnet.dll
0x00007ff9d1450000 - 0x00007ff9d146b000 	C:\WINDOWS\SYSTEM32\CRYPTSP.dll
0x00007ff9d0a00000 - 0x00007ff9d0a39000 	C:\WINDOWS\system32\rsaenh.dll
0x00007ff9d10e0000 - 0x00007ff9d1112000 	C:\WINDOWS\SYSTEM32\USERENV.dll
0x00007ff9d1ce0000 - 0x00007ff9d1d0a000 	C:\WINDOWS\SYSTEM32\bcrypt.dll
0x00007ff9d1290000 - 0x00007ff9d129c000 	C:\WINDOWS\SYSTEM32\CRYPTBASE.dll
0x00007ff9ce750000 - 0x00007ff9ce75e000 	C:\Users\berro\.vscode\extensions\redhat.java-1.55.0-win32-x64\jre\21.0.11-win32-x86_64\bin\sunmscapi.dll
0x00007ff9d1f50000 - 0x00007ff9d20ce000 	C:\WINDOWS\System32\CRYPT32.dll
0x00007ff9d15c0000 - 0x00007ff9d15f0000 	C:\WINDOWS\SYSTEM32\ncrypt.dll
0x00007ff9d1570000 - 0x00007ff9d15af000 	C:\WINDOWS\SYSTEM32\NTASN1.dll
0x00007ff9c2260000 - 0x00007ff9c2268000 	C:\WINDOWS\system32\wshunix.dll

JVMTI agents:
C:\Users\berro\.gradle\wrapper\dists\gradle-8.14-all\c2qonpi39x1mddn7hk5gh9iqj\gradle-8.14\lib\agents\gradle-instrumentation-agent-8.14.jar path:C:\Users\berro\.vscode\extensions\redhat.java-1.55.0-win32-x64\jre\21.0.11-win32-x86_64\bin\instrument.dll, loaded, initialized, instrumentlib options:none

dbghelp: loaded successfully - version: 4.0.5 - missing functions: none
symbol engine: initialized successfully - sym options: 0x614 - pdb path: .;C:\Users\berro\.vscode\extensions\redhat.java-1.55.0-win32-x64\jre\21.0.11-win32-x86_64\bin;C:\WINDOWS\SYSTEM32;C:\WINDOWS\WinSxS\amd64_microsoft.windows.common-controls_6595b64144ccf1df_6.0.26100.8972_none_3e0da176e32f9d4b;C:\Users\berro\.vscode\extensions\redhat.java-1.55.0-win32-x64\jre\21.0.11-win32-x86_64\bin\server;C:\Users\berro\.gradle\native\1def1411415f61bf3af743bc5b6707747c0891f09f0c88961ee8f79bc544acac\windows-amd64;C:\Users\berro\.gradle\native\0.2.7\x86_64-windows-gnu

VM Arguments:
jvm_args: --add-opens=java.base/java.lang=ALL-UNNAMED --add-opens=java.base/java.lang.invoke=ALL-UNNAMED --add-opens=java.base/java.util=ALL-UNNAMED --add-opens=java.prefs/java.util.prefs=ALL-UNNAMED --add-exports=jdk.compiler/com.sun.tools.javac.api=ALL-UNNAMED --add-exports=jdk.compiler/com.sun.tools.javac.util=ALL-UNNAMED --add-opens=java.base/java.util=ALL-UNNAMED --add-opens=java.prefs/java.util.prefs=ALL-UNNAMED --add-opens=java.base/java.nio.charset=ALL-UNNAMED --add-opens=java.base/java.net=ALL-UNNAMED --add-opens=java.base/java.util.concurrent.atomic=ALL-UNNAMED --add-opens=java.xml/javax.xml.namespace=ALL-UNNAMED -XX:MaxMetaspaceSize=2G -XX:ReservedCodeCacheSize=512m -XX:+HeapDumpOnOutOfMemoryError -Xmx1G -Dfile.encoding=UTF-8 -Duser.country=FR -Duser.language=fr -Duser.variant -javaagent:C:\Users\berro\.gradle\wrapper\dists\gradle-8.14-all\c2qonpi39x1mddn7hk5gh9iqj\gradle-8.14\lib\agents\gradle-instrumentation-agent-8.14.jar 
java_command: org.gradle.launcher.daemon.bootstrap.GradleDaemon 8.14
java_class_path (initial): C:\Users\berro\.gradle\wrapper\dists\gradle-8.14-all\c2qonpi39x1mddn7hk5gh9iqj\gradle-8.14\lib\gradle-daemon-main-8.14.jar
Launcher Type: SUN_STANDARD

[Global flags]
     intx CICompilerCount                          = 12                                        {product} {ergonomic}
     uint ConcGCThreads                            = 3                                         {product} {ergonomic}
     uint G1ConcRefinementThreads                  = 13                                        {product} {ergonomic}
   size_t G1HeapRegionSize                         = 1048576                                   {product} {ergonomic}
    uintx GCDrainStackTargetSize                   = 64                                        {product} {ergonomic}
     bool HeapDumpOnOutOfMemoryError               = true                                   {manageable} {command line}
   size_t InitialHeapSize                          = 262144000                                 {product} {ergonomic}
   size_t MarkStackSize                            = 4194304                                   {product} {ergonomic}
   size_t MaxHeapSize                              = 1073741824                                {product} {command line}
   size_t MaxMetaspaceSize                         = 2147483648                                {product} {command line}
   size_t MaxNewSize                               = 643825664                                 {product} {ergonomic}
   size_t MinHeapDeltaBytes                        = 1048576                                   {product} {ergonomic}
   size_t MinHeapSize                              = 8388608                                   {product} {ergonomic}
    uintx NonNMethodCodeHeapSize                   = 7602480                                {pd product} {ergonomic}
    uintx NonProfiledCodeHeapSize                  = 264634216                              {pd product} {ergonomic}
    uintx ProfiledCodeHeapSize                     = 264634216                              {pd product} {ergonomic}
    uintx ReservedCodeCacheSize                    = 536870912                              {pd product} {command line}
     bool SegmentedCodeCache                       = true                                      {product} {ergonomic}
   size_t SoftMaxHeapSize                          = 1073741824                             {manageable} {ergonomic}
     bool UseCompressedOops                        = true                           {product lp64_product} {ergonomic}
     bool UseG1GC                                  = true                                      {product} {ergonomic}
     bool UseLargePagesIndividualAllocation        = false                                  {pd product} {ergonomic}

Logging:
Log output configuration:
 #0: stdout all=warning uptime,level,tags foldmultilines=false
 #1: stderr all=off uptime,level,tags foldmultilines=false

Release file:
JAVA_VERSION="21.0.11" 
MODULES="java.base java.compiler java.datatransfer java.xml java.prefs java.desktop java.instrument java.logging java.management java.security.sasl java.naming java.rmi java.management.rmi java.net.http java.scripting java.security.jgss java.transaction.xa java.sql java.sql.rowset java.xml.crypto java.se java.smartcardio jdk.accessibility jdk.internal.jvmstat jdk.attach jdk.charsets jdk.internal.opt jdk.zipfs jdk.compiler jdk.crypto.ec jdk.crypto.cryptoki jdk.crypto.mscapi jdk.dynalink jdk.internal.ed jdk.editpad jdk.hotspot.agent jdk.httpserver jdk.internal.le jdk.internal.vm.ci jdk.internal.vm.compiler jdk.internal.vm.compiler.management jdk.jartool jdk.javadoc jdk.jcmd jdk.management jdk.management.agent jdk.jconsole jdk.jdeps jdk.jdwp.agent jdk.jdi jdk.jfr jdk.jshell jdk.jsobject jdk.jstatd jdk.localedata jdk.management.jfr jdk.naming.dns jdk.naming.rmi jdk.net jdk.nio.mapmode jdk.random jdk.sctp jdk.security.auth jdk.security.jgss jdk.unsupported jdk.unsupported.desktop jdk.xml.dom" 

Environment Variables:
PATH=C:\Python314\Scripts\;C:\Python314\;C:\Program Files\Common Files\Oracle\Java\javapath;C:\WINDOWS\system32;C:\WINDOWS;C:\WINDOWS\System32\Wbem;C:\WINDOWS\System32\WindowsPowerShell\v1.0\;C:\WINDOWS\System32\OpenSSH\;C:\Program Files\Git\cmd;C:\MinGW\bin;C:\flutter;C:\Program Files\nodejs\;C:\ProgramData\chocolatey\bin;C:\Program Files\nodejs\node_modules\npm\bin;C:\Program Files\PostgreSQL\18\bin;C:\Users\berro\AppData\Local\Programs\Python\Launcher\;C:\Users\berro\AppData\Local\Microsoft\WindowsApps;C:\Users\berro\AppData\Local\Programs\Microsoft VS Code\bin;C:\flutter\bin;C:\Users\berro\AppData\Local\Kingsoft\WPS Office\12.1.0.27458\clitool;C:\Users\berro\AppData\Roaming\npm;
USERNAME=berro
OS=Windows_NT
PROCESSOR_IDENTIFIER=Intel64 Family 6 Model 183 Stepping 1, GenuineIntel
TMP=C:\Users\berro\AppData\Local\Temp
TEMP=C:\Users\berro\AppData\Local\Temp




Periodic native trim disabled

---------------  S Y S T E M  ---------------

OS:
 Windows 11 , 64 bit Build 26100 (10.0.26100.9168)
OS uptime: 2 days 21:47 hours
Hyper-V role detected

CPU: total 16 (initial active 16) (8 cores per cpu, 2 threads per core) family 6 model 183 stepping 1 microcode 0x12b, cx8, cmov, fxsr, ht, mmx, 3dnowpref, sse, sse2, sse3, ssse3, sse4.1, sse4.2, popcnt, lzcnt, tsc, tscinvbit, avx, avx2, aes, erms, clmul, bmi1, bmi2, adx, sha, fma, vzeroupper, clflush, clflushopt, clwb, hv, serialize, rdtscp, rdpid, fsrm, f16c, cet_ibt, cet_ss
Processor Information for processor 0
  Max Mhz: 2500, Current Mhz: 2500, Mhz Limit: 2500
Processor Information for processor 1
  Max Mhz: 2500, Current Mhz: 2500, Mhz Limit: 2500
Processor Information for processor 2
  Max Mhz: 2500, Current Mhz: 2500, Mhz Limit: 2500
Processor Information for processor 3
  Max Mhz: 2500, Current Mhz: 2500, Mhz Limit: 2500
Processor Information for processor 4
  Max Mhz: 2500, Current Mhz: 2500, Mhz Limit: 2500
Processor Information for processor 5
  Max Mhz: 2500, Current Mhz: 2500, Mhz Limit: 2500
Processor Information for processor 6
  Max Mhz: 2500, Current Mhz: 2500, Mhz Limit: 2500
Processor Information for processor 7
  Max Mhz: 2500, Current Mhz: 2500, Mhz Limit: 2500
Processor Information for processor 8
  Max Mhz: 2500, Current Mhz: 2500, Mhz Limit: 2500
Processor Information for processor 9
  Max Mhz: 2500, Current Mhz: 2500, Mhz Limit: 2500
Processor Information for processor 10
  Max Mhz: 2500, Current Mhz: 2500, Mhz Limit: 2500
Processor Information for processor 11
  Max Mhz: 2500, Current Mhz: 2500, Mhz Limit: 2500
Processor Information for processor 12
  Max Mhz: 2500, Current Mhz: 1800, Mhz Limit: 1800
Processor Information for processor 13
  Max Mhz: 2500, Current Mhz: 1800, Mhz Limit: 1800
Processor Information for processor 14
  Max Mhz: 2500, Current Mhz: 1800, Mhz Limit: 1800
Processor Information for processor 15
  Max Mhz: 2500, Current Mhz: 1800, Mhz Limit: 1800

Memory: 4k page, system-wide physical 15998M (463M free)
TotalPageFile size 25990M (AvailPageFile size 1M)
current process WorkingSet (physical memory assigned to process): 648M, peak: 648M
current process commit charge ("private bytes"): 702M, peak: 704M

vm_info: OpenJDK 64-Bit Server VM (21.0.11+10-LTS) for windows-amd64 JRE (21.0.11+10-LTS), built on 2026-04-21T00:00:00Z by "admin" with MS VC++ 17.12 (VS2022)

END.
